store_id,sku_id,stock_on_hand,reorder_point,safety_stock,avg_weekly_demand,forecast_weekly_demand,risk_demand_estimate,demand_source,stockout_risk,below_safety_risk,reorder_risk,overstock_risk,final_risk_category,final_recommended_action
ST25,SKU00749,115,27,10,0.06976744186046512,,0.06976744186046512,Average Weekly Demand,False,False,False,False,Healthy / Monitor,No Immediate Action
ST06,SKU04913,0,26,9,0.1503267973856209,0.0,0.0,Seasonal-Naive Forecast,True,True,True,False,Critical Stockout,Immediate Reorder
ST13,SKU03088,0,97,40,0.3,0.0,0.0,Seasonal-Naive Forecast,True,True,True,False,Critical Stockout,Immediate Reorder
ST30,SKU04489,0,74,37,0.12804878048780488,1.0,1.0,Seasonal-Naive Forecast,True,True,True,False,Critical Stockout,Immediate Reorder
ST07,SKU02519,259,45,9,0.05357142857142857,0.0,0.0,Seasonal-Naive Forecast,False,False,False,True,Overstock Candidate,Review / Reduce Inventory
ST27,SKU01939,299,55,24,0.058823529411764705,,0.058823529411764705,Average Weekly Demand,False,False,False,False,Healthy / Monitor,No Immediate Action
ST20,SKU02983,0,77,25,0.10067114093959731,0.0,0.0,Seasonal-Naive Forecast,True,True,True,False,Critical Stockout,Immediate Reorder
ST19,SKU03633,0,81,27,0.1291866028708134,0.0,0.0,Seasonal-Naive Forecast,True,True,True,False,Critical Stockout,Immediate Reorder
ST20,SKU02057,421,74,36,1.0,,1.0,Average Weekly Demand,False,False,False,False,Healthy / Monitor,No Immediate Action
ST07,SKU01485,0,55,27,0.05263157894736842,0.0,0.0,Seasonal-Naive Forecast,True,True,True,False,Critical Stockout,Immediate Reorder
ST26,SKU04854,450,86,32,0.08823529411764706,,0.08823529411764706,Average Weekly Demand,False,False,False,False,Healthy / Monitor,No Immediate Action
ST29,SKU04105,0,83,32,0.11274509803921569,0.0,0.0,Seasonal-Naive Forecast,True,True,True,False,Critical Stockout,Immediate Reorder
ST06,SKU04350,0,92,26,0.19786096256684493,0.0,0.0,Seasonal-Naive Forecast,True,True,True,False,Critical Stockout,Immediate Reorder
ST05,SKU02930,0,23,8,0.30434782608695654,0.0,0.0,Seasonal-Naive Forecast,True,True,True,False,Critical Stockout,Immediate Reorder
ST10,SKU00830,0,87,23,0.07471264367816093,0.0,0.0,Seasonal-Naive Forecast,True,True,True,False,Critical Stockout,Immediate Reorder
ST16,SKU00500,0,22,7,0.10596026490066225,0.0,0.0,Seasonal-Naive Forecast,True,True,True,False,Critical Stockout,Immediate Reorder
ST27,SKU03254,393,73,33,3.0,,3.0,Average Weekly Demand,False,False,False,False,Healthy / Monitor,No Immediate Action
ST09,SKU02954,0,31,8,0.29411764705882354,0.0,0.0,Seasonal-Naive Forecast,True,True,True,False,Critical Stockout,Immediate Reorder
ST17,SKU01317,0,78,37,0.10270270270270271,0.0,0.0,Seasonal-Naive Forecast,True,True,True,False,Critical Stockout,Immediate Reorder
ST03,SKU01153,0,98,24,0.087248322147651,0.0,0.0,Seasonal-Naive Forecast,True,True,True,False,Critical Stockout,Immediate Reorder
ST27,SKU02449,0,24,6,0.14457831325301204,0.0,0.0,Seasonal-Naive Forecast,True,True,True,False,Critical Stockout,Immediate Reorder
ST03,SKU01274,0,36,11,0.12376237623762376,0.0,0.0,Seasonal-Naive Forecast,True,True,True,False,Critical Stockout,Immediate Reorder
ST03,SKU01045,0,89,37,0.4623115577889447,2.0,2.0,Seasonal-Naive Forecast,True,True,True,False,Critical Stockout,Immediate Reorder
ST06,SKU02740,0,64,28,0.10309278350515463,0.0,0.0,Seasonal-Naive Forecast,True,True,True,False,Critical Stockout,Immediate Reorder
ST07,SKU03150,290,51,18,0.04597701149425287,0.0,0.0,Seasonal-Naive Forecast,False,False,False,True,Overstock Candidate,Review / Reduce Inventory
ST27,SKU00584,287,70,24,0.04878048780487805,0.0,0.0,Seasonal-Naive Forecast,False,False,False,True,Overstock Candidate,Review / Reduce Inventory
ST07,SKU04318,0,77,24,0.19760479041916168,0.0,0.0,Seasonal-Naive Forecast,True,True,True,False,Critical Stockout,Immediate Reorder
ST13,SKU03840,0,82,27,0.18716577540106952,0.0,0.0,Seasonal-Naive Forecast,True,True,True,False,Critical Stockout,Immediate Reorder
ST04,SKU00758,305,83,20,0.3125,,0.3125,Average Weekly Demand,False,False,False,False,Healthy / Monitor,No Immediate Action
ST29,SKU02737,0,33,12,0.1103448275862069,0.0,0.0,Seasonal-Naive Forecast,True,True,True,False,Critical Stockout,Immediate Reorder
ST29,SKU02858,0,79,32,0.33507853403141363,0.0,0.0,Seasonal-Naive Forecast,True,True,True,False,Critical Stockout,Immediate Reorder
ST17,SKU04726,558,96,43,1.0,,1.0,Average Weekly Demand,False,False,False,False,Healthy / Monitor,No Immediate Action
ST25,SKU04321,0,68,26,5.5311004784688995,10.0,10.0,Seasonal-Naive Forecast,True,True,True,False,Critical Stockout,Immediate Reorder
ST07,SKU00251,204,46,13,0.04477611940298507,0.0,0.0,Seasonal-Naive Forecast,False,False,False,True,Overstock Candidate,Review / Reduce Inventory
ST13,SKU00002,0,47,14,0.24630541871921183,0.0,0.0,Seasonal-Naive Forecast,True,True,True,False,Critical Stockout,Immediate Reorder
ST25,SKU03274,0,94,40,0.0661764705882353,0.0,0.0,Seasonal-Naive Forecast,True,True,True,False,Critical Stockout,Immediate Reorder
ST03,SKU00845,0,72,27,0.23737373737373738,0.0,0.0,Seasonal-Naive Forecast,True,True,True,False,Critical Stockout,Immediate Reorder
ST07,SKU02950,0,94,21,0.08823529411764706,0.0,0.0,Seasonal-Naive Forecast,True,True,True,False,Critical Stockout,Immediate Reorder
ST27,SKU02141,0,60,23,0.5245098039215687,0.0,0.0,Seasonal-Naive Forecast,True,True,True,False,Critical Stockout,Immediate Reorder
ST06,SKU01264,279,88,29,0.05,0.0,0.0,Seasonal-Naive Forecast,False,False,False,True,Overstock Candidate,Review / Reduce Inventory
ST14,SKU03353,0,47,21,0.07913669064748201,0.0,0.0,Seasonal-Naive Forecast,True,True,True,False,Critical Stockout,Immediate Reorder
ST14,SKU01138,0,31,11,0.07103825136612021,0.0,0.0,Seasonal-Naive Forecast,True,True,True,False,Critical Stockout,Immediate Reorder
ST03,SKU04362,0,91,28,0.08783783783783784,0.0,0.0,Seasonal-Naive Forecast,True,True,True,False,Critical Stockout,Immediate Reorder
ST01,SKU03535,0,32,12,0.12738853503184713,0.0,0.0,Seasonal-Naive Forecast,True,True,True,False,Critical Stockout,Immediate Reorder
ST25,SKU01677,0,96,46,0.07731958762886598,4.0,4.0,Seasonal-Naive Forecast,True,True,True,False,Critical Stockout,Immediate Reorder
ST17,SKU01264,485,100,39,0.05,0.0,0.0,Seasonal-Naive Forecast,False,False,False,True,Overstock Candidate,Review / Reduce Inventory
ST04,SKU00692,0,88,19,0.13471502590673576,0.0,0.0,Seasonal-Naive Forecast,True,True,True,False,Critical Stockout,Immediate Reorder
ST11,SKU03031,588,98,45,0.11764705882352941,,0.11764705882352941,Average Weekly Demand,False,False,False,False,Healthy / Monitor,No Immediate Action
ST28,SKU00002,0,100,28,0.24630541871921183,0.0,0.0,Seasonal-Naive Forecast,True,True,True,False,Critical Stockout,Immediate Reorder
ST13,SKU04016,0,99,39,0.07865168539325842,0.0,0.0,Seasonal-Naive Forecast,True,True,True,False,Critical Stockout,Immediate Reorder
ST20,SKU02046,0,62,15,0.15841584158415842,0.0,0.0,Seasonal-Naive Forecast,True,True,True,False,Critical Stockout,Immediate Reorder
ST13,SKU03090,255,58,21,0.12121212121212122,,0.12121212121212122,Average Weekly Demand,False,False,False,False,Healthy / Monitor,No Immediate Action
ST05,SKU04663,0,36,7,0.06521739130434782,,0.06521739130434782,Average Weekly Demand,True,True,True,False,Critical Stockout,Immediate Reorder
ST15,SKU04856,229,55,22,1.0,,1.0,Average Weekly Demand,False,False,False,False,Healthy / Monitor,No Immediate Action
ST18,SKU02387,180,36,12,0.15789473684210525,,0.15789473684210525,Average Weekly Demand,False,False,False,False,Healthy / Monitor,No Immediate Action
ST23,SKU01189,0,44,21,0.10227272727272728,0.0,0.0,Seasonal-Naive Forecast,True,True,True,False,Critical Stockout,Immediate Reorder
ST30,SKU02747,0,72,27,0.12,0.0,0.0,Seasonal-Naive Forecast,True,True,True,False,Critical Stockout,Immediate Reorder
ST21,SKU04913,0,63,26,0.1503267973856209,0.0,0.0,Seasonal-Naive Forecast,True,True,True,False,Critical Stockout,Immediate Reorder
ST21,SKU04350,0,97,29,0.19786096256684493,0.0,0.0,Seasonal-Naive Forecast,True,True,True,False,Critical Stockout,Immediate Reorder
ST06,SKU00285,0,92,27,0.3553299492385787,0.0,0.0,Seasonal-Naive Forecast,True,True,True,False,Critical Stockout,Immediate Reorder
ST07,SKU01153,0,97,21,0.087248322147651,0.0,0.0,Seasonal-Naive Forecast,True,True,True,False,Critical Stockout,Immediate Reorder
ST27,SKU03727,0,54,18,0.7644230769230769,0.0,0.0,Seasonal-Naive Forecast,True,True,True,False,Critical Stockout,Immediate Reorder
ST07,SKU01045,0,34,13,0.4623115577889447,2.0,2.0,Seasonal-Naive Forecast,True,True,True,False,Critical Stockout,Immediate Reorder
ST10,SKU02484,0,30,12,0.07142857142857142,0.0,0.0,Seasonal-Naive Forecast,True,True,True,False,Critical Stockout,Immediate Reorder
ST08,SKU03727,0,45,21,0.7644230769230769,0.0,0.0,Seasonal-Naive Forecast,True,True,True,False,Critical Stockout,Immediate Reorder
ST29,SKU00524,95,20,5,1.0,,1.0,Average Weekly Demand,False,False,False,False,Healthy / Monitor,No Immediate Action
ST09,SKU00286,0,89,40,0.295,0.0,0.0,Seasonal-Naive Forecast,True,True,True,False,Critical Stockout,Immediate Reorder
ST15,SKU01649,184,39,12,2.0,,2.0,Average Weekly Demand,False,False,False,False,Healthy / Monitor,No Immediate Action
ST02,SKU03292,0,93,32,0.4729064039408867,0.0,0.0,Seasonal-Naive Forecast,True,True,True,False,Critical Stockout,Immediate Reorder
ST07,SKU01542,492,89,25,1.0,,1.0,Average Weekly Demand,False,False,False,False,Healthy / Monitor,No Immediate Action
ST26,SKU03743,0,92,21,0.12418300653594772,0.0,0.0,Seasonal-Naive Forecast,True,True,True,False,Critical Stockout,Immediate Reorder
ST09,SKU02648,0,76,23,0.07262569832402235,0.0,0.0,Seasonal-Naive Forecast,True,True,True,False,Critical Stockout,Immediate Reorder
ST22,SKU00079,0,75,18,0.3402061855670103,0.0,0.0,Seasonal-Naive Forecast,True,True,True,False,Critical Stockout,Immediate Reorder
ST09,SKU04166,0,86,33,0.16184971098265896,0.0,0.0,Seasonal-Naive Forecast,True,True,True,False,Critical Stockout,Immediate Reorder
ST19,SKU02898,0,47,21,0.1005586592178771,0.0,0.0,Seasonal-Naive Forecast,True,True,True,False,Critical Stockout,Immediate Reorder
ST29,SKU01371,0,79,25,0.39086294416243655,0.0,0.0,Seasonal-Naive Forecast,True,True,True,False,Critical Stockout,Immediate Reorder
ST07,SKU02268,0,96,22,0.08648648648648649,0.0,0.0,Seasonal-Naive Forecast,True,True,True,False,Critical Stockout,Immediate Reorder
ST30,SKU00976,0,100,47,0.08441558441558442,0.0,0.0,Seasonal-Naive Forecast,True,True,True,False,Critical Stockout,Immediate Reorder
ST10,SKU04646,0,66,26,0.12254901960784313,0.0,0.0,Seasonal-Naive Forecast,True,True,True,False,Critical Stockout,Immediate Reorder
ST18,SKU04362,0,58,19,0.08783783783783784,0.0,0.0,Seasonal-Naive Forecast,True,True,True,False,Critical Stockout,Immediate Reorder
ST02,SKU03347,237,46,19,0.011235955056179775,0.0,0.0,Seasonal-Naive Forecast,False,False,False,True,Overstock Candidate,Review / Reduce Inventory
ST13,SKU04381,0,82,35,0.23880597014925373,0.0,0.0,Seasonal-Naive Forecast,True,True,True,False,Critical Stockout,Immediate Reorder
ST10,SKU00942,0,65,30,0.3883495145631068,0.0,0.0,Seasonal-Naive Forecast,True,True,True,False,Critical Stockout,Immediate Reorder
ST08,SKU01138,0,87,27,0.07103825136612021,0.0,0.0,Seasonal-Naive Forecast,True,True,True,False,Critical Stockout,Immediate Reorder
ST18,SKU03812,0,60,21,0.18439716312056736,0.0,0.0,Seasonal-Naive Forecast,True,True,True,False,Critical Stockout,Immediate Reorder
ST19,SKU03892,427,92,33,0.06382978723404255,,0.06382978723404255,Average Weekly Demand,False,False,False,False,Healthy / Monitor,No Immediate Action
ST25,SKU02660,0,20,9,0.14673913043478262,0.0,0.0,Seasonal-Naive Forecast,True,True,True,False,Critical Stockout,Immediate Reorder
ST04,SKU02722,285,84,34,2.0,,2.0,Average Weekly Demand,False,False,False,False,Healthy / Monitor,No Immediate Action
ST17,SKU04596,0,88,36,1.4202898550724639,0.0,0.0,Seasonal-Naive Forecast,True,True,True,False,Critical Stockout,Immediate Reorder
ST07,SKU04551,0,89,40,0.12021857923497267,0.0,0.0,Seasonal-Naive Forecast,True,True,True,False,Critical Stockout,Immediate Reorder
ST05,SKU00169,0,23,10,0.10204081632653061,0.0,0.0,Seasonal-Naive Forecast,True,True,True,False,Critical Stockout,Immediate Reorder
ST06,SKU04154,0,51,20,0.7121951219512195,0.0,0.0,Seasonal-Naive Forecast,True,True,True,False,Critical Stockout,Immediate Reorder
ST23,SKU04508,0,24,10,0.1902439024390244,0.0,0.0,Seasonal-Naive Forecast,True,True,True,False,Critical Stockout,Immediate Reorder
ST27,SKU04105,0,73,36,0.11274509803921569,0.0,0.0,Seasonal-Naive Forecast,True,True,True,False,Critical Stockout,Immediate Reorder
ST12,SKU00535,241,71,31,0.5,,0.5,Average Weekly Demand,False,False,False,False,Healthy / Monitor,No Immediate Action
ST08,SKU04334,336,59,13,1.0,,1.0,Average Weekly Demand,False,False,False,False,Healthy / Monitor,No Immediate Action
ST03,SKU01775,0,92,44,0.41025641025641024,0.0,0.0,Seasonal-Naive Forecast,True,True,True,False,Critical Stockout,Immediate Reorder
ST26,SKU04913,0,67,15,0.1503267973856209,0.0,0.0,Seasonal-Naive Forecast,True,True,True,False,Critical Stockout,Immediate Reorder
ST14,SKU02068,0,74,30,0.15894039735099338,0.0,0.0,Seasonal-Naive Forecast,True,True,True,False,Critical Stockout,Immediate Reorder
ST26,SKU01075,379,64,16,1.0,,1.0,Average Weekly Demand,False,False,False,False,Healthy / Monitor,No Immediate Action
ST01,SKU00264,0,69,16,0.2,0.0,0.0,Seasonal-Naive Forecast,True,True,True,False,Critical Stockout,Immediate Reorder
ST16,SKU01030,0,97,27,0.15555555555555556,0.0,0.0,Seasonal-Naive Forecast,True,True,True,False,Critical Stockout,Immediate Reorder
ST03,SKU04245,0,60,21,0.12626262626262627,0.0,0.0,Seasonal-Naive Forecast,True,True,True,False,Critical Stockout,Immediate Reorder
ST18,SKU02954,0,60,22,0.29411764705882354,0.0,0.0,Seasonal-Naive Forecast,True,True,True,False,Critical Stockout,Immediate Reorder
ST28,SKU04315,0,39,15,0.04419889502762431,0.0,0.0,Seasonal-Naive Forecast,True,True,True,False,Critical Stockout,Immediate Reorder
ST19,SKU01048,0,25,12,0.13157894736842105,0.0,0.0,Seasonal-Naive Forecast,True,True,True,False,Critical Stockout,Immediate Reorder
ST12,SKU01274,0,88,41,0.12376237623762376,0.0,0.0,Seasonal-Naive Forecast,True,True,True,False,Critical Stockout,Immediate Reorder
ST15,SKU02740,0,23,9,0.10309278350515463,0.0,0.0,Seasonal-Naive Forecast,True,True,True,False,Critical Stockout,Immediate Reorder
ST22,SKU03840,0,90,25,0.18716577540106952,0.0,0.0,Seasonal-Naive Forecast,True,True,True,False,Critical Stockout,Immediate Reorder
ST08,SKU02858,0,88,19,0.33507853403141363,0.0,0.0,Seasonal-Naive Forecast,True,True,True,False,Critical Stockout,Immediate Reorder
ST04,SKU04321,0,24,7,5.5311004784688995,10.0,10.0,Seasonal-Naive Forecast,True,True,True,False,Critical Stockout,Immediate Reorder
ST07,SKU00539,0,45,18,0.10674157303370786,0.0,0.0,Seasonal-Naive Forecast,True,True,True,False,Critical Stockout,Immediate Reorder
ST29,SKU00823,0,31,7,0.10714285714285714,0.0,0.0,Seasonal-Naive Forecast,True,True,True,False,Critical Stockout,Immediate Reorder
ST19,SKU01303,195,65,20,0.03333333333333333,0.0,0.0,Seasonal-Naive Forecast,False,False,False,True,Overstock Candidate,Review / Reduce Inventory
ST22,SKU00002,0,80,22,0.24630541871921183,0.0,0.0,Seasonal-Naive Forecast,True,True,True,False,Critical Stockout,Immediate Reorder
ST29,SKU02930,0,51,13,0.30434782608695654,0.0,0.0,Seasonal-Naive Forecast,True,True,True,False,Critical Stockout,Immediate Reorder
ST10,SKU00823,0,63,24,0.10714285714285714,0.0,0.0,Seasonal-Naive Forecast,True,True,True,False,Critical Stockout,Immediate Reorder
ST23,SKU04926,0,30,8,0.12574850299401197,0.0,0.0,Seasonal-Naive Forecast,True,True,True,False,Critical Stockout,Immediate Reorder
ST04,SKU00254,0,20,10,0.06666666666666667,0.0,0.0,Seasonal-Naive Forecast,True,True,True,False,Critical Stockout,Immediate Reorder
ST11,SKU01317,0,79,39,0.10270270270270271,0.0,0.0,Seasonal-Naive Forecast,True,True,True,False,Critical Stockout,Immediate Reorder
ST27,SKU03476,0,84,30,0.0851063829787234,0.0,0.0,Seasonal-Naive Forecast,True,True,True,False,Critical Stockout,Immediate Reorder
ST24,SKU04346,0,50,15,0.11304347826086956,0.0,0.0,Seasonal-Naive Forecast,True,True,True,False,Critical Stockout,Immediate Reorder
ST12,SKU00845,0,40,15,0.23737373737373738,0.0,0.0,Seasonal-Naive Forecast,True,True,True,False,Critical Stockout,Immediate Reorder
ST20,SKU04641,385,89,42,1.0,,1.0,Average Weekly Demand,False,False,False,False,Healthy / Monitor,No Immediate Action
ST21,SKU02368,0,46,19,0.22448979591836735,0.0,0.0,Seasonal-Naive Forecast,True,True,True,False,Critical Stockout,Immediate Reorder
ST11,SKU04016,0,51,11,0.07865168539325842,0.0,0.0,Seasonal-Naive Forecast,True,True,True,False,Critical Stockout,Immediate Reorder
ST09,SKU00974,0,56,26,0.05952380952380952,0.0,0.0,Seasonal-Naive Forecast,True,True,True,False,Critical Stockout,Immediate Reorder
ST29,SKU04824,0,85,36,0.09090909090909091,0.0,0.0,Seasonal-Naive Forecast,True,True,True,False,Critical Stockout,Immediate Reorder
ST19,SKU03089,234,56,21,3.0,,3.0,Average Weekly Demand,False,False,False,False,Healthy / Monitor,No Immediate Action
ST21,SKU02381,0,66,19,0.06666666666666667,0.0,0.0,Seasonal-Naive Forecast,True,True,True,False,Critical Stockout,Immediate Reorder
ST14,SKU03546,0,48,23,0.26424870466321243,1.0,1.0,Seasonal-Naive Forecast,True,True,True,False,Critical Stockout,Immediate Reorder
ST27,SKU00832,0,73,36,0.09482758620689655,0.0,0.0,Seasonal-Naive Forecast,True,True,True,False,Critical Stockout,Immediate Reorder
ST19,SKU00190,0,59,27,0.4223300970873786,0.0,0.0,Seasonal-Naive Forecast,True,True,True,False,Critical Stockout,Immediate Reorder
ST29,SKU04032,0,53,18,0.17525773195876287,0.0,0.0,Seasonal-Naive Forecast,True,True,True,False,Critical Stockout,Immediate Reorder
ST25,SKU02462,0,45,13,0.14285714285714285,0.0,0.0,Seasonal-Naive Forecast,True,True,True,False,Critical Stockout,Immediate Reorder
ST21,SKU04154,0,52,13,0.7121951219512195,0.0,0.0,Seasonal-Naive Forecast,True,True,True,False,Critical Stockout,Immediate Reorder
ST07,SKU01775,0,25,8,0.41025641025641024,0.0,0.0,Seasonal-Naive Forecast,True,True,True,False,Critical Stockout,Immediate Reorder
ST10,SKU04032,0,74,21,0.17525773195876287,0.0,0.0,Seasonal-Naive Forecast,True,True,True,False,Critical Stockout,Immediate Reorder
ST18,SKU03627,310,66,27,0.07692307692307693,0.0,0.0,Seasonal-Naive Forecast,False,False,False,True,Overstock Candidate,Review / Reduce Inventory
ST09,SKU00774,0,93,21,0.1951219512195122,0.0,0.0,Seasonal-Naive Forecast,True,True,True,False,Critical Stockout,Immediate Reorder
ST06,SKU03727,0,43,21,0.7644230769230769,0.0,0.0,Seasonal-Naive Forecast,True,True,True,False,Critical Stockout,Immediate Reorder
ST15,SKU00285,0,92,25,0.3553299492385787,0.0,0.0,Seasonal-Naive Forecast,True,True,True,False,Critical Stockout,Immediate Reorder
ST03,SKU02503,0,66,28,0.05291005291005291,0.0,0.0,Seasonal-Naive Forecast,True,True,True,False,Critical Stockout,Immediate Reorder
ST03,SKU04489,0,59,24,0.12804878048780488,1.0,1.0,Seasonal-Naive Forecast,True,True,True,False,Critical Stockout,Immediate Reorder
ST22,SKU03950,321,91,32,2.0,,2.0,Average Weekly Demand,False,False,False,False,Healthy / Monitor,No Immediate Action
ST17,SKU03727,0,80,32,0.7644230769230769,0.0,0.0,Seasonal-Naive Forecast,True,True,True,False,Critical Stockout,Immediate Reorder
ST21,SKU00584,206,41,14,0.04878048780487805,0.0,0.0,Seasonal-Naive Forecast,False,False,False,True,Overstock Candidate,Review / Reduce Inventory
ST10,SKU03966,166,44,12,1.0,,1.0,Average Weekly Demand,False,False,False,False,Healthy / Monitor,No Immediate Action
ST29,SKU02114,273,73,33,0.08433734939759036,0.0,0.0,Seasonal-Naive Forecast,False,False,False,True,Overstock Candidate,Review / Reduce Inventory
ST20,SKU00079,0,66,20,0.3402061855670103,0.0,0.0,Seasonal-Naive Forecast,True,True,True,False,Critical Stockout,Immediate Reorder
ST04,SKU01303,128,38,15,0.03333333333333333,0.0,0.0,Seasonal-Naive Forecast,False,False,False,True,Overstock Candidate,Review / Reduce Inventory
ST22,SKU02340,0,66,15,0.15384615384615385,0.0,0.0,Seasonal-Naive Forecast,True,True,True,False,Critical Stockout,Immediate Reorder
ST08,SKU02176,0,28,6,0.11564625850340136,0.0,0.0,Seasonal-Naive Forecast,True,True,True,False,Critical Stockout,Immediate Reorder
ST18,SKU03803,187,49,19,4.0,,4.0,Average Weekly Demand,False,False,False,False,Healthy / Monitor,No Immediate Action
ST08,SKU03115,592,99,39,0.2608695652173913,,0.2608695652173913,Average Weekly Demand,False,False,False,False,Healthy / Monitor,No Immediate Action
ST10,SKU04329,0,62,21,0.3316062176165803,0.0,0.0,Seasonal-Naive Forecast,True,True,True,False,Critical Stockout,Immediate Reorder
ST01,SKU00079,0,87,42,0.3402061855670103,0.0,0.0,Seasonal-Naive Forecast,True,True,True,False,Critical Stockout,Immediate Reorder
ST11,SKU00501,245,50,13,1.0,,1.0,Average Weekly Demand,False,False,False,False,Healthy / Monitor,No Immediate Action
ST08,SKU01371,0,23,10,0.39086294416243655,0.0,0.0,Seasonal-Naive Forecast,True,True,True,False,Critical Stockout,Immediate Reorder
ST20,SKU02657,0,41,9,0.14215686274509803,0.0,0.0,Seasonal-Naive Forecast,True,True,True,False,Critical Stockout,Immediate Reorder
ST28,SKU00976,0,36,17,0.08441558441558442,0.0,0.0,Seasonal-Naive Forecast,True,True,True,False,Critical Stockout,Immediate Reorder
ST12,SKU02954,0,72,22,0.29411764705882354,0.0,0.0,Seasonal-Naive Forecast,True,True,True,False,Critical Stockout,Immediate Reorder
ST18,SKU04166,0,81,27,0.16184971098265896,0.0,0.0,Seasonal-Naive Forecast,True,True,True,False,Critical Stockout,Immediate Reorder
ST08,SKU00445,0,58,18,0.12295081967213115,0.0,0.0,Seasonal-Naive Forecast,True,True,True,False,Critical Stockout,Immediate Reorder
ST17,SKU01433,398,96,21,2.0,,2.0,Average Weekly Demand,False,False,False,False,Healthy / Monitor,No Immediate Action
ST01,SKU02657,0,79,39,0.14215686274509803,0.0,0.0,Seasonal-Naive Forecast,True,True,True,False,Critical Stockout,Immediate Reorder
ST15,SKU04783,0,100,28,0.07692307692307693,0.0,0.0,Seasonal-Naive Forecast,True,True,True,False,Critical Stockout,Immediate Reorder
ST13,SKU03259,0,45,13,0.21875,0.0,0.0,Seasonal-Naive Forecast,True,True,True,False,Critical Stockout,Immediate Reorder
ST21,SKU01578,0,51,10,0.08227848101265822,0.0,0.0,Seasonal-Naive Forecast,True,True,True,False,Critical Stockout,Immediate Reorder
ST23,SKU02526,0,46,22,0.20670391061452514,0.0,0.0,Seasonal-Naive Forecast,True,True,True,False,Critical Stockout,Immediate Reorder
ST23,SKU04633,0,70,19,0.04375,0.0,0.0,Seasonal-Naive Forecast,True,True,True,False,Critical Stockout,Immediate Reorder
ST04,SKU00190,0,65,25,0.4223300970873786,0.0,0.0,Seasonal-Naive Forecast,True,True,True,False,Critical Stockout,Immediate Reorder
ST15,SKU02247,0,34,12,0.1358695652173913,0.0,0.0,Seasonal-Naive Forecast,True,True,True,False,Critical Stockout,Immediate Reorder
ST16,SKU04054,405,72,35,0.034782608695652174,0.0,0.0,Seasonal-Naive Forecast,False,False,False,True,Overstock Candidate,Review / Reduce Inventory
ST30,SKU03292,0,21,10,0.4729064039408867,0.0,0.0,Seasonal-Naive Forecast,True,True,True,False,Critical Stockout,Immediate Reorder
ST01,SKU00376,0,68,17,0.1407035175879397,0.0,0.0,Seasonal-Naive Forecast,True,True,True,False,Critical Stockout,Immediate Reorder
ST27,SKU03546,0,30,8,0.26424870466321243,1.0,1.0,Seasonal-Naive Forecast,True,True,True,False,Critical Stockout,Immediate Reorder
ST03,SKU00974,0,55,18,0.05952380952380952,0.0,0.0,Seasonal-Naive Forecast,True,True,True,False,Critical Stockout,Immediate Reorder
ST27,SKU02728,296,98,28,0.11206896551724138,0.0,0.0,Seasonal-Naive Forecast,False,False,False,True,Overstock Candidate,Review / Reduce Inventory
ST23,SKU04191,0,85,24,0.11904761904761904,0.0,0.0,Seasonal-Naive Forecast,True,True,True,False,Critical Stockout,Immediate Reorder
ST01,SKU02833,0,96,27,0.20270270270270271,0.0,0.0,Seasonal-Naive Forecast,True,True,True,False,Critical Stockout,Immediate Reorder
ST26,SKU02368,0,77,21,0.22448979591836735,0.0,0.0,Seasonal-Naive Forecast,True,True,True,False,Critical Stockout,Immediate Reorder
ST17,SKU03837,232,62,21,1.0,,1.0,Average Weekly Demand,False,False,False,False,Healthy / Monitor,No Immediate Action
ST01,SKU00631,200,55,21,0.041666666666666664,0.0,0.0,Seasonal-Naive Forecast,False,False,False,True,Overstock Candidate,Review / Reduce Inventory
ST21,SKU03727,0,53,23,0.7644230769230769,0.0,0.0,Seasonal-Naive Forecast,True,True,True,False,Critical Stockout,Immediate Reorder
ST06,SKU00830,0,66,18,0.07471264367816093,0.0,0.0,Seasonal-Naive Forecast,True,True,True,False,Critical Stockout,Immediate Reorder
ST28,SKU03743,0,100,23,0.12418300653594772,0.0,0.0,Seasonal-Naive Forecast,True,True,True,False,Critical Stockout,Immediate Reorder
ST29,SKU01874,157,29,9,5.0,,5.0,Average Weekly Demand,False,False,False,False,Healthy / Monitor,No Immediate Action
ST11,SKU00369,0,91,23,0.09036144578313253,0.0,0.0,Seasonal-Naive Forecast,True,True,True,False,Critical Stockout,Immediate Reorder
ST10,SKU04318,0,29,14,0.19760479041916168,0.0,0.0,Seasonal-Naive Forecast,True,True,True,False,Critical Stockout,Immediate Reorder
ST26,SKU04154,0,53,13,0.7121951219512195,0.0,0.0,Seasonal-Naive Forecast,True,True,True,False,Critical Stockout,Immediate Reorder
ST17,SKU03058,190,58,27,3.0,,3.0,Average Weekly Demand,False,False,False,False,Healthy / Monitor,No Immediate Action
ST16,SKU02833,0,60,28,0.20270270270270271,0.0,0.0,Seasonal-Naive Forecast,True,True,True,False,Critical Stockout,Immediate Reorder
ST22,SKU00369,0,64,25,0.09036144578313253,0.0,0.0,Seasonal-Naive Forecast,True,True,True,False,Critical Stockout,Immediate Reorder
ST22,SKU02355,0,81,32,0.04487179487179487,0.0,0.0,Seasonal-Naive Forecast,True,True,True,False,Critical Stockout,Immediate Reorder
ST01,SKU02538,0,60,20,0.14193548387096774,0.0,0.0,Seasonal-Naive Forecast,True,True,True,False,Critical Stockout,Immediate Reorder
ST27,SKU01507,0,70,14,0.08064516129032258,0.0,0.0,Seasonal-Naive Forecast,True,True,True,False,Critical Stockout,Immediate Reorder
ST08,SKU01507,0,85,29,0.08064516129032258,0.0,0.0,Seasonal-Naive Forecast,True,True,True,False,Critical Stockout,Immediate Reorder
ST06,SKU02858,0,90,22,0.33507853403141363,0.0,0.0,Seasonal-Naive Forecast,True,True,True,False,Critical Stockout,Immediate Reorder
ST10,SKU00506,0,91,23,0.06923076923076923,0.0,0.0,Seasonal-Naive Forecast,True,True,True,False,Critical Stockout,Immediate Reorder
ST12,SKU00286,0,54,26,0.295,0.0,0.0,Seasonal-Naive Forecast,True,True,True,False,Critical Stockout,Immediate Reorder
ST25,SKU01164,0,82,24,0.09090909090909091,0.0,0.0,Seasonal-Naive Forecast,True,True,True,False,Critical Stockout,Immediate Reorder
ST20,SKU00002,0,63,18,0.24630541871921183,0.0,0.0,Seasonal-Naive Forecast,True,True,True,False,Critical Stockout,Immediate Reorder
ST27,SKU02930,0,50,16,0.30434782608695654,0.0,0.0,Seasonal-Naive Forecast,True,True,True,False,Critical Stockout,Immediate Reorder
ST07,SKU02692,0,24,7,0.143646408839779,0.0,0.0,Seasonal-Naive Forecast,True,True,True,False,Critical Stockout,Immediate Reorder
ST24,SKU04847,0,44,18,0.08571428571428572,0.0,0.0,Seasonal-Naive Forecast,True,True,True,False,Critical Stockout,Immediate Reorder
ST30,SKU04783,0,72,28,0.07692307692307693,0.0,0.0,Seasonal-Naive Forecast,True,True,True,False,Critical Stockout,Immediate Reorder
ST22,SKU03323,0,65,20,0.2235294117647059,0.0,0.0,Seasonal-Naive Forecast,True,True,True,False,Critical Stockout,Immediate Reorder
ST04,SKU03454,159,39,17,1.0,,1.0,Average Weekly Demand,False,False,False,False,Healthy / Monitor,No Immediate Action
ST11,SKU02531,0,22,10,0.11961722488038277,0.0,0.0,Seasonal-Naive Forecast,True,True,True,False,Critical Stockout,Immediate Reorder
ST02,SKU02482,0,55,27,0.12650602409638553,0.0,0.0,Seasonal-Naive Forecast,True,True,True,False,Critical Stockout,Immediate Reorder
ST14,SKU00075,268,58,21,0.032467532467532464,0.0,0.0,Seasonal-Naive Forecast,False,False,False,True,Overstock Candidate,Review / Reduce Inventory
ST20,SKU01317,0,96,43,0.10270270270270271,0.0,0.0,Seasonal-Naive Forecast,True,True,True,False,Critical Stockout,Immediate Reorder
ST22,SKU01363,0,80,20,0.08522727272727272,0.0,0.0,Seasonal-Naive Forecast,True,True,True,False,Critical Stockout,Immediate Reorder
ST22,SKU02531,0,90,42,0.11961722488038277,0.0,0.0,Seasonal-Naive Forecast,True,True,True,False,Critical Stockout,Immediate Reorder
ST27,SKU04824,0,84,22,0.09090909090909091,0.0,0.0,Seasonal-Naive Forecast,True,True,True,False,Critical Stockout,Immediate Reorder
ST18,SKU02826,0,57,15,0.1357142857142857,0.0,0.0,Seasonal-Naive Forecast,True,True,True,False,Critical Stockout,Immediate Reorder
ST24,SKU04526,298,63,19,1.0,,1.0,Average Weekly Demand,False,False,False,False,Healthy / Monitor,No Immediate Action
ST08,SKU03535,0,37,18,0.12738853503184713,0.0,0.0,Seasonal-Naive Forecast,True,True,True,False,Critical Stockout,Immediate Reorder
ST30,SKU02247,0,74,34,0.1358695652173913,0.0,0.0,Seasonal-Naive Forecast,True,True,True,False,Critical Stockout,Immediate Reorder
ST19,SKU02088,0,87,37,0.13978494623655913,1.0,1.0,Seasonal-Naive Forecast,True,True,True,False,Critical Stockout,Immediate Reorder
ST30,SKU04596,0,45,11,1.4202898550724639,0.0,0.0,Seasonal-Naive Forecast,True,True,True,False,Critical Stockout,Immediate Reorder
ST30,SKU02381,0,32,12,0.06666666666666667,0.0,0.0,Seasonal-Naive Forecast,True,True,True,False,Critical Stockout,Immediate Reorder
ST16,SKU01170,0,31,11,0.11347517730496454,0.0,0.0,Seasonal-Naive Forecast,True,True,True,False,Critical Stockout,Immediate Reorder
ST22,SKU00692,0,26,9,0.13471502590673576,0.0,0.0,Seasonal-Naive Forecast,True,True,True,False,Critical Stockout,Immediate Reorder
ST30,SKU00516,260,52,12,1.0,,1.0,Average Weekly Demand,False,False,False,False,Healthy / Monitor,No Immediate Action
ST18,SKU01337,151,50,21,2.0,,2.0,Average Weekly Demand,False,False,False,False,Healthy / Monitor,No Immediate Action
ST11,SKU03633,0,32,12,0.1291866028708134,0.0,0.0,Seasonal-Naive Forecast,True,True,True,False,Critical Stockout,Immediate Reorder
ST26,SKU00531,0,83,33,0.12264150943396226,0.0,0.0,Seasonal-Naive Forecast,True,True,True,False,Critical Stockout,Immediate Reorder
ST11,SKU00371,371,74,22,0.15,,0.15,Average Weekly Demand,False,False,False,False,Healthy / Monitor,No Immediate Action
ST30,SKU04154,0,29,9,0.7121951219512195,0.0,0.0,Seasonal-Naive Forecast,True,True,True,False,Critical Stockout,Immediate Reorder
ST18,SKU04854,458,91,26,0.08823529411764706,,0.08823529411764706,Average Weekly Demand,False,False,False,False,Healthy / Monitor,No Immediate Action
ST21,SKU04105,0,31,12,0.11274509803921569,0.0,0.0,Seasonal-Naive Forecast,True,True,True,False,Critical Stockout,Immediate Reorder
ST05,SKU03292,0,79,25,0.4729064039408867,0.0,0.0,Seasonal-Naive Forecast,True,True,True,False,Critical Stockout,Immediate Reorder
ST15,SKU03727,0,27,10,0.7644230769230769,0.0,0.0,Seasonal-Naive Forecast,True,True,True,False,Critical Stockout,Immediate Reorder
ST06,SKU03907,0,56,26,0.12871287128712872,0.0,0.0,Seasonal-Naive Forecast,True,True,True,False,Critical Stockout,Immediate Reorder
ST21,SKU02737,0,63,31,0.1103448275862069,0.0,0.0,Seasonal-Naive Forecast,True,True,True,False,Critical Stockout,Immediate Reorder
ST03,SKU00589,275,90,24,1.0,,1.0,Average Weekly Demand,False,False,False,False,Healthy / Monitor,No Immediate Action
ST30,SKU02449,0,47,10,0.14457831325301204,0.0,0.0,Seasonal-Naive Forecast,True,True,True,False,Critical Stockout,Immediate Reorder
ST03,SKU03743,0,30,8,0.12418300653594772,0.0,0.0,Seasonal-Naive Forecast,True,True,True,False,Critical Stockout,Immediate Reorder
ST27,SKU00020,0,92,38,0.07731958762886598,0.0,0.0,Seasonal-Naive Forecast,True,True,True,False,Critical Stockout,Immediate Reorder
ST25,SKU04562,0,34,13,0.0975609756097561,0.0,0.0,Seasonal-Naive Forecast,True,True,True,False,Critical Stockout,Immediate Reorder
ST19,SKU04747,352,98,43,1.0,,1.0,Average Weekly Demand,False,False,False,False,Healthy / Monitor,No Immediate Action
ST12,SKU03805,276,59,25,2.0,,2.0,Average Weekly Demand,False,False,False,False,Healthy / Monitor,No Immediate Action
ST06,SKU04646,0,35,10,0.12254901960784313,0.0,0.0,Seasonal-Naive Forecast,True,True,True,False,Critical Stockout,Immediate Reorder
ST04,SKU03014,104,26,6,0.1111111111111111,,0.1111111111111111,Average Weekly Demand,False,False,False,False,Healthy / Monitor,No Immediate Action
ST11,SKU03030,0,59,17,0.10179640718562874,0.0,0.0,Seasonal-Naive Forecast,True,True,True,False,Critical Stockout,Immediate Reorder
ST19,SKU01164,0,82,24,0.09090909090909091,0.0,0.0,Seasonal-Naive Forecast,True,True,True,False,Critical Stockout,Immediate Reorder
ST01,SKU04126,0,54,12,0.12195121951219512,0.0,0.0,Seasonal-Naive Forecast,True,True,True,False,Critical Stockout,Immediate Reorder
ST06,SKU00942,0,20,7,0.3883495145631068,0.0,0.0,Seasonal-Naive Forecast,True,True,True,False,Critical Stockout,Immediate Reorder
ST02,SKU00190,0,83,20,0.4223300970873786,0.0,0.0,Seasonal-Naive Forecast,True,True,True,False,Critical Stockout,Immediate Reorder
ST20,SKU04381,0,87,36,0.23880597014925373,0.0,0.0,Seasonal-Naive Forecast,True,True,True,False,Critical Stockout,Immediate Reorder
ST27,SKU00893,0,91,22,0.17098445595854922,0.0,0.0,Seasonal-Naive Forecast,True,True,True,False,Critical Stockout,Immediate Reorder
ST02,SKU02526,0,40,14,0.20670391061452514,0.0,0.0,Seasonal-Naive Forecast,True,True,True,False,Critical Stockout,Immediate Reorder
ST30,SKU01578,0,80,23,0.08227848101265822,0.0,0.0,Seasonal-Naive Forecast,True,True,True,False,Critical Stockout,Immediate Reorder
ST17,SKU00942,0,95,23,0.3883495145631068,0.0,0.0,Seasonal-Naive Forecast,True,True,True,False,Critical Stockout,Immediate Reorder
ST01,SKU04381,0,76,20,0.23880597014925373,0.0,0.0,Seasonal-Naive Forecast,True,True,True,False,Critical Stockout,Immediate Reorder
ST24,SKU02247,0,29,10,0.1358695652173913,0.0,0.0,Seasonal-Naive Forecast,True,True,True,False,Critical Stockout,Immediate Reorder
ST29,SKU00376,0,54,14,0.1407035175879397,0.0,0.0,Seasonal-Naive Forecast,True,True,True,False,Critical Stockout,Immediate Reorder
ST06,SKU03546,0,65,32,0.26424870466321243,1.0,1.0,Seasonal-Naive Forecast,True,True,True,False,Critical Stockout,Immediate Reorder
ST09,SKU04352,334,68,32,2.0,,2.0,Average Weekly Demand,False,False,False,False,Healthy / Monitor,No Immediate Action
ST24,SKU04596,0,98,34,1.4202898550724639,0.0,0.0,Seasonal-Naive Forecast,True,True,True,False,Critical Stockout,Immediate Reorder
ST17,SKU02728,113,29,14,0.11206896551724138,0.0,0.0,Seasonal-Naive Forecast,False,False,False,True,Overstock Candidate,Review / Reduce Inventory
ST18,SKU01152,0,48,23,0.08181818181818182,0.0,0.0,Seasonal-Naive Forecast,True,True,True,False,Critical Stockout,Immediate Reorder
ST07,SKU02683,0,40,18,0.09944751381215469,0.0,0.0,Seasonal-Naive Forecast,True,True,True,False,Critical Stockout,Immediate Reorder
ST09,SKU00285,0,48,11,0.3553299492385787,0.0,0.0,Seasonal-Naive Forecast,True,True,True,False,Critical Stockout,Immediate Reorder
ST28,SKU01466,0,99,23,0.055,0.0,0.0,Seasonal-Naive Forecast,True,True,True,False,Critical Stockout,Immediate Reorder
ST29,SKU03088,0,62,25,0.3,0.0,0.0,Seasonal-Naive Forecast,True,True,True,False,Critical Stockout,Immediate Reorder
ST21,SKU03907,0,49,17,0.12871287128712872,0.0,0.0,Seasonal-Naive Forecast,True,True,True,False,Critical Stockout,Immediate Reorder
ST20,SKU02221,360,60,26,2.0,,2.0,Average Weekly Demand,False,False,False,False,Healthy / Monitor,No Immediate Action
ST21,SKU00645,113,26,10,5.0,,5.0,Average Weekly Demand,False,False,False,False,Healthy / Monitor,No Immediate Action
ST03,SKU04913,0,24,10,0.1503267973856209,0.0,0.0,Seasonal-Naive Forecast,True,True,True,False,Critical Stockout,Immediate Reorder
ST04,SKU02532,0,80,23,0.14782608695652175,0.0,0.0,Seasonal-Naive Forecast,True,True,True,False,Critical Stockout,Immediate Reorder
ST21,SKU02068,0,78,33,0.15894039735099338,0.0,0.0,Seasonal-Naive Forecast,True,True,True,False,Critical Stockout,Immediate Reorder
ST13,SKU03870,0,45,22,0.07228915662650602,0.0,0.0,Seasonal-Naive Forecast,True,True,True,False,Critical Stockout,Immediate Reorder
ST01,SKU00369,0,88,30,0.09036144578313253,0.0,0.0,Seasonal-Naive Forecast,True,True,True,False,Critical Stockout,Immediate Reorder
ST16,SKU02892,0,95,25,0.10638297872340426,0.0,0.0,Seasonal-Naive Forecast,True,True,True,False,Critical Stockout,Immediate Reorder
ST14,SKU00079,0,38,17,0.3402061855670103,0.0,0.0,Seasonal-Naive Forecast,True,True,True,False,Critical Stockout,Immediate Reorder
ST21,SKU01371,0,35,17,0.39086294416243655,0.0,0.0,Seasonal-Naive Forecast,True,True,True,False,Critical Stockout,Immediate Reorder
ST14,SKU02657,0,95,28,0.14215686274509803,0.0,0.0,Seasonal-Naive Forecast,True,True,True,False,Critical Stockout,Immediate Reorder
ST08,SKU02842,190,36,7,0.14705882352941177,,0.14705882352941177,Average Weekly Demand,False,False,False,False,Healthy / Monitor,No Immediate Action
ST28,SKU04783,0,22,5,0.07692307692307693,0.0,0.0,Seasonal-Naive Forecast,True,True,True,False,Critical Stockout,Immediate Reorder
ST20,SKU02155,0,64,17,0.13157894736842105,0.0,0.0,Seasonal-Naive Forecast,True,True,True,False,Critical Stockout,Immediate Reorder
ST11,SKU04321,0,96,33,5.5311004784688995,10.0,10.0,Seasonal-Naive Forecast,True,True,True,False,Critical Stockout,Immediate Reorder
ST06,SKU02930,0,70,28,0.30434782608695654,0.0,0.0,Seasonal-Naive Forecast,True,True,True,False,Critical Stockout,Immediate Reorder
ST16,SKU01645,168,31,11,0.06382978723404255,,0.06382978723404255,Average Weekly Demand,False,False,False,False,Healthy / Monitor,No Immediate Action
ST17,SKU00823,0,37,11,0.10714285714285714,0.0,0.0,Seasonal-Naive Forecast,True,True,True,False,Critical Stockout,Immediate Reorder
ST08,SKU04157,0,87,22,0.08287292817679558,0.0,0.0,Seasonal-Naive Forecast,True,True,True,False,Critical Stockout,Immediate Reorder
ST10,SKU01988,0,58,19,0.0784313725490196,0.0,0.0,Seasonal-Naive Forecast,True,True,True,False,Critical Stockout,Immediate Reorder
ST03,SKU01009,0,68,30,0.12299465240641712,2.0,2.0,Seasonal-Naive Forecast,True,True,True,False,Critical Stockout,Immediate Reorder
ST29,SKU02351,434,83,27,2.0,,2.0,Average Weekly Demand,False,False,False,False,Healthy / Monitor,No Immediate Action
ST01,SKU04504,95,23,6,0.6666666666666666,,0.6666666666666666,Average Weekly Demand,False,False,False,False,Healthy / Monitor,No Immediate Action
ST20,SKU02531,0,93,40,0.11961722488038277,0.0,0.0,Seasonal-Naive Forecast,True,True,True,False,Critical Stockout,Immediate Reorder
ST28,SKU02247,0,27,6,0.1358695652173913,0.0,0.0,Seasonal-Naive Forecast,True,True,True,False,Critical Stockout,Immediate Reorder
ST16,SKU00732,248,44,22,2.0,,2.0,Average Weekly Demand,False,False,False,False,Healthy / Monitor,No Immediate Action
ST06,SKU04824,0,88,18,0.09090909090909091,0.0,0.0,Seasonal-Naive Forecast,True,True,True,False,Critical Stockout,Immediate Reorder
ST29,SKU01317,0,89,20,0.10270270270270271,0.0,0.0,Seasonal-Naive Forecast,True,True,True,False,Critical Stockout,Immediate Reorder
ST14,SKU00376,0,24,12,0.1407035175879397,0.0,0.0,Seasonal-Naive Forecast,True,True,True,False,Critical Stockout,Immediate Reorder
ST22,SKU04926,0,45,19,0.12574850299401197,0.0,0.0,Seasonal-Naive Forecast,True,True,True,False,Critical Stockout,Immediate Reorder
ST06,SKU02046,0,88,23,0.15841584158415842,0.0,0.0,Seasonal-Naive Forecast,True,True,True,False,Critical Stockout,Immediate Reorder
ST22,SKU01919,165,41,18,0.029411764705882353,0.0,0.0,Seasonal-Naive Forecast,False,False,False,True,Overstock Candidate,Review / Reduce Inventory
ST08,SKU02923,0,89,44,0.08235294117647059,0.0,0.0,Seasonal-Naive Forecast,True,True,True,False,Critical Stockout,Immediate Reorder
ST13,SKU02449,0,42,12,0.14457831325301204,0.0,0.0,Seasonal-Naive Forecast,True,True,True,False,Critical Stockout,Immediate Reorder
ST14,SKU03088,0,90,37,0.3,0.0,0.0,Seasonal-Naive Forecast,True,True,True,False,Critical Stockout,Immediate Reorder
ST06,SKU04166,0,48,12,0.16184971098265896,0.0,0.0,Seasonal-Naive Forecast,True,True,True,False,Critical Stockout,Immediate Reorder
ST21,SKU02983,0,24,9,0.10067114093959731,0.0,0.0,Seasonal-Naive Forecast,True,True,True,False,Critical Stockout,Immediate Reorder
ST17,SKU02046,0,25,9,0.15841584158415842,0.0,0.0,Seasonal-Naive Forecast,True,True,True,False,Critical Stockout,Immediate Reorder
ST13,SKU00355,422,91,40,1.0,,1.0,Average Weekly Demand,False,False,False,False,Healthy / Monitor,No Immediate Action
ST10,SKU00996,0,52,17,0.08235294117647059,0.0,0.0,Seasonal-Naive Forecast,True,True,True,False,Critical Stockout,Immediate Reorder
ST03,SKU03171,0,41,11,0.0641025641025641,0.0,0.0,Seasonal-Naive Forecast,True,True,True,False,Critical Stockout,Immediate Reorder
ST09,SKU04154,0,79,27,0.7121951219512195,0.0,0.0,Seasonal-Naive Forecast,True,True,True,False,Critical Stockout,Immediate Reorder
ST08,SKU00024,481,82,17,0.022988505747126436,0.0,0.0,Seasonal-Naive Forecast,False,False,False,True,Overstock Candidate,Review / Reduce Inventory
ST06,SKU02543,0,56,24,0.11351351351351352,0.0,0.0,Seasonal-Naive Forecast,True,True,True,False,Critical Stockout,Immediate Reorder
ST25,SKU00728,0,20,4,0.10112359550561797,0.0,0.0,Seasonal-Naive Forecast,True,True,True,False,Critical Stockout,Immediate Reorder
ST30,SKU02482,0,21,9,0.12650602409638553,0.0,0.0,Seasonal-Naive Forecast,True,True,True,False,Critical Stockout,Immediate Reorder
ST03,SKU00285,0,52,22,0.3553299492385787,0.0,0.0,Seasonal-Naive Forecast,True,True,True,False,Critical Stockout,Immediate Reorder
ST11,SKU01048,0,47,13,0.13157894736842105,0.0,0.0,Seasonal-Naive Forecast,True,True,True,False,Critical Stockout,Immediate Reorder
ST04,SKU01045,0,95,24,0.4623115577889447,2.0,2.0,Seasonal-Naive Forecast,True,True,True,False,Critical Stockout,Immediate Reorder
ST06,SKU03053,0,54,13,0.06875,0.0,0.0,Seasonal-Naive Forecast,True,True,True,False,Critical Stockout,Immediate Reorder
ST11,SKU02471,156,35,8,2.0,,2.0,Average Weekly Demand,False,False,False,False,Healthy / Monitor,No Immediate Action
ST21,SKU02930,0,47,18,0.30434782608695654,0.0,0.0,Seasonal-Naive Forecast,True,True,True,False,Critical Stockout,Immediate Reorder
ST17,SKU04329,0,24,5,0.3316062176165803,0.0,0.0,Seasonal-Naive Forecast,True,True,True,False,Critical Stockout,Immediate Reorder
ST23,SKU00845,0,60,15,0.23737373737373738,0.0,0.0,Seasonal-Naive Forecast,True,True,True,False,Critical Stockout,Immediate Reorder
ST10,SKU02340,0,73,34,0.15384615384615385,0.0,0.0,Seasonal-Naive Forecast,True,True,True,False,Critical Stockout,Immediate Reorder
ST16,SKU03057,0,74,18,0.09821428571428571,0.0,0.0,Seasonal-Naive Forecast,True,True,True,False,Critical Stockout,Immediate Reorder
ST26,SKU04633,0,78,22,0.04375,0.0,0.0,Seasonal-Naive Forecast,True,True,True,False,Critical Stockout,Immediate Reorder
ST16,SKU00050,0,96,22,0.09359605911330049,0.0,0.0,Seasonal-Naive Forecast,True,True,True,False,Critical Stockout,Immediate Reorder
ST29,SKU01803,278,86,26,1.0,,1.0,Average Weekly Demand,False,False,False,False,Healthy / Monitor,No Immediate Action
ST14,SKU04016,0,58,22,0.07865168539325842,0.0,0.0,Seasonal-Naive Forecast,True,True,True,False,Critical Stockout,Immediate Reorder
ST01,SKU03259,0,32,8,0.21875,0.0,0.0,Seasonal-Naive Forecast,True,True,True,False,Critical Stockout,Immediate Reorder
ST06,SKU00893,0,24,5,0.17098445595854922,0.0,0.0,Seasonal-Naive Forecast,True,True,True,False,Critical Stockout,Immediate Reorder
ST25,SKU00354,95,28,10,0.039735099337748346,0.0,0.0,Seasonal-Naive Forecast,False,False,False,True,Overstock Candidate,Review / Reduce Inventory
ST11,SKU02526,0,89,44,0.20670391061452514,0.0,0.0,Seasonal-Naive Forecast,True,True,True,False,Critical Stockout,Immediate Reorder
ST20,SKU01420,0,91,43,0.2765957446808511,1.0,1.0,Seasonal-Naive Forecast,True,True,True,False,Critical Stockout,Immediate Reorder
ST26,SKU00942,0,35,17,0.3883495145631068,0.0,0.0,Seasonal-Naive Forecast,True,True,True,False,Critical Stockout,Immediate Reorder
ST22,SKU00190,0,36,9,0.4223300970873786,0.0,0.0,Seasonal-Naive Forecast,True,True,True,False,Critical Stockout,Immediate Reorder
ST11,SKU02660,0,49,21,0.14673913043478262,0.0,0.0,Seasonal-Naive Forecast,True,True,True,False,Critical Stockout,Immediate Reorder
ST03,SKU02368,0,41,10,0.22448979591836735,0.0,0.0,Seasonal-Naive Forecast,True,True,True,False,Critical Stockout,Immediate Reorder
ST27,SKU00631,465,91,24,0.041666666666666664,0.0,0.0,Seasonal-Naive Forecast,False,False,False,True,Overstock Candidate,Review / Reduce Inventory
ST21,SKU00328,0,97,48,0.08284023668639054,0.0,0.0,Seasonal-Naive Forecast,True,True,True,False,Critical Stockout,Immediate Reorder
ST07,SKU00285,0,91,44,0.3553299492385787,0.0,0.0,Seasonal-Naive Forecast,True,True,True,False,Critical Stockout,Immediate Reorder
ST28,SKU03727,0,94,20,0.7644230769230769,0.0,0.0,Seasonal-Naive Forecast,True,True,True,False,Critical Stockout,Immediate Reorder
ST01,SKU00628,0,95,31,0.08917197452229299,0.0,0.0,Seasonal-Naive Forecast,True,True,True,False,Critical Stockout,Immediate Reorder
ST23,SKU04443,527,92,44,1.0,,1.0,Average Weekly Demand,False,False,False,False,Healthy / Monitor,No Immediate Action
ST30,SKU03907,0,54,18,0.12871287128712872,0.0,0.0,Seasonal-Naive Forecast,True,True,True,False,Critical Stockout,Immediate Reorder
ST17,SKU04318,0,41,16,0.19760479041916168,0.0,0.0,Seasonal-Naive Forecast,True,True,True,False,Critical Stockout,Immediate Reorder
ST19,SKU01775,0,30,13,0.41025641025641024,0.0,0.0,Seasonal-Naive Forecast,True,True,True,False,Critical Stockout,Immediate Reorder
ST03,SKU02999,259,58,27,1.0,,1.0,Average Weekly Demand,False,False,False,False,Healthy / Monitor,No Immediate Action
ST21,SKU00020,0,95,31,0.07731958762886598,0.0,0.0,Seasonal-Naive Forecast,True,True,True,False,Critical Stockout,Immediate Reorder
ST29,SKU03523,428,92,32,1.0,,1.0,Average Weekly Demand,False,False,False,False,Healthy / Monitor,No Immediate Action
ST08,SKU02538,0,66,20,0.14193548387096774,0.0,0.0,Seasonal-Naive Forecast,True,True,True,False,Critical Stockout,Immediate Reorder
ST12,SKU04350,0,41,13,0.19786096256684493,0.0,0.0,Seasonal-Naive Forecast,True,True,True,False,Critical Stockout,Immediate Reorder
ST17,SKU00264,0,67,31,0.2,0.0,0.0,Seasonal-Naive Forecast,True,True,True,False,Critical Stockout,Immediate Reorder
ST05,SKU02482,0,49,17,0.12650602409638553,0.0,0.0,Seasonal-Naive Forecast,True,True,True,False,Critical Stockout,Immediate Reorder
ST11,SKU03199,0,76,28,0.03684210526315789,0.0,0.0,Seasonal-Naive Forecast,True,True,True,False,Critical Stockout,Immediate Reorder
ST07,SKU04783,0,56,25,0.07692307692307693,0.0,0.0,Seasonal-Naive Forecast,True,True,True,False,Critical Stockout,Immediate Reorder
ST24,SKU02858,0,41,9,0.33507853403141363,0.0,0.0,Seasonal-Naive Forecast,True,True,True,False,Critical Stockout,Immediate Reorder
ST20,SKU04321,0,71,18,5.5311004784688995,10.0,10.0,Seasonal-Naive Forecast,True,True,True,False,Critical Stockout,Immediate Reorder
ST05,SKU02858,0,53,13,0.33507853403141363,0.0,0.0,Seasonal-Naive Forecast,True,True,True,False,Critical Stockout,Immediate Reorder
ST09,SKU00654,421,74,16,2.0,,2.0,Average Weekly Demand,False,False,False,False,Healthy / Monitor,No Immediate Action
ST19,SKU01830,282,79,34,0.05714285714285714,0.0,0.0,Seasonal-Naive Forecast,False,False,False,True,Overstock Candidate,Review / Reduce Inventory
ST30,SKU00942,0,30,10,0.3883495145631068,0.0,0.0,Seasonal-Naive Forecast,True,True,True,False,Critical Stockout,Immediate Reorder
ST04,SKU03693,0,92,20,0.1270718232044199,0.0,0.0,Seasonal-Naive Forecast,True,True,True,False,Critical Stockout,Immediate Reorder
ST24,SKU04281,305,72,17,0.02127659574468085,0.0,0.0,Seasonal-Naive Forecast,False,False,False,True,Overstock Candidate,Review / Reduce Inventory
ST29,SKU03578,0,45,10,0.07333333333333333,0.0,0.0,Seasonal-Naive Forecast,True,True,True,False,Critical Stockout,Immediate Reorder
ST28,SKU01138,0,52,24,0.07103825136612021,0.0,0.0,Seasonal-Naive Forecast,True,True,True,False,Critical Stockout,Immediate Reorder
ST21,SKU00317,196,35,17,0.05263157894736842,0.0,0.0,Seasonal-Naive Forecast,False,False,False,True,Overstock Candidate,Review / Reduce Inventory
ST28,SKU01030,0,56,25,0.15555555555555556,0.0,0.0,Seasonal-Naive Forecast,True,True,True,False,Critical Stockout,Immediate Reorder
ST08,SKU01317,0,58,14,0.10270270270270271,0.0,0.0,Seasonal-Naive Forecast,True,True,True,False,Critical Stockout,Immediate Reorder
ST10,SKU02531,0,85,34,0.11961722488038277,0.0,0.0,Seasonal-Naive Forecast,True,True,True,False,Critical Stockout,Immediate Reorder
ST08,SKU01438,0,61,19,0.06206896551724138,0.0,0.0,Seasonal-Naive Forecast,True,True,True,False,Critical Stockout,Immediate Reorder
ST07,SKU04596,0,31,9,1.4202898550724639,0.0,0.0,Seasonal-Naive Forecast,True,True,True,False,Critical Stockout,Immediate Reorder
ST18,SKU02368,0,39,10,0.22448979591836735,0.0,0.0,Seasonal-Naive Forecast,True,True,True,False,Critical Stockout,Immediate Reorder
ST17,SKU00682,305,51,24,1.0,,1.0,Average Weekly Demand,False,False,False,False,Healthy / Monitor,No Immediate Action
ST19,SKU04663,0,89,30,0.06521739130434782,,0.06521739130434782,Average Weekly Demand,True,True,True,False,Critical Stockout,Immediate Reorder
ST21,SKU04894,290,61,30,2.0,,2.0,Average Weekly Demand,False,False,False,False,Healthy / Monitor,No Immediate Action
ST15,SKU02046,0,53,12,0.15841584158415842,0.0,0.0,Seasonal-Naive Forecast,True,True,True,False,Critical Stockout,Immediate Reorder
ST03,SKU00531,0,65,32,0.12264150943396226,0.0,0.0,Seasonal-Naive Forecast,True,True,True,False,Critical Stockout,Immediate Reorder
ST04,SKU02567,270,63,18,5.0,,5.0,Average Weekly Demand,False,False,False,False,Healthy / Monitor,No Immediate Action
ST15,SKU04153,151,43,10,0.07142857142857142,0.0,0.0,Seasonal-Naive Forecast,False,False,False,True,Overstock Candidate,Review / Reduce Inventory
ST27,SKU01009,0,56,17,0.12299465240641712,2.0,2.0,Seasonal-Naive Forecast,True,True,True,False,Critical Stockout,Immediate Reorder
ST11,SKU02462,0,23,8,0.14285714285714285,0.0,0.0,Seasonal-Naive Forecast,True,True,True,False,Critical Stockout,Immediate Reorder
ST25,SKU02747,0,86,30,0.12,0.0,0.0,Seasonal-Naive Forecast,True,True,True,False,Critical Stockout,Immediate Reorder
ST12,SKU03292,0,21,8,0.4729064039408867,0.0,0.0,Seasonal-Naive Forecast,True,True,True,False,Critical Stockout,Immediate Reorder
ST12,SKU03063,0,64,23,0.06806282722513089,0.0,0.0,Seasonal-Naive Forecast,True,True,True,False,Critical Stockout,Immediate Reorder
ST19,SKU02503,0,61,19,0.05291005291005291,0.0,0.0,Seasonal-Naive Forecast,True,True,True,False,Critical Stockout,Immediate Reorder
ST28,SKU02737,0,44,12,0.1103448275862069,0.0,0.0,Seasonal-Naive Forecast,True,True,True,False,Critical Stockout,Immediate Reorder
ST17,SKU04012,0,22,7,0.06521739130434782,0.0,0.0,Seasonal-Naive Forecast,True,True,True,False,Critical Stockout,Immediate Reorder
ST16,SKU02740,0,75,26,0.10309278350515463,0.0,0.0,Seasonal-Naive Forecast,True,True,True,False,Critical Stockout,Immediate Reorder
ST10,SKU00976,0,65,16,0.08441558441558442,0.0,0.0,Seasonal-Naive Forecast,True,True,True,False,Critical Stockout,Immediate Reorder
ST15,SKU01993,0,73,18,0.20710059171597633,1.0,1.0,Seasonal-Naive Forecast,True,True,True,False,Critical Stockout,Immediate Reorder
ST21,SKU04144,338,78,29,0.024844720496894408,0.0,0.0,Seasonal-Naive Forecast,False,False,False,True,Overstock Candidate,Review / Reduce Inventory
ST12,SKU04849,88,20,5,1.0,,1.0,Average Weekly Demand,False,False,False,False,Healthy / Monitor,No Immediate Action
ST13,SKU04562,0,90,38,0.0975609756097561,0.0,0.0,Seasonal-Naive Forecast,True,True,True,False,Critical Stockout,Immediate Reorder
ST24,SKU02176,0,86,42,0.11564625850340136,0.0,0.0,Seasonal-Naive Forecast,True,True,True,False,Critical Stockout,Immediate Reorder
ST29,SKU02520,224,68,15,0.036585365853658534,0.0,0.0,Seasonal-Naive Forecast,False,False,False,True,Overstock Candidate,Review / Reduce Inventory
ST06,SKU02657,0,31,13,0.14215686274509803,0.0,0.0,Seasonal-Naive Forecast,True,True,True,False,Critical Stockout,Immediate Reorder
ST26,SKU04329,0,85,42,0.3316062176165803,0.0,0.0,Seasonal-Naive Forecast,True,True,True,False,Critical Stockout,Immediate Reorder
ST10,SKU02520,110,35,10,0.036585365853658534,0.0,0.0,Seasonal-Naive Forecast,False,False,False,True,Overstock Candidate,Review / Reduce Inventory
ST04,SKU04166,0,43,13,0.16184971098265896,0.0,0.0,Seasonal-Naive Forecast,True,True,True,False,Critical Stockout,Immediate Reorder
ST07,SKU02141,0,42,16,0.5245098039215687,0.0,0.0,Seasonal-Naive Forecast,True,True,True,False,Critical Stockout,Immediate Reorder
ST17,SKU03583,137,24,10,2.0,,2.0,Average Weekly Demand,False,False,False,False,Healthy / Monitor,No Immediate Action
ST26,SKU04571,0,100,35,0.3069306930693069,0.0,0.0,Seasonal-Naive Forecast,True,True,True,False,Critical Stockout,Immediate Reorder
ST09,SKU03476,0,73,19,0.0851063829787234,0.0,0.0,Seasonal-Naive Forecast,True,True,True,False,Critical Stockout,Immediate Reorder
ST30,SKU03535,0,20,4,0.12738853503184713,0.0,0.0,Seasonal-Naive Forecast,True,True,True,False,Critical Stockout,Immediate Reorder
ST05,SKU02660,0,90,30,0.14673913043478262,0.0,0.0,Seasonal-Naive Forecast,True,True,True,False,Critical Stockout,Immediate Reorder
ST07,SKU00531,0,79,34,0.12264150943396226,0.0,0.0,Seasonal-Naive Forecast,True,True,True,False,Critical Stockout,Immediate Reorder
ST24,SKU00942,0,51,25,0.3883495145631068,0.0,0.0,Seasonal-Naive Forecast,True,True,True,False,Critical Stockout,Immediate Reorder
ST08,SKU04381,0,48,20,0.23880597014925373,0.0,0.0,Seasonal-Naive Forecast,True,True,True,False,Critical Stockout,Immediate Reorder
ST30,SKU04140,0,76,35,0.10465116279069768,0.0,0.0,Seasonal-Naive Forecast,True,True,True,False,Critical Stockout,Immediate Reorder
ST20,SKU00190,0,54,23,0.4223300970873786,0.0,0.0,Seasonal-Naive Forecast,True,True,True,False,Critical Stockout,Immediate Reorder
ST11,SKU04571,0,25,11,0.3069306930693069,0.0,0.0,Seasonal-Naive Forecast,True,True,True,False,Critical Stockout,Immediate Reorder
ST28,SKU04215,273,50,12,0.0851063829787234,,0.0851063829787234,Average Weekly Demand,False,False,False,False,Healthy / Monitor,No Immediate Action
ST30,SKU04032,0,91,35,0.17525773195876287,0.0,0.0,Seasonal-Naive Forecast,True,True,True,False,Critical Stockout,Immediate Reorder
ST28,SKU00953,0,20,6,0.4830917874396135,0.0,0.0,Seasonal-Naive Forecast,True,True,True,False,Critical Stockout,Immediate Reorder
ST20,SKU04741,479,100,24,2.0,,2.0,Average Weekly Demand,False,False,False,False,Healthy / Monitor,No Immediate Action
ST01,SKU01466,0,85,37,0.055,0.0,0.0,Seasonal-Naive Forecast,True,True,True,False,Critical Stockout,Immediate Reorder
ST20,SKU02660,0,58,25,0.14673913043478262,0.0,0.0,Seasonal-Naive Forecast,True,True,True,False,Critical Stockout,Immediate Reorder
ST17,SKU00376,0,24,9,0.1407035175879397,0.0,0.0,Seasonal-Naive Forecast,True,True,True,False,Critical Stockout,Immediate Reorder
ST10,SKU01420,0,72,15,0.2765957446808511,1.0,1.0,Seasonal-Naive Forecast,True,True,True,False,Critical Stockout,Immediate Reorder
ST15,SKU04652,203,61,13,0.016129032258064516,0.0,0.0,Seasonal-Naive Forecast,False,False,False,True,Overstock Candidate,Review / Reduce Inventory
ST14,SKU00263,0,93,32,0.13793103448275862,0.0,0.0,Seasonal-Naive Forecast,True,True,True,False,Critical Stockout,Immediate Reorder
ST30,SKU02543,0,69,19,0.11351351351351352,0.0,0.0,Seasonal-Naive Forecast,True,True,True,False,Critical Stockout,Immediate Reorder
ST07,SKU03727,0,38,17,0.7644230769230769,0.0,0.0,Seasonal-Naive Forecast,True,True,True,False,Critical Stockout,Immediate Reorder
ST16,SKU00285,0,56,14,0.3553299492385787,0.0,0.0,Seasonal-Naive Forecast,True,True,True,False,Critical Stockout,Immediate Reorder
ST15,SKU03968,276,76,37,1.0,,1.0,Average Weekly Demand,False,False,False,False,Healthy / Monitor,No Immediate Action
ST11,SKU00291,0,98,34,0.04065040650406504,0.0,0.0,Seasonal-Naive Forecast,True,True,True,False,Critical Stockout,Immediate Reorder
ST11,SKU00062,0,75,26,0.0975609756097561,0.0,0.0,Seasonal-Naive Forecast,True,True,True,False,Critical Stockout,Immediate Reorder
ST17,SKU03088,0,31,7,0.3,0.0,0.0,Seasonal-Naive Forecast,True,True,True,False,Critical Stockout,Immediate Reorder
ST11,SKU02519,324,76,19,0.05357142857142857,0.0,0.0,Seasonal-Naive Forecast,False,False,False,True,Overstock Candidate,Review / Reduce Inventory
ST11,SKU02640,0,29,13,0.07179487179487179,0.0,0.0,Seasonal-Naive Forecast,True,True,True,False,Critical Stockout,Immediate Reorder
ST25,SKU03743,0,85,37,0.12418300653594772,0.0,0.0,Seasonal-Naive Forecast,True,True,True,False,Critical Stockout,Immediate Reorder
ST29,SKU04508,0,68,34,0.1902439024390244,0.0,0.0,Seasonal-Naive Forecast,True,True,True,False,Critical Stockout,Immediate Reorder
ST28,SKU02068,0,82,35,0.15894039735099338,0.0,0.0,Seasonal-Naive Forecast,True,True,True,False,Critical Stockout,Immediate Reorder
ST12,SKU04046,0,44,15,0.043478260869565216,0.0,0.0,Seasonal-Naive Forecast,True,True,True,False,Critical Stockout,Immediate Reorder
ST20,SKU03870,0,40,11,0.07228915662650602,0.0,0.0,Seasonal-Naive Forecast,True,True,True,False,Critical Stockout,Immediate Reorder
ST13,SKU00484,0,22,4,0.18181818181818182,0.0,0.0,Seasonal-Naive Forecast,True,True,True,False,Critical Stockout,Immediate Reorder
ST21,SKU04280,0,31,12,0.07017543859649122,0.0,0.0,Seasonal-Naive Forecast,True,True,True,False,Critical Stockout,Immediate Reorder
ST21,SKU00079,0,60,28,0.3402061855670103,0.0,0.0,Seasonal-Naive Forecast,True,True,True,False,Critical Stockout,Immediate Reorder
ST22,SKU02640,0,26,13,0.07179487179487179,0.0,0.0,Seasonal-Naive Forecast,True,True,True,False,Critical Stockout,Immediate Reorder
ST22,SKU04626,0,71,32,0.0582010582010582,0.0,0.0,Seasonal-Naive Forecast,True,True,True,False,Critical Stockout,Immediate Reorder
ST06,SKU02780,396,86,37,1.0,,1.0,Average Weekly Demand,False,False,False,False,Healthy / Monitor,No Immediate Action
ST17,SKU02538,0,50,11,0.14193548387096774,0.0,0.0,Seasonal-Naive Forecast,True,True,True,False,Critical Stockout,Immediate Reorder
ST06,SKU03840,0,76,19,0.18716577540106952,0.0,0.0,Seasonal-Naive Forecast,True,True,True,False,Critical Stockout,Immediate Reorder
ST09,SKU01371,0,34,8,0.39086294416243655,0.0,0.0,Seasonal-Naive Forecast,True,True,True,False,Critical Stockout,Immediate Reorder
ST03,SKU02737,0,81,32,0.1103448275862069,0.0,0.0,Seasonal-Naive Forecast,True,True,True,False,Critical Stockout,Immediate Reorder
ST06,SKU00002,0,60,25,0.24630541871921183,0.0,0.0,Seasonal-Naive Forecast,True,True,True,False,Critical Stockout,Immediate Reorder
ST28,SKU00942,0,98,34,0.3883495145631068,0.0,0.0,Seasonal-Naive Forecast,True,True,True,False,Critical Stockout,Immediate Reorder
ST22,SKU01164,0,29,10,0.09090909090909091,0.0,0.0,Seasonal-Naive Forecast,True,True,True,False,Critical Stockout,Immediate Reorder
ST15,SKU04157,0,41,16,0.08287292817679558,0.0,0.0,Seasonal-Naive Forecast,True,True,True,False,Critical Stockout,Immediate Reorder
ST26,SKU04144,178,49,10,0.024844720496894408,0.0,0.0,Seasonal-Naive Forecast,False,False,False,True,Overstock Candidate,Review / Reduce Inventory
ST27,SKU02531,0,51,25,0.11961722488038277,0.0,0.0,Seasonal-Naive Forecast,True,True,True,False,Critical Stockout,Immediate Reorder
ST11,SKU03876,0,75,26,0.10810810810810811,0.0,0.0,Seasonal-Naive Forecast,True,True,True,False,Critical Stockout,Immediate Reorder
ST12,SKU01189,0,34,15,0.10227272727272728,0.0,0.0,Seasonal-Naive Forecast,True,True,True,False,Critical Stockout,Immediate Reorder
ST21,SKU00376,0,62,13,0.1407035175879397,0.0,0.0,Seasonal-Naive Forecast,True,True,True,False,Critical Stockout,Immediate Reorder
ST04,SKU00974,0,29,8,0.05952380952380952,0.0,0.0,Seasonal-Naive Forecast,True,True,True,False,Critical Stockout,Immediate Reorder
ST14,SKU01662,0,76,17,0.11564625850340136,0.0,0.0,Seasonal-Naive Forecast,True,True,True,False,Critical Stockout,Immediate Reorder
ST16,SKU04596,0,72,35,1.4202898550724639,0.0,0.0,Seasonal-Naive Forecast,True,True,True,False,Critical Stockout,Immediate Reorder
ST30,SKU04652,122,22,11,0.016129032258064516,0.0,0.0,Seasonal-Naive Forecast,False,False,False,True,Overstock Candidate,Review / Reduce Inventory
ST04,SKU03323,0,61,24,0.2235294117647059,0.0,0.0,Seasonal-Naive Forecast,True,True,True,False,Critical Stockout,Immediate Reorder
ST15,SKU02923,0,88,40,0.08235294117647059,0.0,0.0,Seasonal-Naive Forecast,True,True,True,False,Critical Stockout,Immediate Reorder
ST21,SKU00994,0,82,35,0.44607843137254904,0.0,0.0,Seasonal-Naive Forecast,True,True,True,False,Critical Stockout,Immediate Reorder
ST22,SKU02387,461,100,27,0.15789473684210525,,0.15789473684210525,Average Weekly Demand,False,False,False,False,Healthy / Monitor,No Immediate Action
ST05,SKU04032,0,31,7,0.17525773195876287,0.0,0.0,Seasonal-Naive Forecast,True,True,True,False,Critical Stockout,Immediate Reorder
ST25,SKU04913,0,88,28,0.1503267973856209,0.0,0.0,Seasonal-Naive Forecast,True,True,True,False,Critical Stockout,Immediate Reorder
ST27,SKU04693,212,50,18,0.04,0.0,0.0,Seasonal-Naive Forecast,False,False,False,True,Overstock Candidate,Review / Reduce Inventory
ST04,SKU00774,0,58,15,0.1951219512195122,0.0,0.0,Seasonal-Naive Forecast,True,True,True,False,Critical Stockout,Immediate Reorder
ST26,SKU03286,415,82,19,1.0,,1.0,Average Weekly Demand,False,False,False,False,Healthy / Monitor,No Immediate Action
ST17,SKU02648,0,55,16,0.07262569832402235,0.0,0.0,Seasonal-Naive Forecast,True,True,True,False,Critical Stockout,Immediate Reorder
ST03,SKU02484,0,99,21,0.07142857142857142,0.0,0.0,Seasonal-Naive Forecast,True,True,True,False,Critical Stockout,Immediate Reorder
ST24,SKU02543,0,92,41,0.11351351351351352,0.0,0.0,Seasonal-Naive Forecast,True,True,True,False,Critical Stockout,Immediate Reorder
ST25,SKU04350,0,48,13,0.19786096256684493,0.0,0.0,Seasonal-Naive Forecast,True,True,True,False,Critical Stockout,Immediate Reorder
ST30,SKU00264,0,72,26,0.2,0.0,0.0,Seasonal-Naive Forecast,True,True,True,False,Critical Stockout,Immediate Reorder
ST07,SKU02737,0,45,18,0.1103448275862069,0.0,0.0,Seasonal-Naive Forecast,True,True,True,False,Critical Stockout,Immediate Reorder
ST01,SKU02141,0,97,29,0.5245098039215687,0.0,0.0,Seasonal-Naive Forecast,True,True,True,False,Critical Stockout,Immediate Reorder
ST16,SKU02449,0,46,20,0.14457831325301204,0.0,0.0,Seasonal-Naive Forecast,True,True,True,False,Critical Stockout,Immediate Reorder
ST24,SKU01751,0,36,17,0.07407407407407407,0.0,0.0,Seasonal-Naive Forecast,True,True,True,False,Critical Stockout,Immediate Reorder
ST22,SKU01045,0,89,23,0.4623115577889447,2.0,2.0,Seasonal-Naive Forecast,True,True,True,False,Critical Stockout,Immediate Reorder
ST02,SKU02648,0,93,41,0.07262569832402235,0.0,0.0,Seasonal-Naive Forecast,True,True,True,False,Critical Stockout,Immediate Reorder
ST10,SKU01048,0,70,22,0.13157894736842105,0.0,0.0,Seasonal-Naive Forecast,True,True,True,False,Critical Stockout,Immediate Reorder
ST27,SKU04627,0,34,16,0.05056179775280899,0.0,0.0,Seasonal-Naive Forecast,True,True,True,False,Critical Stockout,Immediate Reorder
ST25,SKU03800,0,36,8,0.15025906735751296,0.0,0.0,Seasonal-Naive Forecast,True,True,True,False,Critical Stockout,Immediate Reorder
ST06,SKU03292,0,76,29,0.4729064039408867,0.0,0.0,Seasonal-Naive Forecast,True,True,True,False,Critical Stockout,Immediate Reorder
ST17,SKU02340,0,90,33,0.15384615384615385,0.0,0.0,Seasonal-Naive Forecast,True,True,True,False,Critical Stockout,Immediate Reorder
ST03,SKU02176,0,40,16,0.11564625850340136,0.0,0.0,Seasonal-Naive Forecast,True,True,True,False,Critical Stockout,Immediate Reorder
ST24,SKU04571,0,95,33,0.3069306930693069,0.0,0.0,Seasonal-Naive Forecast,True,True,True,False,Critical Stockout,Immediate Reorder
ST04,SKU03057,0,66,21,0.09821428571428571,0.0,0.0,Seasonal-Naive Forecast,True,True,True,False,Critical Stockout,Immediate Reorder
ST21,SKU01438,0,45,14,0.06206896551724138,0.0,0.0,Seasonal-Naive Forecast,True,True,True,False,Critical Stockout,Immediate Reorder
ST14,SKU01677,0,89,37,0.07731958762886598,4.0,4.0,Seasonal-Naive Forecast,True,True,True,False,Critical Stockout,Immediate Reorder
ST11,SKU00416,0,35,8,0.10857142857142857,0.0,0.0,Seasonal-Naive Forecast,True,True,True,False,Critical Stockout,Immediate Reorder
ST14,SKU01919,301,100,29,0.029411764705882353,0.0,0.0,Seasonal-Naive Forecast,False,False,False,True,Overstock Candidate,Review / Reduce Inventory
ST22,SKU02268,0,30,13,0.08648648648648649,0.0,0.0,Seasonal-Naive Forecast,True,True,True,False,Critical Stockout,Immediate Reorder
ST07,SKU00953,0,67,28,0.4830917874396135,0.0,0.0,Seasonal-Naive Forecast,True,True,True,False,Critical Stockout,Immediate Reorder
ST17,SKU04381,0,76,19,0.23880597014925373,0.0,0.0,Seasonal-Naive Forecast,True,True,True,False,Critical Stockout,Immediate Reorder
ST29,SKU01466,0,61,25,0.055,0.0,0.0,Seasonal-Naive Forecast,True,True,True,False,Critical Stockout,Immediate Reorder
ST24,SKU00893,0,71,33,0.17098445595854922,0.0,0.0,Seasonal-Naive Forecast,True,True,True,False,Critical Stockout,Immediate Reorder
ST29,SKU00190,0,58,19,0.4223300970873786,0.0,0.0,Seasonal-Naive Forecast,True,True,True,False,Critical Stockout,Immediate Reorder
ST21,SKU01009,0,32,16,0.12299465240641712,2.0,2.0,Seasonal-Naive Forecast,True,True,True,False,Critical Stockout,Immediate Reorder
ST08,SKU01420,0,51,25,0.2765957446808511,1.0,1.0,Seasonal-Naive Forecast,True,True,True,False,Critical Stockout,Immediate Reorder
ST10,SKU00190,0,64,31,0.4223300970873786,0.0,0.0,Seasonal-Naive Forecast,True,True,True,False,Critical Stockout,Immediate Reorder
ST27,SKU00628,0,80,32,0.08917197452229299,0.0,0.0,Seasonal-Naive Forecast,True,True,True,False,Critical Stockout,Immediate Reorder
ST05,SKU00317,118,27,13,0.05263157894736842,0.0,0.0,Seasonal-Naive Forecast,False,False,False,True,Overstock Candidate,Review / Reduce Inventory
ST16,SKU04653,136,28,8,0.05970149253731343,0.0,0.0,Seasonal-Naive Forecast,False,False,False,True,Overstock Candidate,Review / Reduce Inventory
ST06,SKU04315,0,48,12,0.04419889502762431,0.0,0.0,Seasonal-Naive Forecast,True,True,True,False,Critical Stockout,Immediate Reorder
ST15,SKU03088,0,81,36,0.3,0.0,0.0,Seasonal-Naive Forecast,True,True,True,False,Critical Stockout,Immediate Reorder
ST13,SKU04476,0,72,31,0.06179775280898876,0.0,0.0,Seasonal-Naive Forecast,True,True,True,False,Critical Stockout,Immediate Reorder
ST16,SKU03727,0,32,10,0.7644230769230769,0.0,0.0,Seasonal-Naive Forecast,True,True,True,False,Critical Stockout,Immediate Reorder
ST07,SKU03907,0,26,12,0.12871287128712872,0.0,0.0,Seasonal-Naive Forecast,True,True,True,False,Critical Stockout,Immediate Reorder
ST29,SKU04191,0,22,8,0.11904761904761904,0.0,0.0,Seasonal-Naive Forecast,True,True,True,False,Critical Stockout,Immediate Reorder
ST24,SKU03150,465,81,31,0.04597701149425287,0.0,0.0,Seasonal-Naive Forecast,False,False,False,True,Overstock Candidate,Review / Reduce Inventory
ST04,SKU03851,0,83,24,0.0707070707070707,0.0,0.0,Seasonal-Naive Forecast,True,True,True,False,Critical Stockout,Immediate Reorder
ST22,SKU04551,0,85,20,0.12021857923497267,0.0,0.0,Seasonal-Naive Forecast,True,True,True,False,Critical Stockout,Immediate Reorder
ST28,SKU03053,0,26,11,0.06875,0.0,0.0,Seasonal-Naive Forecast,True,True,True,False,Critical Stockout,Immediate Reorder
ST09,SKU02114,273,48,13,0.08433734939759036,0.0,0.0,Seasonal-Naive Forecast,False,False,False,True,Overstock Candidate,Review / Reduce Inventory
ST17,SKU02355,0,58,16,0.04487179487179487,0.0,0.0,Seasonal-Naive Forecast,True,True,True,False,Critical Stockout,Immediate Reorder
ST19,SKU04350,0,95,32,0.19786096256684493,0.0,0.0,Seasonal-Naive Forecast,True,True,True,False,Critical Stockout,Immediate Reorder
ST20,SKU00788,76,24,8,1.0,,1.0,Average Weekly Demand,False,False,False,False,Healthy / Monitor,No Immediate Action
ST26,SKU01370,0,66,22,0.0821917808219178,0.0,0.0,Seasonal-Naive Forecast,True,True,True,False,Critical Stockout,Immediate Reorder
ST05,SKU00264,0,71,34,0.2,0.0,0.0,Seasonal-Naive Forecast,True,True,True,False,Critical Stockout,Immediate Reorder
ST22,SKU02954,0,59,28,0.29411764705882354,0.0,0.0,Seasonal-Naive Forecast,True,True,True,False,Critical Stockout,Immediate Reorder
ST01,SKU01030,0,91,45,0.15555555555555556,0.0,0.0,Seasonal-Naive Forecast,True,True,True,False,Critical Stockout,Immediate Reorder
ST18,SKU04646,0,52,23,0.12254901960784313,0.0,0.0,Seasonal-Naive Forecast,True,True,True,False,Critical Stockout,Immediate Reorder
ST29,SKU03199,0,85,32,0.03684210526315789,0.0,0.0,Seasonal-Naive Forecast,True,True,True,False,Critical Stockout,Immediate Reorder
ST12,SKU02737,0,74,26,0.1103448275862069,0.0,0.0,Seasonal-Naive Forecast,True,True,True,False,Critical Stockout,Immediate Reorder
ST20,SKU04318,0,98,38,0.19760479041916168,0.0,0.0,Seasonal-Naive Forecast,True,True,True,False,Critical Stockout,Immediate Reorder
ST07,SKU03975,600,100,35,1.0,,1.0,Average Weekly Demand,False,False,False,False,Healthy / Monitor,No Immediate Action
ST07,SKU00942,0,58,19,0.3883495145631068,0.0,0.0,Seasonal-Naive Forecast,True,True,True,False,Critical Stockout,Immediate Reorder
ST19,SKU00538,0,33,13,0.06818181818181818,0.0,0.0,Seasonal-Naive Forecast,True,True,True,False,Critical Stockout,Immediate Reorder
ST29,SKU03562,343,68,24,2.0,,2.0,Average Weekly Demand,False,False,False,False,Healthy / Monitor,No Immediate Action
ST27,SKU00254,0,76,26,0.06666666666666667,0.0,0.0,Seasonal-Naive Forecast,True,True,True,False,Critical Stockout,Immediate Reorder
ST06,SKU02531,0,99,23,0.11961722488038277,0.0,0.0,Seasonal-Naive Forecast,True,True,True,False,Critical Stockout,Immediate Reorder
ST09,SKU00893,0,62,27,0.17098445595854922,0.0,0.0,Seasonal-Naive Forecast,True,True,True,False,Critical Stockout,Immediate Reorder
ST14,SKU00190,0,42,14,0.4223300970873786,0.0,0.0,Seasonal-Naive Forecast,True,True,True,False,Critical Stockout,Immediate Reorder
ST15,SKU01317,0,26,8,0.10270270270270271,0.0,0.0,Seasonal-Naive Forecast,True,True,True,False,Critical Stockout,Immediate Reorder
ST16,SKU03353,0,79,37,0.07913669064748201,0.0,0.0,Seasonal-Naive Forecast,True,True,True,False,Critical Stockout,Immediate Reorder
ST29,SKU04756,0,73,35,0.15625,0.0,0.0,Seasonal-Naive Forecast,True,True,True,False,Critical Stockout,Immediate Reorder
ST07,SKU03425,0,89,44,0.07407407407407407,0.0,0.0,Seasonal-Naive Forecast,True,True,True,False,Critical Stockout,Immediate Reorder
ST30,SKU00376,0,67,27,0.1407035175879397,0.0,0.0,Seasonal-Naive Forecast,True,True,True,False,Critical Stockout,Immediate Reorder
ST03,SKU04824,0,82,37,0.09090909090909091,0.0,0.0,Seasonal-Naive Forecast,True,True,True,False,Critical Stockout,Immediate Reorder
ST25,SKU02368,0,68,27,0.22448979591836735,0.0,0.0,Seasonal-Naive Forecast,True,True,True,False,Critical Stockout,Immediate Reorder
ST09,SKU03592,190,48,12,1.0,,1.0,Average Weekly Demand,False,False,False,False,Healthy / Monitor,No Immediate Action
ST24,SKU00574,369,71,18,4.0,,4.0,Average Weekly Demand,False,False,False,False,Healthy / Monitor,No Immediate Action
ST03,SKU04032,0,78,28,0.17525773195876287,0.0,0.0,Seasonal-Naive Forecast,True,True,True,False,Critical Stockout,Immediate Reorder
ST30,SKU03088,0,87,29,0.3,0.0,0.0,Seasonal-Naive Forecast,True,True,True,False,Critical Stockout,Immediate Reorder
ST06,SKU03633,0,26,11,0.1291866028708134,0.0,0.0,Seasonal-Naive Forecast,True,True,True,False,Critical Stockout,Immediate Reorder
ST04,SKU04913,0,50,10,0.1503267973856209,0.0,0.0,Seasonal-Naive Forecast,True,True,True,False,Critical Stockout,Immediate Reorder
ST21,SKU00127,229,71,22,0.058823529411764705,0.0,0.0,Seasonal-Naive Forecast,False,False,False,True,Overstock Candidate,Review / Reduce Inventory
ST25,SKU04154,0,83,31,0.7121951219512195,0.0,0.0,Seasonal-Naive Forecast,True,True,True,False,Critical Stockout,Immediate Reorder
ST11,SKU01775,0,85,26,0.41025641025641024,0.0,0.0,Seasonal-Naive Forecast,True,True,True,False,Critical Stockout,Immediate Reorder
ST12,SKU00953,0,78,27,0.4830917874396135,0.0,0.0,Seasonal-Naive Forecast,True,True,True,False,Critical Stockout,Immediate Reorder
ST28,SKU02129,131,28,12,2.0,,2.0,Average Weekly Demand,False,False,False,False,Healthy / Monitor,No Immediate Action
ST22,SKU02580,162,39,10,0.13043478260869565,,0.13043478260869565,Average Weekly Demand,False,False,False,False,Healthy / Monitor,No Immediate Action
ST13,SKU00774,0,86,38,0.1951219512195122,0.0,0.0,Seasonal-Naive Forecast,True,True,True,False,Critical Stockout,Immediate Reorder
ST03,SKU02543,0,76,33,0.11351351351351352,0.0,0.0,Seasonal-Naive Forecast,True,True,True,False,Critical Stockout,Immediate Reorder
ST09,SKU00264,0,65,28,0.2,0.0,0.0,Seasonal-Naive Forecast,True,True,True,False,Critical Stockout,Immediate Reorder
ST03,SKU03603,193,41,17,1.0,,1.0,Average Weekly Demand,False,False,False,False,Healthy / Monitor,No Immediate Action
ST14,SKU00500,0,100,42,0.10596026490066225,0.0,0.0,Seasonal-Naive Forecast,True,True,True,False,Critical Stockout,Immediate Reorder
ST19,SKU00285,0,30,13,0.3553299492385787,0.0,0.0,Seasonal-Naive Forecast,True,True,True,False,Critical Stockout,Immediate Reorder
ST29,SKU02141,0,50,25,0.5245098039215687,0.0,0.0,Seasonal-Naive Forecast,True,True,True,False,Critical Stockout,Immediate Reorder
ST10,SKU02141,0,63,17,0.5245098039215687,0.0,0.0,Seasonal-Naive Forecast,True,True,True,False,Critical Stockout,Immediate Reorder
ST14,SKU03199,0,93,27,0.03684210526315789,0.0,0.0,Seasonal-Naive Forecast,True,True,True,False,Critical Stockout,Immediate Reorder
ST07,SKU02930,0,76,32,0.30434782608695654,0.0,0.0,Seasonal-Naive Forecast,True,True,True,False,Critical Stockout,Immediate Reorder
ST03,SKU01993,0,53,13,0.20710059171597633,1.0,1.0,Seasonal-Naive Forecast,True,True,True,False,Critical Stockout,Immediate Reorder
ST09,SKU04144,251,53,24,0.024844720496894408,0.0,0.0,Seasonal-Naive Forecast,False,False,False,True,Overstock Candidate,Review / Reduce Inventory
ST19,SKU03105,365,97,31,3.0,,3.0,Average Weekly Demand,False,False,False,False,Healthy / Monitor,No Immediate Action
ST30,SKU00002,0,60,28,0.24630541871921183,0.0,0.0,Seasonal-Naive Forecast,True,True,True,False,Critical Stockout,Immediate Reorder
ST04,SKU00538,0,79,29,0.06818181818181818,0.0,0.0,Seasonal-Naive Forecast,True,True,True,False,Critical Stockout,Immediate Reorder
ST20,SKU01784,0,60,15,0.09826589595375723,0.0,0.0,Seasonal-Naive Forecast,True,True,True,False,Critical Stockout,Immediate Reorder
ST22,SKU04166,0,87,29,0.16184971098265896,0.0,0.0,Seasonal-Naive Forecast,True,True,True,False,Critical Stockout,Immediate Reorder
ST23,SKU03492,352,59,20,1.0,,1.0,Average Weekly Demand,False,False,False,False,Healthy / Monitor,No Immediate Action
ST05,SKU02657,0,36,13,0.14215686274509803,0.0,0.0,Seasonal-Naive Forecast,True,True,True,False,Critical Stockout,Immediate Reorder
ST06,SKU03030,0,29,13,0.10179640718562874,0.0,0.0,Seasonal-Naive Forecast,True,True,True,False,Critical Stockout,Immediate Reorder
ST16,SKU01274,0,28,7,0.12376237623762376,0.0,0.0,Seasonal-Naive Forecast,True,True,True,False,Critical Stockout,Immediate Reorder
ST21,SKU00692,0,60,29,0.13471502590673576,0.0,0.0,Seasonal-Naive Forecast,True,True,True,False,Critical Stockout,Immediate Reorder
ST18,SKU04824,0,64,26,0.09090909090909091,0.0,0.0,Seasonal-Naive Forecast,True,True,True,False,Critical Stockout,Immediate Reorder
ST17,SKU03030,0,49,14,0.10179640718562874,0.0,0.0,Seasonal-Naive Forecast,True,True,True,False,Critical Stockout,Immediate Reorder
ST15,SKU04381,0,41,14,0.23880597014925373,0.0,0.0,Seasonal-Naive Forecast,True,True,True,False,Critical Stockout,Immediate Reorder
ST06,SKU01420,0,79,27,0.2765957446808511,1.0,1.0,Seasonal-Naive Forecast,True,True,True,False,Critical Stockout,Immediate Reorder
ST03,SKU03108,216,50,14,1.0,,1.0,Average Weekly Demand,False,False,False,False,Healthy / Monitor,No Immediate Action
ST16,SKU00832,0,62,16,0.09482758620689655,0.0,0.0,Seasonal-Naive Forecast,True,True,True,False,Critical Stockout,Immediate Reorder
ST27,SKU04633,0,92,40,0.04375,0.0,0.0,Seasonal-Naive Forecast,True,True,True,False,Critical Stockout,Immediate Reorder
ST08,SKU00190,0,39,9,0.4223300970873786,0.0,0.0,Seasonal-Naive Forecast,True,True,True,False,Critical Stockout,Immediate Reorder
ST01,SKU00416,0,76,31,0.10857142857142857,0.0,0.0,Seasonal-Naive Forecast,True,True,True,False,Critical Stockout,Immediate Reorder
ST16,SKU00953,0,36,9,0.4830917874396135,0.0,0.0,Seasonal-Naive Forecast,True,True,True,False,Critical Stockout,Immediate Reorder
ST26,SKU04381,0,23,5,0.23880597014925373,0.0,0.0,Seasonal-Naive Forecast,True,True,True,False,Critical Stockout,Immediate Reorder
ST20,SKU00550,197,51,19,1.0,,1.0,Average Weekly Demand,False,False,False,False,Healthy / Monitor,No Immediate Action
ST14,SKU02462,0,47,12,0.14285714285714285,0.0,0.0,Seasonal-Naive Forecast,True,True,True,False,Critical Stockout,Immediate Reorder
ST08,SKU00553,320,63,30,0.14285714285714285,,0.14285714285714285,Average Weekly Demand,False,False,False,False,Healthy / Monitor,No Immediate Action
ST04,SKU03292,0,63,31,0.4729064039408867,0.0,0.0,Seasonal-Naive Forecast,True,True,True,False,Critical Stockout,Immediate Reorder
ST04,SKU03063,0,34,16,0.06806282722513089,0.0,0.0,Seasonal-Naive Forecast,True,True,True,False,Critical Stockout,Immediate Reorder
ST12,SKU04580,159,46,18,1.0,,1.0,Average Weekly Demand,False,False,False,False,Healthy / Monitor,No Immediate Action
ST27,SKU01037,0,20,6,0.18243243243243243,0.0,0.0,Seasonal-Naive Forecast,True,True,True,False,Critical Stockout,Immediate Reorder
ST23,SKU00285,0,42,16,0.3553299492385787,0.0,0.0,Seasonal-Naive Forecast,True,True,True,False,Critical Stockout,Immediate Reorder
ST08,SKU01037,0,63,20,0.18243243243243243,0.0,0.0,Seasonal-Naive Forecast,True,True,True,False,Critical Stockout,Immediate Reorder
ST11,SKU02503,0,65,26,0.05291005291005291,0.0,0.0,Seasonal-Naive Forecast,True,True,True,False,Critical Stockout,Immediate Reorder
ST04,SKU00285,0,21,5,0.3553299492385787,0.0,0.0,Seasonal-Naive Forecast,True,True,True,False,Critical Stockout,Immediate Reorder
ST13,SKU03609,531,90,34,1.25,,1.25,Average Weekly Demand,False,False,False,False,Healthy / Monitor,No Immediate Action
ST20,SKU00350,184,56,11,0.07142857142857142,,0.07142857142857142,Average Weekly Demand,False,False,False,False,Healthy / Monitor,No Immediate Action
ST07,SKU01993,0,85,34,0.20710059171597633,1.0,1.0,Seasonal-Naive Forecast,True,True,True,False,Critical Stockout,Immediate Reorder
ST22,SKU04489,0,35,9,0.12804878048780488,1.0,1.0,Seasonal-Naive Forecast,True,True,True,False,Critical Stockout,Immediate Reorder
ST07,SKU04329,0,33,9,0.3316062176165803,0.0,0.0,Seasonal-Naive Forecast,True,True,True,False,Critical Stockout,Immediate Reorder
ST05,SKU00994,0,51,25,0.44607843137254904,0.0,0.0,Seasonal-Naive Forecast,True,True,True,False,Critical Stockout,Immediate Reorder
ST16,SKU02176,0,51,14,0.11564625850340136,0.0,0.0,Seasonal-Naive Forecast,True,True,True,False,Critical Stockout,Immediate Reorder
ST02,SKU04348,0,41,18,0.1076923076923077,0.0,0.0,Seasonal-Naive Forecast,True,True,True,False,Critical Stockout,Immediate Reorder
ST29,SKU02532,0,92,32,0.14782608695652175,0.0,0.0,Seasonal-Naive Forecast,True,True,True,False,Critical Stockout,Immediate Reorder
ST03,SKU00264,0,86,24,0.2,0.0,0.0,Seasonal-Naive Forecast,True,True,True,False,Critical Stockout,Immediate Reorder
ST05,SKU02538,0,71,33,0.14193548387096774,0.0,0.0,Seasonal-Naive Forecast,True,True,True,False,Critical Stockout,Immediate Reorder
ST21,SKU03030,0,22,7,0.10179640718562874,0.0,0.0,Seasonal-Naive Forecast,True,True,True,False,Critical Stockout,Immediate Reorder
ST11,SKU02692,0,45,13,0.143646408839779,0.0,0.0,Seasonal-Naive Forecast,True,True,True,False,Critical Stockout,Immediate Reorder
ST16,SKU00942,0,99,48,0.3883495145631068,0.0,0.0,Seasonal-Naive Forecast,True,True,True,False,Critical Stockout,Immediate Reorder
ST03,SKU04157,0,85,31,0.08287292817679558,0.0,0.0,Seasonal-Naive Forecast,True,True,True,False,Critical Stockout,Immediate Reorder
ST20,SKU03693,0,37,13,0.1270718232044199,0.0,0.0,Seasonal-Naive Forecast,True,True,True,False,Critical Stockout,Immediate Reorder
ST06,SKU04926,0,94,22,0.12574850299401197,0.0,0.0,Seasonal-Naive Forecast,True,True,True,False,Critical Stockout,Immediate Reorder
ST22,SKU02692,0,97,21,0.143646408839779,0.0,0.0,Seasonal-Naive Forecast,True,True,True,False,Critical Stockout,Immediate Reorder
ST21,SKU04453,0,74,30,0.14838709677419354,0.0,0.0,Seasonal-Naive Forecast,True,True,True,False,Critical Stockout,Immediate Reorder
ST21,SKU01420,0,46,22,0.2765957446808511,1.0,1.0,Seasonal-Naive Forecast,True,True,True,False,Critical Stockout,Immediate Reorder
ST29,SKU03876,0,31,13,0.10810810810810811,0.0,0.0,Seasonal-Naive Forecast,True,True,True,False,Critical Stockout,Immediate Reorder
ST21,SKU01662,0,25,12,0.11564625850340136,0.0,0.0,Seasonal-Naive Forecast,True,True,True,False,Critical Stockout,Immediate Reorder
ST28,SKU00389,204,38,18,1.0,,1.0,Average Weekly Demand,False,False,False,False,Healthy / Monitor,No Immediate Action
ST24,SKU01438,0,24,8,0.06206896551724138,0.0,0.0,Seasonal-Naive Forecast,True,True,True,False,Critical Stockout,Immediate Reorder
ST14,SKU02840,0,30,8,0.11282051282051282,0.0,0.0,Seasonal-Naive Forecast,True,True,True,False,Critical Stockout,Immediate Reorder
ST21,SKU00749,336,60,23,0.06976744186046512,,0.06976744186046512,Average Weekly Demand,False,False,False,False,Healthy / Monitor,No Immediate Action
ST26,SKU03257,166,28,13,2.0,,2.0,Average Weekly Demand,False,False,False,False,Healthy / Monitor,No Immediate Action
ST09,SKU00994,0,97,25,0.44607843137254904,0.0,0.0,Seasonal-Naive Forecast,True,True,True,False,Critical Stockout,Immediate Reorder
ST20,SKU04795,365,68,18,1.0,,1.0,Average Weekly Demand,False,False,False,False,Healthy / Monitor,No Immediate Action
ST11,SKU00774,0,69,26,0.1951219512195122,0.0,0.0,Seasonal-Naive Forecast,True,True,True,False,Critical Stockout,Immediate Reorder
ST27,SKU04690,153,43,9,2.0,,2.0,Average Weekly Demand,False,False,False,False,Healthy / Monitor,No Immediate Action
ST04,SKU04154,0,47,11,0.7121951219512195,0.0,0.0,Seasonal-Naive Forecast,True,True,True,False,Critical Stockout,Immediate Reorder
ST14,SKU02519,185,51,22,0.05357142857142857,0.0,0.0,Seasonal-Naive Forecast,False,False,False,True,Overstock Candidate,Review / Reduce Inventory
ST20,SKU01775,0,90,31,0.41025641025641024,0.0,0.0,Seasonal-Naive Forecast,True,True,True,False,Critical Stockout,Immediate Reorder
ST01,SKU02930,0,24,11,0.30434782608695654,0.0,0.0,Seasonal-Naive Forecast,True,True,True,False,Critical Stockout,Immediate Reorder
ST22,SKU01592,231,77,19,1.2,,1.2,Average Weekly Demand,False,False,False,False,Healthy / Monitor,No Immediate Action
ST14,SKU02640,0,91,38,0.07179487179487179,0.0,0.0,Seasonal-Naive Forecast,True,True,True,False,Critical Stockout,Immediate Reorder
ST29,SKU03702,0,63,16,0.08040201005025126,0.0,0.0,Seasonal-Naive Forecast,True,True,True,False,Critical Stockout,Immediate Reorder
ST01,SKU01775,0,71,35,0.41025641025641024,0.0,0.0,Seasonal-Naive Forecast,True,True,True,False,Critical Stockout,Immediate Reorder
ST01,SKU00728,0,82,23,0.10112359550561797,0.0,0.0,Seasonal-Naive Forecast,True,True,True,False,Critical Stockout,Immediate Reorder
ST29,SKU02079,0,36,18,0.049019607843137254,0.0,0.0,Seasonal-Naive Forecast,True,True,True,False,Critical Stockout,Immediate Reorder
ST20,SKU04245,0,93,41,0.12626262626262627,0.0,0.0,Seasonal-Naive Forecast,True,True,True,False,Critical Stockout,Immediate Reorder
ST08,SKU02141,0,37,13,0.5245098039215687,0.0,0.0,Seasonal-Naive Forecast,True,True,True,False,Critical Stockout,Immediate Reorder
ST20,SKU00286,0,75,22,0.295,0.0,0.0,Seasonal-Naive Forecast,True,True,True,False,Critical Stockout,Immediate Reorder
ST09,SKU03840,0,82,23,0.18716577540106952,0.0,0.0,Seasonal-Naive Forecast,True,True,True,False,Critical Stockout,Immediate Reorder
ST29,SKU01045,0,100,30,0.4623115577889447,2.0,2.0,Seasonal-Naive Forecast,True,True,True,False,Critical Stockout,Immediate Reorder
ST21,SKU04321,0,30,11,5.5311004784688995,10.0,10.0,Seasonal-Naive Forecast,True,True,True,False,Critical Stockout,Immediate Reorder
ST24,SKU02340,0,100,31,0.15384615384615385,0.0,0.0,Seasonal-Naive Forecast,True,True,True,False,Critical Stockout,Immediate Reorder
ST09,SKU00002,0,72,35,0.24630541871921183,0.0,0.0,Seasonal-Naive Forecast,True,True,True,False,Critical Stockout,Immediate Reorder
ST21,SKU03274,0,70,23,0.0661764705882353,0.0,0.0,Seasonal-Naive Forecast,True,True,True,False,Critical Stockout,Immediate Reorder
ST14,SKU04318,0,99,37,0.19760479041916168,0.0,0.0,Seasonal-Naive Forecast,True,True,True,False,Critical Stockout,Immediate Reorder
ST22,SKU00466,531,98,20,1.0,,1.0,Average Weekly Demand,False,False,False,False,Healthy / Monitor,No Immediate Action
ST29,SKU02576,132,28,10,1.0,,1.0,Average Weekly Demand,False,False,False,False,Healthy / Monitor,No Immediate Action
ST29,SKU02710,125,35,10,0.03048780487804878,0.0,0.0,Seasonal-Naive Forecast,False,False,False,True,Overstock Candidate,Review / Reduce Inventory
ST11,SKU00976,0,37,9,0.08441558441558442,0.0,0.0,Seasonal-Naive Forecast,True,True,True,False,Critical Stockout,Immediate Reorder
ST10,SKU00845,0,44,19,0.23737373737373738,0.0,0.0,Seasonal-Naive Forecast,True,True,True,False,Critical Stockout,Immediate Reorder
ST08,SKU00920,0,59,25,0.125,0.0,0.0,Seasonal-Naive Forecast,True,True,True,False,Critical Stockout,Immediate Reorder
ST07,SKU03031,299,71,26,0.11764705882352941,,0.11764705882352941,Average Weekly Demand,False,False,False,False,Healthy / Monitor,No Immediate Action
ST05,SKU04126,0,34,9,0.12195121951219512,0.0,0.0,Seasonal-Naive Forecast,True,True,True,False,Critical Stockout,Immediate Reorder
ST29,SKU02268,0,51,17,0.08648648648648649,0.0,0.0,Seasonal-Naive Forecast,True,True,True,False,Critical Stockout,Immediate Reorder
ST28,SKU00996,0,77,30,0.08235294117647059,0.0,0.0,Seasonal-Naive Forecast,True,True,True,False,Critical Stockout,Immediate Reorder
ST20,SKU00354,370,78,33,0.039735099337748346,0.0,0.0,Seasonal-Naive Forecast,False,False,False,True,Overstock Candidate,Review / Reduce Inventory
ST06,SKU00190,0,28,10,0.4223300970873786,0.0,0.0,Seasonal-Naive Forecast,True,True,True,False,Critical Stockout,Immediate Reorder
ST26,SKU03030,0,50,21,0.10179640718562874,0.0,0.0,Seasonal-Naive Forecast,True,True,True,False,Critical Stockout,Immediate Reorder
ST01,SKU04663,0,92,21,0.06521739130434782,,0.06521739130434782,Average Weekly Demand,True,True,True,False,Critical Stockout,Immediate Reorder
ST16,SKU04153,336,59,29,0.07142857142857142,0.0,0.0,Seasonal-Naive Forecast,False,False,False,True,Overstock Candidate,Review / Reduce Inventory
ST06,SKU04633,0,25,7,0.04375,0.0,0.0,Seasonal-Naive Forecast,True,True,True,False,Critical Stockout,Immediate Reorder
ST05,SKU04381,0,27,12,0.23880597014925373,0.0,0.0,Seasonal-Naive Forecast,True,True,True,False,Critical Stockout,Immediate Reorder
ST17,SKU00190,0,64,29,0.4223300970873786,0.0,0.0,Seasonal-Naive Forecast,True,True,True,False,Critical Stockout,Immediate Reorder
ST25,SKU00953,0,38,10,0.4830917874396135,0.0,0.0,Seasonal-Naive Forecast,True,True,True,False,Critical Stockout,Immediate Reorder
ST06,SKU02660,0,31,12,0.14673913043478262,0.0,0.0,Seasonal-Naive Forecast,True,True,True,False,Critical Stockout,Immediate Reorder
ST06,SKU03828,192,34,7,3.0,,3.0,Average Weekly Demand,False,False,False,False,Healthy / Monitor,No Immediate Action
ST14,SKU03702,0,94,43,0.08040201005025126,0.0,0.0,Seasonal-Naive Forecast,True,True,True,False,Critical Stockout,Immediate Reorder
ST06,SKU01037,0,95,40,0.18243243243243243,0.0,0.0,Seasonal-Naive Forecast,True,True,True,False,Critical Stockout,Immediate Reorder
ST11,SKU03259,0,98,28,0.21875,0.0,0.0,Seasonal-Naive Forecast,True,True,True,False,Critical Stockout,Immediate Reorder
ST14,SKU02776,0,37,9,0.04195804195804196,0.0,0.0,Seasonal-Naive Forecast,True,True,True,False,Critical Stockout,Immediate Reorder
ST14,SKU02079,0,45,10,0.049019607843137254,0.0,0.0,Seasonal-Naive Forecast,True,True,True,False,Critical Stockout,Immediate Reorder
ST04,SKU03727,0,99,34,0.7644230769230769,0.0,0.0,Seasonal-Naive Forecast,True,True,True,False,Critical Stockout,Immediate Reorder
ST24,SKU04315,0,49,11,0.04419889502762431,0.0,0.0,Seasonal-Naive Forecast,True,True,True,False,Critical Stockout,Immediate Reorder
ST17,SKU00929,0,36,13,0.75,,0.75,Average Weekly Demand,True,True,True,False,Critical Stockout,Immediate Reorder
ST03,SKU00994,0,55,17,0.44607843137254904,0.0,0.0,Seasonal-Naive Forecast,True,True,True,False,Critical Stockout,Immediate Reorder
ST25,SKU03907,0,23,8,0.12871287128712872,0.0,0.0,Seasonal-Naive Forecast,True,True,True,False,Critical Stockout,Immediate Reorder
ST08,SKU00062,0,45,15,0.0975609756097561,0.0,0.0,Seasonal-Naive Forecast,True,True,True,False,Critical Stockout,Immediate Reorder
ST14,SKU01045,0,45,22,0.4623115577889447,2.0,2.0,Seasonal-Naive Forecast,True,True,True,False,Critical Stockout,Immediate Reorder
ST29,SKU04551,0,70,18,0.12021857923497267,0.0,0.0,Seasonal-Naive Forecast,True,True,True,False,Critical Stockout,Immediate Reorder
ST22,SKU03609,220,68,16,1.25,,1.25,Average Weekly Demand,False,False,False,False,Healthy / Monitor,No Immediate Action
ST19,SKU00830,0,20,8,0.07471264367816093,0.0,0.0,Seasonal-Naive Forecast,True,True,True,False,Critical Stockout,Immediate Reorder
ST27,SKU04626,0,95,37,0.0582010582010582,0.0,0.0,Seasonal-Naive Forecast,True,True,True,False,Critical Stockout,Immediate Reorder
ST16,SKU01993,0,41,14,0.20710059171597633,1.0,1.0,Seasonal-Naive Forecast,True,True,True,False,Critical Stockout,Immediate Reorder
ST15,SKU04508,0,49,12,0.1902439024390244,0.0,0.0,Seasonal-Naive Forecast,True,True,True,False,Critical Stockout,Immediate Reorder
ST16,SKU04329,0,55,24,0.3316062176165803,0.0,0.0,Seasonal-Naive Forecast,True,True,True,False,Critical Stockout,Immediate Reorder
ST28,SKU03171,0,70,29,0.0641025641025641,0.0,0.0,Seasonal-Naive Forecast,True,True,True,False,Critical Stockout,Immediate Reorder
ST16,SKU03053,0,23,9,0.06875,0.0,0.0,Seasonal-Naive Forecast,True,True,True,False,Critical Stockout,Immediate Reorder
ST08,SKU04626,0,66,22,0.0582010582010582,0.0,0.0,Seasonal-Naive Forecast,True,True,True,False,Critical Stockout,Immediate Reorder
ST28,SKU03292,0,35,13,0.4729064039408867,0.0,0.0,Seasonal-Naive Forecast,True,True,True,False,Critical Stockout,Immediate Reorder
ST29,SKU00484,0,86,39,0.18181818181818182,0.0,0.0,Seasonal-Naive Forecast,True,True,True,False,Critical Stockout,Immediate Reorder
ST14,SKU03744,418,78,27,3.0,,3.0,Average Weekly Demand,False,False,False,False,Healthy / Monitor,No Immediate Action
ST04,SKU01191,259,68,15,0.05309734513274336,0.0,0.0,Seasonal-Naive Forecast,False,False,False,True,Overstock Candidate,Review / Reduce Inventory
ST20,SKU02892,0,44,21,0.10638297872340426,0.0,0.0,Seasonal-Naive Forecast,True,True,True,False,Critical Stockout,Immediate Reorder
ST18,SKU04401,116,33,15,1.0,,1.0,Average Weekly Demand,False,False,False,False,Healthy / Monitor,No Immediate Action
ST14,SKU02710,231,43,9,0.03048780487804878,0.0,0.0,Seasonal-Naive Forecast,False,False,False,True,Overstock Candidate,Review / Reduce Inventory
ST19,SKU04710,0,84,38,0.040983606557377046,0.0,0.0,Seasonal-Naive Forecast,True,True,True,False,Critical Stockout,Immediate Reorder
ST29,SKU02954,0,45,11,0.29411764705882354,0.0,0.0,Seasonal-Naive Forecast,True,True,True,False,Critical Stockout,Immediate Reorder
ST03,SKU03840,0,61,30,0.18716577540106952,0.0,0.0,Seasonal-Naive Forecast,True,True,True,False,Critical Stockout,Immediate Reorder
ST04,SKU02614,0,30,10,0.09248554913294797,0.0,0.0,Seasonal-Naive Forecast,True,True,True,False,Critical Stockout,Immediate Reorder
ST09,SKU01911,593,99,38,1.0,,1.0,Average Weekly Demand,False,False,False,False,Healthy / Monitor,No Immediate Action
ST15,SKU04321,0,71,31,5.5311004784688995,10.0,10.0,Seasonal-Naive Forecast,True,True,True,False,Critical Stockout,Immediate Reorder
ST14,SKU04362,0,36,10,0.08783783783783784,0.0,0.0,Seasonal-Naive Forecast,True,True,True,False,Critical Stockout,Immediate Reorder
ST03,SKU00002,0,44,17,0.24630541871921183,0.0,0.0,Seasonal-Naive Forecast,True,True,True,False,Critical Stockout,Immediate Reorder
ST30,SKU03030,0,58,15,0.10179640718562874,0.0,0.0,Seasonal-Naive Forecast,True,True,True,False,Critical Stockout,Immediate Reorder
ST24,SKU01229,94,22,8,3.0,,3.0,Average Weekly Demand,False,False,False,False,Healthy / Monitor,No Immediate Action
ST21,SKU00190,0,76,18,0.4223300970873786,0.0,0.0,Seasonal-Naive Forecast,True,True,True,False,Critical Stockout,Immediate Reorder
ST19,SKU04281,325,64,25,0.02127659574468085,0.0,0.0,Seasonal-Naive Forecast,False,False,False,True,Overstock Candidate,Review / Reduce Inventory
ST06,SKU04756,0,94,21,0.15625,0.0,0.0,Seasonal-Naive Forecast,True,True,True,False,Critical Stockout,Immediate Reorder
ST28,SKU02421,285,51,16,3.0,,3.0,Average Weekly Demand,False,False,False,False,Healthy / Monitor,No Immediate Action
ST30,SKU04453,0,21,5,0.14838709677419354,0.0,0.0,Seasonal-Naive Forecast,True,True,True,False,Critical Stockout,Immediate Reorder
ST30,SKU01420,0,42,17,0.2765957446808511,1.0,1.0,Seasonal-Naive Forecast,True,True,True,False,Critical Stockout,Immediate Reorder
ST05,SKU02531,0,67,20,0.11961722488038277,0.0,0.0,Seasonal-Naive Forecast,True,True,True,False,Critical Stockout,Immediate Reorder
ST08,SKU02950,0,69,19,0.08823529411764706,0.0,0.0,Seasonal-Naive Forecast,True,True,True,False,Critical Stockout,Immediate Reorder
ST18,SKU00376,0,34,11,0.1407035175879397,0.0,0.0,Seasonal-Naive Forecast,True,True,True,False,Critical Stockout,Immediate Reorder
ST20,SKU00974,0,54,19,0.05952380952380952,0.0,0.0,Seasonal-Naive Forecast,True,True,True,False,Critical Stockout,Immediate Reorder
ST16,SKU02558,127,24,11,1.0,,1.0,Average Weekly Demand,False,False,False,False,Healthy / Monitor,No Immediate Action
ST13,SKU04475,362,63,28,0.02976190476190476,0.0,0.0,Seasonal-Naive Forecast,False,False,False,True,Overstock Candidate,Review / Reduce Inventory
ST21,SKU01037,0,92,20,0.18243243243243243,0.0,0.0,Seasonal-Naive Forecast,True,True,True,False,Critical Stockout,Immediate Reorder
ST13,SKU04596,0,54,26,1.4202898550724639,0.0,0.0,Seasonal-Naive Forecast,True,True,True,False,Critical Stockout,Immediate Reorder
ST21,SKU04191,0,54,13,0.11904761904761904,0.0,0.0,Seasonal-Naive Forecast,True,True,True,False,Critical Stockout,Immediate Reorder
ST09,SKU04315,0,61,14,0.04419889502762431,0.0,0.0,Seasonal-Naive Forecast,True,True,True,False,Critical Stockout,Immediate Reorder
ST27,SKU03702,0,96,23,0.08040201005025126,0.0,0.0,Seasonal-Naive Forecast,True,True,True,False,Critical Stockout,Immediate Reorder
ST13,SKU04154,0,80,18,0.7121951219512195,0.0,0.0,Seasonal-Naive Forecast,True,True,True,False,Critical Stockout,Immediate Reorder
ST07,SKU01370,0,43,21,0.0821917808219178,0.0,0.0,Seasonal-Naive Forecast,True,True,True,False,Critical Stockout,Immediate Reorder
ST22,SKU04913,0,85,19,0.1503267973856209,0.0,0.0,Seasonal-Naive Forecast,True,True,True,False,Critical Stockout,Immediate Reorder
ST12,SKU00024,369,70,27,0.022988505747126436,0.0,0.0,Seasonal-Naive Forecast,False,False,False,True,Overstock Candidate,Review / Reduce Inventory
ST30,SKU04508,0,75,21,0.1902439024390244,0.0,0.0,Seasonal-Naive Forecast,True,True,True,False,Critical Stockout,Immediate Reorder
ST24,SKU00263,0,27,13,0.13793103448275862,0.0,0.0,Seasonal-Naive Forecast,True,True,True,False,Critical Stockout,Immediate Reorder
ST14,SKU00484,0,52,13,0.18181818181818182,0.0,0.0,Seasonal-Naive Forecast,True,True,True,False,Critical Stockout,Immediate Reorder
ST29,SKU01775,0,50,14,0.41025641025641024,0.0,0.0,Seasonal-Naive Forecast,True,True,True,False,Critical Stockout,Immediate Reorder
ST16,SKU00264,0,29,10,0.2,0.0,0.0,Seasonal-Naive Forecast,True,True,True,False,Critical Stockout,Immediate Reorder
ST29,SKU00728,0,74,21,0.10112359550561797,0.0,0.0,Seasonal-Naive Forecast,True,True,True,False,Critical Stockout,Immediate Reorder
ST22,SKU00954,284,74,27,2.0,,2.0,Average Weekly Demand,False,False,False,False,Healthy / Monitor,No Immediate Action
ST21,SKU00500,0,22,6,0.10596026490066225,0.0,0.0,Seasonal-Naive Forecast,True,True,True,False,Critical Stockout,Immediate Reorder
ST23,SKU02737,0,20,4,0.1103448275862069,0.0,0.0,Seasonal-Naive Forecast,True,True,True,False,Critical Stockout,Immediate Reorder
ST23,SKU02858,0,53,18,0.33507853403141363,0.0,0.0,Seasonal-Naive Forecast,True,True,True,False,Critical Stockout,Immediate Reorder
ST08,SKU01045,0,30,10,0.4623115577889447,2.0,2.0,Seasonal-Naive Forecast,True,True,True,False,Critical Stockout,Immediate Reorder
ST18,SKU03840,0,61,25,0.18716577540106952,0.0,0.0,Seasonal-Naive Forecast,True,True,True,False,Critical Stockout,Immediate Reorder
ST21,SKU03320,110,27,9,2.0,,2.0,Average Weekly Demand,False,False,False,False,Healthy / Monitor,No Immediate Action
ST04,SKU02858,0,53,15,0.33507853403141363,0.0,0.0,Seasonal-Naive Forecast,True,True,True,False,Critical Stockout,Immediate Reorder
ST18,SKU00699,265,64,26,1.0,,1.0,Average Weekly Demand,False,False,False,False,Healthy / Monitor,No Immediate Action
ST22,SKU02740,0,63,22,0.10309278350515463,0.0,0.0,Seasonal-Naive Forecast,True,True,True,False,Critical Stockout,Immediate Reorder
ST30,SKU03274,0,74,28,0.0661764705882353,0.0,0.0,Seasonal-Naive Forecast,True,True,True,False,Critical Stockout,Immediate Reorder
ST18,SKU01170,0,41,16,0.11347517730496454,0.0,0.0,Seasonal-Naive Forecast,True,True,True,False,Critical Stockout,Immediate Reorder
ST12,SKU00079,0,41,19,0.3402061855670103,0.0,0.0,Seasonal-Naive Forecast,True,True,True,False,Critical Stockout,Immediate Reorder
ST27,SKU00845,0,72,35,0.23737373737373738,0.0,0.0,Seasonal-Naive Forecast,True,True,True,False,Critical Stockout,Immediate Reorder
ST30,SKU00254,0,92,23,0.06666666666666667,0.0,0.0,Seasonal-Naive Forecast,True,True,True,False,Critical Stockout,Immediate Reorder
ST23,SKU01274,0,85,19,0.12376237623762376,0.0,0.0,Seasonal-Naive Forecast,True,True,True,False,Critical Stockout,Immediate Reorder
ST10,SKU04166,0,47,17,0.16184971098265896,0.0,0.0,Seasonal-Naive Forecast,True,True,True,False,Critical Stockout,Immediate Reorder
ST01,SKU04346,0,30,15,0.11304347826086956,0.0,0.0,Seasonal-Naive Forecast,True,True,True,False,Critical Stockout,Immediate Reorder
ST07,SKU04016,0,29,9,0.07865168539325842,0.0,0.0,Seasonal-Naive Forecast,True,True,True,False,Critical Stockout,Immediate Reorder
ST07,SKU02740,0,95,38,0.10309278350515463,0.0,0.0,Seasonal-Naive Forecast,True,True,True,False,Critical Stockout,Immediate Reorder
ST24,SKU03259,0,52,23,0.21875,0.0,0.0,Seasonal-Naive Forecast,True,True,True,False,Critical Stockout,Immediate Reorder
ST09,SKU02907,82,20,4,2.0,,2.0,Average Weekly Demand,False,False,False,False,Healthy / Monitor,No Immediate Action
ST19,SKU00942,0,68,29,0.3883495145631068,0.0,0.0,Seasonal-Naive Forecast,True,True,True,False,Critical Stockout,Immediate Reorder
ST15,SKU00190,0,29,9,0.4223300970873786,0.0,0.0,Seasonal-Naive Forecast,True,True,True,False,Critical Stockout,Immediate Reorder
ST06,SKU04571,0,42,18,0.3069306930693069,0.0,0.0,Seasonal-Naive Forecast,True,True,True,False,Critical Stockout,Immediate Reorder
ST21,SKU02462,0,95,20,0.14285714285714285,0.0,0.0,Seasonal-Naive Forecast,True,True,True,False,Critical Stockout,Immediate Reorder
ST24,SKU01420,0,98,27,0.2765957446808511,1.0,1.0,Seasonal-Naive Forecast,True,True,True,False,Critical Stockout,Immediate Reorder
ST04,SKU00953,0,25,7,0.4830917874396135,0.0,0.0,Seasonal-Naive Forecast,True,True,True,False,Critical Stockout,Immediate Reorder
ST08,SKU03812,0,51,22,0.18439716312056736,0.0,0.0,Seasonal-Naive Forecast,True,True,True,False,Critical Stockout,Immediate Reorder
ST19,SKU03425,0,33,12,0.07407407407407407,0.0,0.0,Seasonal-Naive Forecast,True,True,True,False,Critical Stockout,Immediate Reorder
ST14,SKU01775,0,87,22,0.41025641025641024,0.0,0.0,Seasonal-Naive Forecast,True,True,True,False,Critical Stockout,Immediate Reorder
ST20,SKU01031,264,77,25,4.0,,4.0,Average Weekly Demand,False,False,False,False,Healthy / Monitor,No Immediate Action
ST04,SKU02484,0,42,21,0.07142857142857142,0.0,0.0,Seasonal-Naive Forecast,True,True,True,False,Critical Stockout,Immediate Reorder
ST22,SKU03292,0,59,18,0.4729064039408867,0.0,0.0,Seasonal-Naive Forecast,True,True,True,False,Critical Stockout,Immediate Reorder
ST20,SKU01152,0,92,35,0.08181818181818182,0.0,0.0,Seasonal-Naive Forecast,True,True,True,False,Critical Stockout,Immediate Reorder
ST02,SKU03727,0,37,16,0.7644230769230769,0.0,0.0,Seasonal-Naive Forecast,True,True,True,False,Critical Stockout,Immediate Reorder
ST03,SKU04194,239,42,15,1.0,,1.0,Average Weekly Demand,False,False,False,False,Healthy / Monitor,No Immediate Action
ST18,SKU04768,83,21,8,4.0,,4.0,Average Weekly Demand,False,False,False,False,Healthy / Monitor,No Immediate Action
ST22,SKU00285,0,76,25,0.3553299492385787,0.0,0.0,Seasonal-Naive Forecast,True,True,True,False,Critical Stockout,Immediate Reorder
ST12,SKU00994,0,98,20,0.44607843137254904,0.0,0.0,Seasonal-Naive Forecast,True,True,True,False,Critical Stockout,Immediate Reorder
ST14,SKU00286,0,69,26,0.295,0.0,0.0,Seasonal-Naive Forecast,True,True,True,False,Critical Stockout,Immediate Reorder
ST03,SKU00127,145,40,14,0.058823529411764705,0.0,0.0,Seasonal-Naive Forecast,False,False,False,True,Overstock Candidate,Review / Reduce Inventory
ST10,SKU02503,0,31,9,0.05291005291005291,0.0,0.0,Seasonal-Naive Forecast,True,True,True,False,Critical Stockout,Immediate Reorder
ST23,SKU03115,330,75,24,0.2608695652173913,,0.2608695652173913,Average Weekly Demand,False,False,False,False,Healthy / Monitor,No Immediate Action
ST25,SKU04571,0,85,33,0.3069306930693069,0.0,0.0,Seasonal-Naive Forecast,True,True,True,False,Critical Stockout,Immediate Reorder
ST27,SKU02954,0,26,9,0.29411764705882354,0.0,0.0,Seasonal-Naive Forecast,True,True,True,False,Critical Stockout,Immediate Reorder
ST04,SKU01371,0,86,34,0.39086294416243655,0.0,0.0,Seasonal-Naive Forecast,True,True,True,False,Critical Stockout,Immediate Reorder
ST29,SKU02892,0,22,6,0.10638297872340426,0.0,0.0,Seasonal-Naive Forecast,True,True,True,False,Critical Stockout,Immediate Reorder
ST04,SKU04646,0,45,17,0.12254901960784313,0.0,0.0,Seasonal-Naive Forecast,True,True,True,False,Critical Stockout,Immediate Reorder
ST04,SKU00445,0,27,11,0.12295081967213115,0.0,0.0,Seasonal-Naive Forecast,True,True,True,False,Critical Stockout,Immediate Reorder
ST06,SKU04318,0,34,10,0.19760479041916168,0.0,0.0,Seasonal-Naive Forecast,True,True,True,False,Critical Stockout,Immediate Reorder
ST12,SKU03840,0,68,27,0.18716577540106952,0.0,0.0,Seasonal-Naive Forecast,True,True,True,False,Critical Stockout,Immediate Reorder
ST13,SKU02614,0,71,26,0.09248554913294797,0.0,0.0,Seasonal-Naive Forecast,True,True,True,False,Critical Stockout,Immediate Reorder
ST28,SKU04453,0,64,25,0.14838709677419354,0.0,0.0,Seasonal-Naive Forecast,True,True,True,False,Critical Stockout,Immediate Reorder
ST28,SKU01420,0,57,27,0.2765957446808511,1.0,1.0,Seasonal-Naive Forecast,True,True,True,False,Critical Stockout,Immediate Reorder
ST08,SKU03693,0,95,22,0.1270718232044199,0.0,0.0,Seasonal-Naive Forecast,True,True,True,False,Critical Stockout,Immediate Reorder
ST02,SKU03353,0,96,39,0.07913669064748201,0.0,0.0,Seasonal-Naive Forecast,True,True,True,False,Critical Stockout,Immediate Reorder
ST21,SKU04571,0,92,25,0.3069306930693069,0.0,0.0,Seasonal-Naive Forecast,True,True,True,False,Critical Stockout,Immediate Reorder
ST06,SKU02950,0,56,21,0.08823529411764706,0.0,0.0,Seasonal-Naive Forecast,True,True,True,False,Critical Stockout,Immediate Reorder
ST11,SKU02247,0,20,9,0.1358695652173913,0.0,0.0,Seasonal-Naive Forecast,True,True,True,False,Critical Stockout,Immediate Reorder
ST16,SKU00376,0,80,37,0.1407035175879397,0.0,0.0,Seasonal-Naive Forecast,True,True,True,False,Critical Stockout,Immediate Reorder
ST09,SKU04574,0,30,8,0.11392405063291139,0.0,0.0,Seasonal-Naive Forecast,True,True,True,False,Critical Stockout,Immediate Reorder
ST19,SKU03535,0,68,15,0.12738853503184713,0.0,0.0,Seasonal-Naive Forecast,True,True,True,False,Critical Stockout,Immediate Reorder
ST11,SKU02368,0,76,32,0.22448979591836735,0.0,0.0,Seasonal-Naive Forecast,True,True,True,False,Critical Stockout,Immediate Reorder
ST01,SKU04053,228,66,14,0.07142857142857142,0.0,0.0,Seasonal-Naive Forecast,False,False,False,True,Overstock Candidate,Review / Reduce Inventory
ST12,SKU01438,0,31,9,0.06206896551724138,0.0,0.0,Seasonal-Naive Forecast,True,True,True,False,Critical Stockout,Immediate Reorder
ST11,SKU04596,0,40,18,1.4202898550724639,0.0,0.0,Seasonal-Naive Forecast,True,True,True,False,Critical Stockout,Immediate Reorder
ST04,SKU03546,0,81,22,0.26424870466321243,1.0,1.0,Seasonal-Naive Forecast,True,True,True,False,Critical Stockout,Immediate Reorder
ST22,SKU02368,0,75,34,0.22448979591836735,0.0,0.0,Seasonal-Naive Forecast,True,True,True,False,Critical Stockout,Immediate Reorder
ST30,SKU01037,0,39,17,0.18243243243243243,0.0,0.0,Seasonal-Naive Forecast,True,True,True,False,Critical Stockout,Immediate Reorder
ST22,SKU04596,0,61,27,1.4202898550724639,0.0,0.0,Seasonal-Naive Forecast,True,True,True,False,Critical Stockout,Immediate Reorder
ST30,SKU04191,0,52,17,0.11904761904761904,0.0,0.0,Seasonal-Naive Forecast,True,True,True,False,Critical Stockout,Immediate Reorder
ST11,SKU04154,0,97,41,0.7121951219512195,0.0,0.0,Seasonal-Naive Forecast,True,True,True,False,Critical Stockout,Immediate Reorder
ST07,SKU00369,0,35,16,0.09036144578313253,0.0,0.0,Seasonal-Naive Forecast,True,True,True,False,Critical Stockout,Immediate Reorder
ST27,SKU01775,0,43,18,0.41025641025641024,0.0,0.0,Seasonal-Naive Forecast,True,True,True,False,Critical Stockout,Immediate Reorder
ST17,SKU00535,477,84,40,0.5,,0.5,Average Weekly Demand,False,False,False,False,Healthy / Monitor,No Immediate Action
ST22,SKU04154,0,84,26,0.7121951219512195,0.0,0.0,Seasonal-Naive Forecast,True,True,True,False,Critical Stockout,Immediate Reorder
ST16,SKU01370,0,95,36,0.0821917808219178,0.0,0.0,Seasonal-Naive Forecast,True,True,True,False,Critical Stockout,Immediate Reorder
ST21,SKU01485,0,32,7,0.05263157894736842,0.0,0.0,Seasonal-Naive Forecast,True,True,True,False,Critical Stockout,Immediate Reorder
ST12,SKU02648,0,87,20,0.07262569832402235,0.0,0.0,Seasonal-Naive Forecast,True,True,True,False,Critical Stockout,Immediate Reorder
ST20,SKU04350,0,67,17,0.19786096256684493,0.0,0.0,Seasonal-Naive Forecast,True,True,True,False,Critical Stockout,Immediate Reorder
ST06,SKU01971,297,72,32,1.0,,1.0,Average Weekly Demand,False,False,False,False,Healthy / Monitor,No Immediate Action
ST27,SKU04245,0,97,29,0.12626262626262627,0.0,0.0,Seasonal-Naive Forecast,True,True,True,False,Critical Stockout,Immediate Reorder
ST06,SKU01153,0,86,42,0.087248322147651,0.0,0.0,Seasonal-Naive Forecast,True,True,True,False,Critical Stockout,Immediate Reorder
ST06,SKU01045,0,26,11,0.4623115577889447,2.0,2.0,Seasonal-Naive Forecast,True,True,True,False,Critical Stockout,Immediate Reorder
ST21,SKU01030,0,36,9,0.15555555555555556,0.0,0.0,Seasonal-Naive Forecast,True,True,True,False,Critical Stockout,Immediate Reorder
ST27,SKU00286,0,89,41,0.295,0.0,0.0,Seasonal-Naive Forecast,True,True,True,False,Critical Stockout,Immediate Reorder
ST16,SKU03840,0,51,18,0.18716577540106952,0.0,0.0,Seasonal-Naive Forecast,True,True,True,False,Critical Stockout,Immediate Reorder
ST09,SKU02898,0,28,8,0.1005586592178771,0.0,0.0,Seasonal-Naive Forecast,True,True,True,False,Critical Stockout,Immediate Reorder
ST10,SKU00090,385,65,16,2.0,,2.0,Average Weekly Demand,False,False,False,False,Healthy / Monitor,No Immediate Action
ST11,SKU02449,0,81,16,0.14457831325301204,0.0,0.0,Seasonal-Naive Forecast,True,True,True,False,Critical Stockout,Immediate Reorder
ST17,SKU01153,0,22,5,0.087248322147651,0.0,0.0,Seasonal-Naive Forecast,True,True,True,False,Critical Stockout,Immediate Reorder
ST17,SKU03139,357,72,34,0.06481481481481481,0.0,0.0,Seasonal-Naive Forecast,False,False,False,True,Overstock Candidate,Review / Reduce Inventory
ST17,SKU01045,0,28,9,0.4623115577889447,2.0,2.0,Seasonal-Naive Forecast,True,True,True,False,Critical Stockout,Immediate Reorder
ST28,SKU04321,0,64,19,5.5311004784688995,10.0,10.0,Seasonal-Naive Forecast,True,True,True,False,Critical Stockout,Immediate Reorder
ST09,SKU01046,277,70,14,2.0,,2.0,Average Weekly Demand,False,False,False,False,Healthy / Monitor,No Immediate Action
ST20,SKU00538,0,28,7,0.06818181818181818,0.0,0.0,Seasonal-Naive Forecast,True,True,True,False,Critical Stockout,Immediate Reorder
ST07,SKU02531,0,87,39,0.11961722488038277,0.0,0.0,Seasonal-Naive Forecast,True,True,True,False,Critical Stockout,Immediate Reorder
ST08,SKU01830,334,57,22,0.05714285714285714,0.0,0.0,Seasonal-Naive Forecast,False,False,False,True,Overstock Candidate,Review / Reduce Inventory
ST28,SKU04926,0,20,8,0.12574850299401197,0.0,0.0,Seasonal-Naive Forecast,True,True,True,False,Critical Stockout,Immediate Reorder
ST28,SKU02482,0,87,20,0.12650602409638553,0.0,0.0,Seasonal-Naive Forecast,True,True,True,False,Critical Stockout,Immediate Reorder
ST11,SKU02141,0,88,41,0.5245098039215687,0.0,0.0,Seasonal-Naive Forecast,True,True,True,False,Critical Stockout,Immediate Reorder
ST09,SKU01677,0,59,21,0.07731958762886598,4.0,4.0,Seasonal-Naive Forecast,True,True,True,False,Critical Stockout,Immediate Reorder
ST12,SKU04126,0,88,20,0.12195121951219512,0.0,0.0,Seasonal-Naive Forecast,True,True,True,False,Critical Stockout,Immediate Reorder
ST07,SKU01981,465,79,19,3.0,,3.0,Average Weekly Demand,False,False,False,False,Healthy / Monitor,No Immediate Action
ST27,SKU02340,0,96,23,0.15384615384615385,0.0,0.0,Seasonal-Naive Forecast,True,True,True,False,Critical Stockout,Immediate Reorder
ST18,SKU00692,0,31,14,0.13471502590673576,0.0,0.0,Seasonal-Naive Forecast,True,True,True,False,Critical Stockout,Immediate Reorder
ST24,SKU00177,0,71,15,0.06,0.0,0.0,Seasonal-Naive Forecast,True,True,True,False,Critical Stockout,Immediate Reorder
ST21,SKU02279,360,90,36,1.0,,1.0,Average Weekly Demand,False,False,False,False,Healthy / Monitor,No Immediate Action
ST16,SKU01009,0,37,10,0.12299465240641712,2.0,2.0,Seasonal-Naive Forecast,True,True,True,False,Critical Stockout,Immediate Reorder
ST17,SKU00416,0,34,12,0.10857142857142857,0.0,0.0,Seasonal-Naive Forecast,True,True,True,False,Critical Stockout,Immediate Reorder
ST03,SKU04574,0,96,20,0.11392405063291139,0.0,0.0,Seasonal-Naive Forecast,True,True,True,False,Critical Stockout,Immediate Reorder
ST05,SKU02526,0,38,14,0.20670391061452514,0.0,0.0,Seasonal-Naive Forecast,True,True,True,False,Critical Stockout,Immediate Reorder
ST14,SKU00774,0,39,11,0.1951219512195122,0.0,0.0,Seasonal-Naive Forecast,True,True,True,False,Critical Stockout,Immediate Reorder
ST30,SKU04919,279,57,25,1.0,,1.0,Average Weekly Demand,False,False,False,False,Healthy / Monitor,No Immediate Action
ST01,SKU03292,0,42,21,0.4729064039408867,0.0,0.0,Seasonal-Naive Forecast,True,True,True,False,Critical Stockout,Immediate Reorder
ST01,SKU03063,0,21,10,0.06806282722513089,0.0,0.0,Seasonal-Naive Forecast,True,True,True,False,Critical Stockout,Immediate Reorder
ST23,SKU00462,96,20,8,5.0,,5.0,Average Weekly Demand,False,False,False,False,Healthy / Monitor,No Immediate Action
ST24,SKU01037,0,36,17,0.18243243243243243,0.0,0.0,Seasonal-Naive Forecast,True,True,True,False,Critical Stockout,Immediate Reorder
ST05,SKU04996,131,23,6,1.0,,1.0,Average Weekly Demand,False,False,False,False,Healthy / Monitor,No Immediate Action
ST11,SKU03727,0,76,28,0.7644230769230769,0.0,0.0,Seasonal-Naive Forecast,True,True,True,False,Critical Stockout,Immediate Reorder
ST06,SKU00350,118,26,6,0.07142857142857142,,0.07142857142857142,Average Weekly Demand,False,False,False,False,Healthy / Monitor,No Immediate Action
ST21,SKU01153,0,22,10,0.087248322147651,0.0,0.0,Seasonal-Naive Forecast,True,True,True,False,Critical Stockout,Immediate Reorder
ST21,SKU03139,94,24,7,0.06481481481481481,0.0,0.0,Seasonal-Naive Forecast,False,False,False,True,Overstock Candidate,Review / Reduce Inventory
ST21,SKU01274,0,99,38,0.12376237623762376,0.0,0.0,Seasonal-Naive Forecast,True,True,True,False,Critical Stockout,Immediate Reorder
ST21,SKU01045,0,82,29,0.4623115577889447,2.0,2.0,Seasonal-Naive Forecast,True,True,True,False,Critical Stockout,Immediate Reorder
ST05,SKU04191,0,69,20,0.11904761904761904,0.0,0.0,Seasonal-Naive Forecast,True,True,True,False,Critical Stockout,Immediate Reorder
ST29,SKU02683,0,62,29,0.09944751381215469,0.0,0.0,Seasonal-Naive Forecast,True,True,True,False,Critical Stockout,Immediate Reorder
ST17,SKU04551,0,89,39,0.12021857923497267,0.0,0.0,Seasonal-Naive Forecast,True,True,True,False,Critical Stockout,Immediate Reorder
ST30,SKU04261,120,34,10,1.0,,1.0,Average Weekly Demand,False,False,False,False,Healthy / Monitor,No Immediate Action
ST29,SKU03743,0,58,27,0.12418300653594772,0.0,0.0,Seasonal-Naive Forecast,True,True,True,False,Critical Stockout,Immediate Reorder
ST19,SKU00251,145,35,10,0.04477611940298507,0.0,0.0,Seasonal-Naive Forecast,False,False,False,True,Overstock Candidate,Review / Reduce Inventory
ST10,SKU03851,0,51,11,0.0707070707070707,0.0,0.0,Seasonal-Naive Forecast,True,True,True,False,Critical Stockout,Immediate Reorder
ST06,SKU02833,0,46,22,0.20270270270270271,0.0,0.0,Seasonal-Naive Forecast,True,True,True,False,Critical Stockout,Immediate Reorder
ST17,SKU00484,0,39,13,0.18181818181818182,0.0,0.0,Seasonal-Naive Forecast,True,True,True,False,Critical Stockout,Immediate Reorder
ST27,SKU02892,0,92,42,0.10638297872340426,0.0,0.0,Seasonal-Naive Forecast,True,True,True,False,Critical Stockout,Immediate Reorder
ST25,SKU00079,0,80,22,0.3402061855670103,0.0,0.0,Seasonal-Naive Forecast,True,True,True,False,Critical Stockout,Immediate Reorder
ST09,SKU01303,295,77,18,0.03333333333333333,0.0,0.0,Seasonal-Naive Forecast,False,False,False,True,Overstock Candidate,Review / Reduce Inventory
ST24,SKU01547,0,49,18,0.024691358024691357,0.0,0.0,Seasonal-Naive Forecast,True,True,True,False,Critical Stockout,Immediate Reorder
ST22,SKU04453,0,76,26,0.14838709677419354,0.0,0.0,Seasonal-Naive Forecast,True,True,True,False,Critical Stockout,Immediate Reorder
ST14,SKU03057,0,20,9,0.09821428571428571,0.0,0.0,Seasonal-Naive Forecast,True,True,True,False,Critical Stockout,Immediate Reorder
ST19,SKU02842,264,63,24,0.14705882352941177,,0.14705882352941177,Average Weekly Demand,False,False,False,False,Healthy / Monitor,No Immediate Action
ST29,SKU02375,291,70,28,2.0,,2.0,Average Weekly Demand,False,False,False,False,Healthy / Monitor,No Immediate Action
ST30,SKU00920,0,63,27,0.125,0.0,0.0,Seasonal-Naive Forecast,True,True,True,False,Critical Stockout,Immediate Reorder
ST21,SKU02268,0,34,10,0.08648648648648649,0.0,0.0,Seasonal-Naive Forecast,True,True,True,False,Critical Stockout,Immediate Reorder
ST03,SKU04321,0,40,16,5.5311004784688995,10.0,10.0,Seasonal-Naive Forecast,True,True,True,False,Critical Stockout,Immediate Reorder
ST18,SKU03259,0,65,25,0.21875,0.0,0.0,Seasonal-Naive Forecast,True,True,True,False,Critical Stockout,Immediate Reorder
ST28,SKU02526,0,61,18,0.20670391061452514,0.0,0.0,Seasonal-Naive Forecast,True,True,True,False,Critical Stockout,Immediate Reorder
ST09,SKU00190,0,84,26,0.4223300970873786,0.0,0.0,Seasonal-Naive Forecast,True,True,True,False,Critical Stockout,Immediate Reorder
ST17,SKU00539,0,42,11,0.10674157303370786,0.0,0.0,Seasonal-Naive Forecast,True,True,True,False,Critical Stockout,Immediate Reorder
ST07,SKU01662,0,69,20,0.11564625850340136,0.0,0.0,Seasonal-Naive Forecast,True,True,True,False,Critical Stockout,Immediate Reorder
ST03,SKU04926,0,60,27,0.12574850299401197,0.0,0.0,Seasonal-Naive Forecast,True,True,True,False,Critical Stockout,Immediate Reorder
ST28,SKU02660,0,54,12,0.14673913043478262,0.0,0.0,Seasonal-Naive Forecast,True,True,True,False,Critical Stockout,Immediate Reorder
ST28,SKU00445,0,46,12,0.12295081967213115,0.0,0.0,Seasonal-Naive Forecast,True,True,True,False,Critical Stockout,Immediate Reorder
ST02,SKU03425,0,74,16,0.07407407407407407,0.0,0.0,Seasonal-Naive Forecast,True,True,True,False,Critical Stockout,Immediate Reorder
ST20,SKU02247,0,77,36,0.1358695652173913,0.0,0.0,Seasonal-Naive Forecast,True,True,True,False,Critical Stockout,Immediate Reorder
ST18,SKU01420,0,59,12,0.2765957446808511,1.0,1.0,Seasonal-Naive Forecast,True,True,True,False,Critical Stockout,Immediate Reorder
ST22,SKU02064,91,26,10,1.0,,1.0,Average Weekly Demand,False,False,False,False,Healthy / Monitor,No Immediate Action
ST02,SKU02728,147,38,17,0.11206896551724138,0.0,0.0,Seasonal-Naive Forecast,False,False,False,True,Overstock Candidate,Review / Reduce Inventory
ST01,SKU02247,0,79,17,0.1358695652173913,0.0,0.0,Seasonal-Naive Forecast,True,True,True,False,Critical Stockout,Immediate Reorder
ST22,SKU04292,350,65,32,0.06060606060606061,0.0,0.0,Seasonal-Naive Forecast,False,False,False,True,Overstock Candidate,Review / Reduce Inventory
ST20,SKU04596,0,59,18,1.4202898550724639,0.0,0.0,Seasonal-Naive Forecast,True,True,True,False,Critical Stockout,Immediate Reorder
ST01,SKU02368,0,95,28,0.22448979591836735,0.0,0.0,Seasonal-Naive Forecast,True,True,True,False,Critical Stockout,Immediate Reorder
ST06,SKU03627,226,53,23,0.07692307692307693,0.0,0.0,Seasonal-Naive Forecast,False,False,False,True,Overstock Candidate,Review / Reduce Inventory
ST09,SKU00929,0,37,10,0.75,,0.75,Average Weekly Demand,True,True,True,False,Critical Stockout,Immediate Reorder
ST27,SKU00774,0,21,9,0.1951219512195122,0.0,0.0,Seasonal-Naive Forecast,True,True,True,False,Critical Stockout,Immediate Reorder
ST30,SKU00291,0,37,10,0.04065040650406504,0.0,0.0,Seasonal-Naive Forecast,True,True,True,False,Critical Stockout,Immediate Reorder
ST07,SKU04508,0,90,24,0.1902439024390244,0.0,0.0,Seasonal-Naive Forecast,True,True,True,False,Critical Stockout,Immediate Reorder
ST08,SKU00774,0,67,19,0.1951219512195122,0.0,0.0,Seasonal-Naive Forecast,True,True,True,False,Critical Stockout,Immediate Reorder
ST04,SKU00251,331,58,17,0.04477611940298507,0.0,0.0,Seasonal-Naive Forecast,False,False,False,True,Overstock Candidate,Review / Reduce Inventory
ST17,SKU02930,0,24,12,0.30434782608695654,0.0,0.0,Seasonal-Naive Forecast,True,True,True,False,Critical Stockout,Immediate Reorder
ST28,SKU00500,0,55,27,0.10596026490066225,0.0,0.0,Seasonal-Naive Forecast,True,True,True,False,Critical Stockout,Immediate Reorder
ST30,SKU02532,0,34,10,0.14782608695652175,0.0,0.0,Seasonal-Naive Forecast,True,True,True,False,Critical Stockout,Immediate Reorder
ST22,SKU04105,0,84,39,0.11274509803921569,0.0,0.0,Seasonal-Naive Forecast,True,True,True,False,Critical Stockout,Immediate Reorder
ST25,SKU02538,0,84,22,0.14193548387096774,0.0,0.0,Seasonal-Naive Forecast,True,True,True,False,Critical Stockout,Immediate Reorder
ST21,SKU02954,0,24,10,0.29411764705882354,0.0,0.0,Seasonal-Naive Forecast,True,True,True,False,Critical Stockout,Immediate Reorder
ST24,SKU02141,0,40,15,0.5245098039215687,0.0,0.0,Seasonal-Naive Forecast,True,True,True,False,Critical Stockout,Immediate Reorder
ST15,SKU01045,0,79,24,0.4623115577889447,2.0,2.0,Seasonal-Naive Forecast,True,True,True,False,Critical Stockout,Immediate Reorder
ST17,SKU04245,0,52,20,0.12626262626262627,0.0,0.0,Seasonal-Naive Forecast,True,True,True,False,Critical Stockout,Immediate Reorder
ST29,SKU03800,0,23,8,0.15025906735751296,0.0,0.0,Seasonal-Naive Forecast,True,True,True,False,Critical Stockout,Immediate Reorder
ST19,SKU00079,0,75,17,0.3402061855670103,0.0,0.0,Seasonal-Naive Forecast,True,True,True,False,Critical Stockout,Immediate Reorder
ST30,SKU03621,332,77,16,1.0,,1.0,Average Weekly Demand,False,False,False,False,Healthy / Monitor,No Immediate Action
ST13,SKU02930,0,41,20,0.30434782608695654,0.0,0.0,Seasonal-Naive Forecast,True,True,True,False,Critical Stockout,Immediate Reorder
ST21,SKU00539,0,31,8,0.10674157303370786,0.0,0.0,Seasonal-Naive Forecast,True,True,True,False,Critical Stockout,Immediate Reorder
ST16,SKU03578,0,31,10,0.07333333333333333,0.0,0.0,Seasonal-Naive Forecast,True,True,True,False,Critical Stockout,Immediate Reorder
ST07,SKU02482,0,72,23,0.12650602409638553,0.0,0.0,Seasonal-Naive Forecast,True,True,True,False,Critical Stockout,Immediate Reorder
ST15,SKU01784,0,29,9,0.09826589595375723,0.0,0.0,Seasonal-Naive Forecast,True,True,True,False,Critical Stockout,Immediate Reorder
ST11,SKU03476,0,47,14,0.0851063829787234,0.0,0.0,Seasonal-Naive Forecast,True,True,True,False,Critical Stockout,Immediate Reorder
ST07,SKU01677,0,47,17,0.07731958762886598,4.0,4.0,Seasonal-Naive Forecast,True,True,True,False,Critical Stockout,Immediate Reorder
ST14,SKU03235,198,53,14,4.0,,4.0,Average Weekly Demand,False,False,False,False,Healthy / Monitor,No Immediate Action
ST01,SKU00155,207,57,21,2.0,,2.0,Average Weekly Demand,False,False,False,False,Healthy / Monitor,No Immediate Action
ST06,SKU02340,0,71,26,0.15384615384615385,0.0,0.0,Seasonal-Naive Forecast,True,True,True,False,Critical Stockout,Immediate Reorder
ST06,SKU03737,425,82,34,1.0,,1.0,Average Weekly Demand,False,False,False,False,Healthy / Monitor,No Immediate Action
ST09,SKU02449,0,70,14,0.14457831325301204,0.0,0.0,Seasonal-Naive Forecast,True,True,True,False,Critical Stockout,Immediate Reorder
ST28,SKU02462,0,70,29,0.14285714285714285,0.0,0.0,Seasonal-Naive Forecast,True,True,True,False,Critical Stockout,Immediate Reorder
ST03,SKU00190,0,43,16,0.4223300970873786,0.0,0.0,Seasonal-Naive Forecast,True,True,True,False,Critical Stockout,Immediate Reorder
ST13,SKU02046,0,21,5,0.15841584158415842,0.0,0.0,Seasonal-Naive Forecast,True,True,True,False,Critical Stockout,Immediate Reorder
ST02,SKU02543,0,20,7,0.11351351351351352,0.0,0.0,Seasonal-Naive Forecast,True,True,True,False,Critical Stockout,Immediate Reorder
ST14,SKU01651,201,42,19,0.15384615384615385,,0.15384615384615385,Average Weekly Demand,False,False,False,False,Healthy / Monitor,No Immediate Action
ST22,SKU04215,111,27,10,0.0851063829787234,,0.0851063829787234,Average Weekly Demand,False,False,False,False,Healthy / Monitor,No Immediate Action
ST03,SKU02660,0,67,26,0.14673913043478262,0.0,0.0,Seasonal-Naive Forecast,True,True,True,False,Critical Stockout,Immediate Reorder
ST06,SKU04126,0,56,23,0.12195121951219512,0.0,0.0,Seasonal-Naive Forecast,True,True,True,False,Critical Stockout,Immediate Reorder
ST12,SKU00628,0,59,22,0.08917197452229299,0.0,0.0,Seasonal-Naive Forecast,True,True,True,False,Critical Stockout,Immediate Reorder
ST03,SKU01037,0,77,21,0.18243243243243243,0.0,0.0,Seasonal-Naive Forecast,True,True,True,False,Critical Stockout,Immediate Reorder
ST22,SKU02484,0,47,16,0.07142857142857142,0.0,0.0,Seasonal-Naive Forecast,True,True,True,False,Critical Stockout,Immediate Reorder
ST30,SKU01032,85,23,6,5.0,,5.0,Average Weekly Demand,False,False,False,False,Healthy / Monitor,No Immediate Action
ST19,SKU03088,0,89,34,0.3,0.0,0.0,Seasonal-Naive Forecast,True,True,True,False,Critical Stockout,Immediate Reorder
ST27,SKU02683,0,47,16,0.09944751381215469,0.0,0.0,Seasonal-Naive Forecast,True,True,True,False,Critical Stockout,Immediate Reorder
ST20,SKU03727,0,78,20,0.7644230769230769,0.0,0.0,Seasonal-Naive Forecast,True,True,True,False,Critical Stockout,Immediate Reorder
ST30,SKU01153,0,74,30,0.087248322147651,0.0,0.0,Seasonal-Naive Forecast,True,True,True,False,Critical Stockout,Immediate Reorder
ST15,SKU03504,380,82,23,1.0,,1.0,Average Weekly Demand,False,False,False,False,Healthy / Monitor,No Immediate Action
ST12,SKU00991,256,47,22,1.0,,1.0,Average Weekly Demand,False,False,False,False,Healthy / Monitor,No Immediate Action
ST30,SKU01274,0,43,17,0.12376237623762376,0.0,0.0,Seasonal-Naive Forecast,True,True,True,False,Critical Stockout,Immediate Reorder
ST17,SKU04489,0,84,39,0.12804878048780488,1.0,1.0,Seasonal-Naive Forecast,True,True,True,False,Critical Stockout,Immediate Reorder
ST01,SKU03727,0,86,42,0.7644230769230769,0.0,0.0,Seasonal-Naive Forecast,True,True,True,False,Critical Stockout,Immediate Reorder
ST27,SKU01770,106,29,13,3.0,,3.0,Average Weekly Demand,False,False,False,False,Healthy / Monitor,No Immediate Action
ST23,SKU04280,0,86,38,0.07017543859649122,0.0,0.0,Seasonal-Naive Forecast,True,True,True,False,Critical Stockout,Immediate Reorder
ST16,SKU04627,0,36,11,0.05056179775280899,0.0,0.0,Seasonal-Naive Forecast,True,True,True,False,Critical Stockout,Immediate Reorder
ST11,SKU01021,0,85,21,0.12612612612612611,0.0,0.0,Seasonal-Naive Forecast,True,True,True,False,Critical Stockout,Immediate Reorder
ST14,SKU00538,0,59,14,0.06818181818181818,0.0,0.0,Seasonal-Naive Forecast,True,True,True,False,Critical Stockout,Immediate Reorder
ST11,SKU01371,0,97,26,0.39086294416243655,0.0,0.0,Seasonal-Naive Forecast,True,True,True,False,Critical Stockout,Immediate Reorder
ST15,SKU00860,152,50,10,1.0,,1.0,Average Weekly Demand,False,False,False,False,Healthy / Monitor,No Immediate Action
ST04,SKU02657,0,69,31,0.14215686274509803,0.0,0.0,Seasonal-Naive Forecast,True,True,True,False,Critical Stockout,Immediate Reorder
ST30,SKU00845,0,29,12,0.23737373737373738,0.0,0.0,Seasonal-Naive Forecast,True,True,True,False,Critical Stockout,Immediate Reorder
ST24,SKU01030,0,91,30,0.15555555555555556,0.0,0.0,Seasonal-Naive Forecast,True,True,True,False,Critical Stockout,Immediate Reorder
ST28,SKU00920,0,55,18,0.125,0.0,0.0,Seasonal-Naive Forecast,True,True,True,False,Critical Stockout,Immediate Reorder
ST12,SKU02898,0,46,21,0.1005586592178771,0.0,0.0,Seasonal-Naive Forecast,True,True,True,False,Critical Stockout,Immediate Reorder
ST22,SKU01371,0,36,9,0.39086294416243655,0.0,0.0,Seasonal-Naive Forecast,True,True,True,False,Critical Stockout,Immediate Reorder
ST26,SKU02954,0,93,38,0.29411764705882354,0.0,0.0,Seasonal-Naive Forecast,True,True,True,False,Critical Stockout,Immediate Reorder
ST21,SKU01038,127,22,5,1.0,,1.0,Average Weekly Demand,False,False,False,False,Healthy / Monitor,No Immediate Action
ST17,SKU03484,218,39,18,4.0,,4.0,Average Weekly Demand,False,False,False,False,Healthy / Monitor,No Immediate Action
ST06,SKU02692,0,59,14,0.143646408839779,0.0,0.0,Seasonal-Naive Forecast,True,True,True,False,Critical Stockout,Immediate Reorder
ST11,SKU00942,0,43,12,0.3883495145631068,0.0,0.0,Seasonal-Naive Forecast,True,True,True,False,Critical Stockout,Immediate Reorder
ST12,SKU04321,0,24,6,5.5311004784688995,10.0,10.0,Seasonal-Naive Forecast,True,True,True,False,Critical Stockout,Immediate Reorder
ST07,SKU00190,0,78,17,0.4223300970873786,0.0,0.0,Seasonal-Naive Forecast,True,True,True,False,Critical Stockout,Immediate Reorder
ST07,SKU02526,0,72,31,0.20670391061452514,0.0,0.0,Seasonal-Naive Forecast,True,True,True,False,Critical Stockout,Immediate Reorder
ST28,SKU04571,0,69,17,0.3069306930693069,0.0,0.0,Seasonal-Naive Forecast,True,True,True,False,Critical Stockout,Immediate Reorder
ST21,SKU01414,0,42,10,0.07236842105263158,0.0,0.0,Seasonal-Naive Forecast,True,True,True,False,Critical Stockout,Immediate Reorder
ST07,SKU01371,0,42,14,0.39086294416243655,0.0,0.0,Seasonal-Naive Forecast,True,True,True,False,Critical Stockout,Immediate Reorder
ST18,SKU01466,0,42,12,0.055,0.0,0.0,Seasonal-Naive Forecast,True,True,True,False,Critical Stockout,Immediate Reorder
ST20,SKU03353,0,66,16,0.07913669064748201,0.0,0.0,Seasonal-Naive Forecast,True,True,True,False,Critical Stockout,Immediate Reorder
ST17,SKU02826,0,56,13,0.1357142857142857,0.0,0.0,Seasonal-Naive Forecast,True,True,True,False,Critical Stockout,Immediate Reorder
ST28,SKU02840,0,29,6,0.11282051282051282,0.0,0.0,Seasonal-Naive Forecast,True,True,True,False,Critical Stockout,Immediate Reorder
ST13,SKU01485,0,36,16,0.05263157894736842,0.0,0.0,Seasonal-Naive Forecast,True,True,True,False,Critical Stockout,Immediate Reorder
ST30,SKU04054,388,88,18,0.034782608695652174,0.0,0.0,Seasonal-Naive Forecast,False,False,False,True,Overstock Candidate,Review / Reduce Inventory
ST21,SKU04476,0,38,12,0.06179775280898876,0.0,0.0,Seasonal-Naive Forecast,True,True,True,False,Critical Stockout,Immediate Reorder
ST29,SKU02381,0,23,9,0.06666666666666667,0.0,0.0,Seasonal-Naive Forecast,True,True,True,False,Critical Stockout,Immediate Reorder
ST15,SKU01170,0,37,10,0.11347517730496454,0.0,0.0,Seasonal-Naive Forecast,True,True,True,False,Critical Stockout,Immediate Reorder
ST22,SKU03546,0,39,9,0.26424870466321243,1.0,1.0,Seasonal-Naive Forecast,True,True,True,False,Critical Stockout,Immediate Reorder
ST18,SKU04191,0,97,26,0.11904761904761904,0.0,0.0,Seasonal-Naive Forecast,True,True,True,False,Critical Stockout,Immediate Reorder
ST04,SKU00994,0,57,16,0.44607843137254904,0.0,0.0,Seasonal-Naive Forecast,True,True,True,False,Critical Stockout,Immediate Reorder
ST19,SKU01009,0,42,9,0.12299465240641712,2.0,2.0,Seasonal-Naive Forecast,True,True,True,False,Critical Stockout,Immediate Reorder
ST30,SKU04551,0,28,11,0.12021857923497267,0.0,0.0,Seasonal-Naive Forecast,True,True,True,False,Critical Stockout,Immediate Reorder
ST08,SKU04913,0,25,8,0.1503267973856209,0.0,0.0,Seasonal-Naive Forecast,True,True,True,False,Critical Stockout,Immediate Reorder
ST29,SKU04154,0,75,36,0.7121951219512195,0.0,0.0,Seasonal-Naive Forecast,True,True,True,False,Critical Stockout,Immediate Reorder
ST29,SKU01939,355,68,22,0.058823529411764705,,0.058823529411764705,Average Weekly Demand,False,False,False,False,Healthy / Monitor,No Immediate Action
ST30,SKU00363,0,31,9,0.08205128205128205,0.0,0.0,Seasonal-Naive Forecast,True,True,True,False,Critical Stockout,Immediate Reorder
ST17,SKU00774,0,78,25,0.1951219512195122,0.0,0.0,Seasonal-Naive Forecast,True,True,True,False,Critical Stockout,Immediate Reorder
ST04,SKU01370,0,93,33,0.0821917808219178,0.0,0.0,Seasonal-Naive Forecast,True,True,True,False,Critical Stockout,Immediate Reorder
ST26,SKU01775,0,71,33,0.41025641025641024,0.0,0.0,Seasonal-Naive Forecast,True,True,True,False,Critical Stockout,Immediate Reorder
ST08,SKU04350,0,96,37,0.19786096256684493,0.0,0.0,Seasonal-Naive Forecast,True,True,True,False,Critical Stockout,Immediate Reorder
ST26,SKU00728,0,45,16,0.10112359550561797,0.0,0.0,Seasonal-Naive Forecast,True,True,True,False,Critical Stockout,Immediate Reorder
ST29,SKU04409,493,89,33,0.0379746835443038,0.0,0.0,Seasonal-Naive Forecast,False,False,False,True,Overstock Candidate,Review / Reduce Inventory
ST16,SKU02898,0,34,8,0.1005586592178771,0.0,0.0,Seasonal-Naive Forecast,True,True,True,False,Critical Stockout,Immediate Reorder
ST11,SKU01507,0,87,37,0.08064516129032258,0.0,0.0,Seasonal-Naive Forecast,True,True,True,False,Critical Stockout,Immediate Reorder
ST01,SKU02253,117,21,8,3.0,,3.0,Average Weekly Demand,False,False,False,False,Healthy / Monitor,No Immediate Action
ST30,SKU02954,0,29,6,0.29411764705882354,0.0,0.0,Seasonal-Naive Forecast,True,True,True,False,Critical Stockout,Immediate Reorder
ST10,SKU04409,122,28,6,0.0379746835443038,0.0,0.0,Seasonal-Naive Forecast,False,False,False,True,Overstock Candidate,Review / Reduce Inventory
ST01,SKU04710,0,81,40,0.040983606557377046,0.0,0.0,Seasonal-Naive Forecast,True,True,True,False,Critical Stockout,Immediate Reorder
ST09,SKU04305,0,23,11,0.039735099337748346,0.0,0.0,Seasonal-Naive Forecast,True,True,True,False,Critical Stockout,Immediate Reorder
ST20,SKU02858,0,82,30,0.33507853403141363,0.0,0.0,Seasonal-Naive Forecast,True,True,True,False,Critical Stockout,Immediate Reorder
ST27,SKU00538,0,65,18,0.06818181818181818,0.0,0.0,Seasonal-Naive Forecast,True,True,True,False,Critical Stockout,Immediate Reorder
ST26,SKU00286,0,38,9,0.295,0.0,0.0,Seasonal-Naive Forecast,True,True,True,False,Critical Stockout,Immediate Reorder
ST21,SKU02692,0,85,21,0.143646408839779,0.0,0.0,Seasonal-Naive Forecast,True,True,True,False,Critical Stockout,Immediate Reorder
ST28,SKU03634,205,58,26,1.0,,1.0,Average Weekly Demand,False,False,False,False,Healthy / Monitor,No Immediate Action
ST06,SKU03057,0,90,27,0.09821428571428571,0.0,0.0,Seasonal-Naive Forecast,True,True,True,False,Critical Stockout,Immediate Reorder
ST25,SKU04504,228,65,21,0.6666666666666666,,0.6666666666666666,Average Weekly Demand,False,False,False,False,Healthy / Monitor,No Immediate Action
ST06,SKU00050,0,84,41,0.09359605911330049,0.0,0.0,Seasonal-Naive Forecast,True,True,True,False,Critical Stockout,Immediate Reorder
ST21,SKU04236,294,84,42,3.0,,3.0,Average Weekly Demand,False,False,False,False,Healthy / Monitor,No Immediate Action
ST01,SKU03476,0,71,32,0.0851063829787234,0.0,0.0,Seasonal-Naive Forecast,True,True,True,False,Critical Stockout,Immediate Reorder
ST14,SKU04475,364,75,35,0.02976190476190476,0.0,0.0,Seasonal-Naive Forecast,False,False,False,True,Overstock Candidate,Review / Reduce Inventory
ST15,SKU00354,174,47,18,0.039735099337748346,0.0,0.0,Seasonal-Naive Forecast,False,False,False,True,Overstock Candidate,Review / Reduce Inventory
ST04,SKU03090,217,49,18,0.12121212121212122,,0.12121212121212122,Average Weekly Demand,False,False,False,False,Healthy / Monitor,No Immediate Action
ST04,SKU00996,0,75,16,0.08235294117647059,0.0,0.0,Seasonal-Naive Forecast,True,True,True,False,Critical Stockout,Immediate Reorder
ST19,SKU04273,0,90,29,0.06944444444444445,0.0,0.0,Seasonal-Naive Forecast,True,True,True,False,Critical Stockout,Immediate Reorder
ST30,SKU01170,0,56,12,0.11347517730496454,0.0,0.0,Seasonal-Naive Forecast,True,True,True,False,Critical Stockout,Immediate Reorder
ST18,SKU02449,0,95,28,0.14457831325301204,0.0,0.0,Seasonal-Naive Forecast,True,True,True,False,Critical Stockout,Immediate Reorder
ST29,SKU04035,0,40,8,0.05649717514124294,0.0,0.0,Seasonal-Naive Forecast,True,True,True,False,Critical Stockout,Immediate Reorder
ST27,SKU03171,0,78,27,0.0641025641025641,0.0,0.0,Seasonal-Naive Forecast,True,True,True,False,Critical Stockout,Immediate Reorder
ST11,SKU04166,0,63,18,0.16184971098265896,0.0,0.0,Seasonal-Naive Forecast,True,True,True,False,Critical Stockout,Immediate Reorder
ST04,SKU01009,0,70,15,0.12299465240641712,2.0,2.0,Seasonal-Naive Forecast,True,True,True,False,Critical Stockout,Immediate Reorder
ST24,SKU03812,0,47,16,0.18439716312056736,0.0,0.0,Seasonal-Naive Forecast,True,True,True,False,Critical Stockout,Immediate Reorder
ST14,SKU04154,0,92,46,0.7121951219512195,0.0,0.0,Seasonal-Naive Forecast,True,True,True,False,Critical Stockout,Immediate Reorder
ST11,SKU02543,0,98,38,0.11351351351351352,0.0,0.0,Seasonal-Naive Forecast,True,True,True,False,Critical Stockout,Immediate Reorder
ST30,SKU01775,0,89,41,0.41025641025641024,0.0,0.0,Seasonal-Naive Forecast,True,True,True,False,Critical Stockout,Immediate Reorder
ST06,SKU01152,0,75,30,0.08181818181818182,0.0,0.0,Seasonal-Naive Forecast,True,True,True,False,Critical Stockout,Immediate Reorder
ST05,SKU03115,345,93,45,0.2608695652173913,,0.2608695652173913,Average Weekly Demand,False,False,False,False,Healthy / Monitor,No Immediate Action
ST11,SKU00691,436,87,23,1.0,,1.0,Average Weekly Demand,False,False,False,False,Healthy / Monitor,No Immediate Action
ST22,SKU02543,0,35,15,0.11351351351351352,0.0,0.0,Seasonal-Naive Forecast,True,True,True,False,Critical Stockout,Immediate Reorder
ST22,SKU00328,0,100,31,0.08284023668639054,0.0,0.0,Seasonal-Naive Forecast,True,True,True,False,Critical Stockout,Immediate Reorder
ST12,SKU04191,0,87,28,0.11904761904761904,0.0,0.0,Seasonal-Naive Forecast,True,True,True,False,Critical Stockout,Immediate Reorder
ST29,SKU03727,0,88,26,0.7644230769230769,0.0,0.0,Seasonal-Naive Forecast,True,True,True,False,Critical Stockout,Immediate Reorder
ST20,SKU03907,0,28,11,0.12871287128712872,0.0,0.0,Seasonal-Naive Forecast,True,True,True,False,Critical Stockout,Immediate Reorder
ST09,SKU01045,0,41,16,0.4623115577889447,2.0,2.0,Seasonal-Naive Forecast,True,True,True,False,Critical Stockout,Immediate Reorder
ST30,SKU00286,0,28,10,0.295,0.0,0.0,Seasonal-Naive Forecast,True,True,True,False,Critical Stockout,Immediate Reorder
ST06,SKU01649,549,96,38,2.0,,2.0,Average Weekly Demand,False,False,False,False,Healthy / Monitor,No Immediate Action
ST10,SKU03727,0,63,23,0.7644230769230769,0.0,0.0,Seasonal-Naive Forecast,True,True,True,False,Critical Stockout,Immediate Reorder
ST17,SKU03851,0,44,11,0.0707070707070707,0.0,0.0,Seasonal-Naive Forecast,True,True,True,False,Critical Stockout,Immediate Reorder
ST05,SKU04551,0,70,32,0.12021857923497267,0.0,0.0,Seasonal-Naive Forecast,True,True,True,False,Critical Stockout,Immediate Reorder
ST22,SKU01751,0,26,6,0.07407407407407407,0.0,0.0,Seasonal-Naive Forecast,True,True,True,False,Critical Stockout,Immediate Reorder
ST10,SKU03848,142,43,18,0.05333333333333334,0.0,0.0,Seasonal-Naive Forecast,False,False,False,True,Overstock Candidate,Review / Reduce Inventory
ST20,SKU04041,0,63,23,0.10569105691056911,0.0,0.0,Seasonal-Naive Forecast,True,True,True,False,Critical Stockout,Immediate Reorder
ST02,SKU02657,0,24,9,0.14215686274509803,0.0,0.0,Seasonal-Naive Forecast,True,True,True,False,Critical Stockout,Immediate Reorder
ST12,SKU03870,0,57,18,0.07228915662650602,0.0,0.0,Seasonal-Naive Forecast,True,True,True,False,Critical Stockout,Immediate Reorder
ST22,SKU04329,0,49,20,0.3316062176165803,0.0,0.0,Seasonal-Naive Forecast,True,True,True,False,Critical Stockout,Immediate Reorder
ST20,SKU01371,0,80,36,0.39086294416243655,0.0,0.0,Seasonal-Naive Forecast,True,True,True,False,Critical Stockout,Immediate Reorder
ST26,SKU00893,0,70,31,0.17098445595854922,0.0,0.0,Seasonal-Naive Forecast,True,True,True,False,Critical Stockout,Immediate Reorder
ST12,SKU00500,0,73,19,0.10596026490066225,0.0,0.0,Seasonal-Naive Forecast,True,True,True,False,Critical Stockout,Immediate Reorder
ST06,SKU00052,358,97,34,1.0,,1.0,Average Weekly Demand,False,False,False,False,Healthy / Monitor,No Immediate Action
ST01,SKU02660,0,70,14,0.14673913043478262,0.0,0.0,Seasonal-Naive Forecast,True,True,True,False,Critical Stockout,Immediate Reorder
ST01,SKU04646,0,37,9,0.12254901960784313,0.0,0.0,Seasonal-Naive Forecast,True,True,True,False,Critical Stockout,Immediate Reorder
ST19,SKU00758,224,64,30,0.3125,,0.3125,Average Weekly Demand,False,False,False,False,Healthy / Monitor,No Immediate Action
ST21,SKU00050,0,29,12,0.09359605911330049,0.0,0.0,Seasonal-Naive Forecast,True,True,True,False,Critical Stockout,Immediate Reorder
ST03,SKU01164,0,86,35,0.09090909090909091,0.0,0.0,Seasonal-Naive Forecast,True,True,True,False,Critical Stockout,Immediate Reorder
ST23,SKU04381,0,58,28,0.23880597014925373,0.0,0.0,Seasonal-Naive Forecast,True,True,True,False,Critical Stockout,Immediate Reorder
ST04,SKU04381,0,52,12,0.23880597014925373,0.0,0.0,Seasonal-Naive Forecast,True,True,True,False,Critical Stockout,Immediate Reorder
ST26,SKU04665,154,46,20,3.0,,3.0,Average Weekly Demand,False,False,False,False,Healthy / Monitor,No Immediate Action
ST24,SKU00539,0,86,42,0.10674157303370786,0.0,0.0,Seasonal-Naive Forecast,True,True,True,False,Critical Stockout,Immediate Reorder
ST27,SKU02247,0,45,9,0.1358695652173913,0.0,0.0,Seasonal-Naive Forecast,True,True,True,False,Critical Stockout,Immediate Reorder
ST25,SKU01420,0,83,32,0.2765957446808511,1.0,1.0,Seasonal-Naive Forecast,True,True,True,False,Critical Stockout,Immediate Reorder
ST03,SKU02950,0,98,28,0.08823529411764706,0.0,0.0,Seasonal-Naive Forecast,True,True,True,False,Critical Stockout,Immediate Reorder
ST18,SKU01538,232,44,19,2.0,,2.0,Average Weekly Demand,False,False,False,False,Healthy / Monitor,No Immediate Action
ST25,SKU01662,0,68,20,0.11564625850340136,0.0,0.0,Seasonal-Naive Forecast,True,True,True,False,Critical Stockout,Immediate Reorder
ST27,SKU04596,0,60,12,1.4202898550724639,0.0,0.0,Seasonal-Naive Forecast,True,True,True,False,Critical Stockout,Immediate Reorder
ST08,SKU02368,0,72,14,0.22448979591836735,0.0,0.0,Seasonal-Naive Forecast,True,True,True,False,Critical Stockout,Immediate Reorder
ST18,SKU04575,24,37,13,0.08947368421052632,4.0,4.0,Seasonal-Naive Forecast,False,False,True,False,Reorder Required,Plan Reorder
ST04,SKU02983,146,49,14,0.10067114093959731,0.0,0.0,Seasonal-Naive Forecast,False,False,False,True,Overstock Candidate,Review / Reduce Inventory
ST30,SKU00922,7,53,16,0.06521739130434782,0.0,0.0,Seasonal-Naive Forecast,False,True,True,False,High Risk,Expedite Replenishment
ST14,SKU01092,101,51,19,0.02857142857142857,0.0,0.0,Seasonal-Naive Forecast,False,False,False,False,Healthy / Monitor,No Immediate Action
ST07,SKU02317,183,83,25,0.0446927374301676,0.0,0.0,Seasonal-Naive Forecast,False,False,False,True,Overstock Candidate,Review / Reduce Inventory
ST21,SKU02308,223,100,49,0.7142857142857143,,0.7142857142857143,Average Weekly Demand,False,False,False,False,Healthy / Monitor,No Immediate Action
ST01,SKU03906,93,36,11,0.125,0.0,0.0,Seasonal-Naive Forecast,False,False,False,True,Overstock Candidate,Review / Reduce Inventory
ST21,SKU03353,1,30,14,0.07913669064748201,0.0,0.0,Seasonal-Naive Forecast,False,True,True,False,High Risk,Expedite Replenishment
ST12,SKU04499,202,89,41,0.08695652173913043,,0.08695652173913043,Average Weekly Demand,False,False,False,False,Healthy / Monitor,No Immediate Action
ST29,SKU04028,1,30,8,0.06097560975609756,0.0,0.0,Seasonal-Naive Forecast,False,True,True,False,High Risk,Expedite Replenishment
ST07,SKU01164,138,97,22,0.09090909090909091,0.0,0.0,Seasonal-Naive Forecast,False,False,False,False,Healthy / Monitor,No Immediate Action
ST06,SKU00307,122,53,15,0.6666666666666666,,0.6666666666666666,Average Weekly Demand,False,False,False,False,Healthy / Monitor,No Immediate Action
ST18,SKU01194,87,85,39,0.06944444444444445,0.0,0.0,Seasonal-Naive Forecast,False,False,False,False,Healthy / Monitor,No Immediate Action
ST20,SKU03768,35,26,10,2.0,,2.0,Average Weekly Demand,False,False,False,False,Healthy / Monitor,No Immediate Action
ST23,SKU01217,103,47,19,0.23684210526315788,,0.23684210526315788,Average Weekly Demand,False,False,False,False,Healthy / Monitor,No Immediate Action
ST06,SKU02465,3,78,33,0.034482758620689655,0.0,0.0,Seasonal-Naive Forecast,False,True,True,False,High Risk,Expedite Replenishment
ST27,SKU01053,114,66,13,2.0,,2.0,Average Weekly Demand,False,False,False,False,Healthy / Monitor,No Immediate Action
ST19,SKU04734,201,80,31,0.07894736842105263,,0.07894736842105263,Average Weekly Demand,False,False,False,False,Healthy / Monitor,No Immediate Action
ST28,SKU00263,110,67,17,0.13793103448275862,0.0,0.0,Seasonal-Naive Forecast,False,False,False,False,Healthy / Monitor,No Immediate Action
ST03,SKU00897,48,72,32,0.05844155844155844,0.0,0.0,Seasonal-Naive Forecast,False,False,True,False,Reorder Required,Plan Reorder
ST21,SKU03055,118,82,30,0.05851063829787234,0.0,0.0,Seasonal-Naive Forecast,False,False,False,False,Healthy / Monitor,No Immediate Action
ST25,SKU01301,23,89,43,0.03676470588235294,0.0,0.0,Seasonal-Naive Forecast,False,True,True,False,High Risk,Expedite Replenishment
ST14,SKU03271,227,88,35,0.0949367088607595,0.0,0.0,Seasonal-Naive Forecast,False,False,False,True,Overstock Candidate,Review / Reduce Inventory
ST20,SKU00430,43,23,7,0.07627118644067797,0.0,0.0,Seasonal-Naive Forecast,False,False,False,False,Healthy / Monitor,No Immediate Action
ST19,SKU01377,43,41,12,0.0213903743315508,0.0,0.0,Seasonal-Naive Forecast,False,False,False,False,Healthy / Monitor,No Immediate Action
ST29,SKU01120,132,46,23,0.10843373493975904,0.0,0.0,Seasonal-Naive Forecast,False,False,False,True,Overstock Candidate,Review / Reduce Inventory
ST24,SKU01652,34,59,25,1.0,,1.0,Average Weekly Demand,False,False,True,False,Reorder Required,Plan Reorder
ST25,SKU03982,31,40,13,3.0,,3.0,Average Weekly Demand,False,False,True,False,Reorder Required,Plan Reorder
ST16,SKU01775,148,74,17,0.41025641025641024,0.0,0.0,Seasonal-Naive Forecast,False,False,False,True,Overstock Candidate,Review / Reduce Inventory
ST29,SKU03698,14,23,6,2.0,,2.0,Average Weekly Demand,False,False,True,False,Reorder Required,Plan Reorder
ST18,SKU04345,181,93,36,4.0,,4.0,Average Weekly Demand,False,False,False,False,Healthy / Monitor,No Immediate Action
ST09,SKU01363,131,50,23,0.08522727272727272,0.0,0.0,Seasonal-Naive Forecast,False,False,False,True,Overstock Candidate,Review / Reduce Inventory
ST08,SKU02523,75,26,10,0.1111111111111111,,0.1111111111111111,Average Weekly Demand,False,False,False,False,Healthy / Monitor,No Immediate Action
ST11,SKU01281,84,61,19,0.09448818897637795,0.0,0.0,Seasonal-Naive Forecast,False,False,False,False,Healthy / Monitor,No Immediate Action
ST01,SKU03040,163,65,17,0.3333333333333333,,0.3333333333333333,Average Weekly Demand,False,False,False,False,Healthy / Monitor,No Immediate Action
ST26,SKU02538,128,50,12,0.14193548387096774,0.0,0.0,Seasonal-Naive Forecast,False,False,False,True,Overstock Candidate,Review / Reduce Inventory
ST16,SKU03549,12,33,12,0.3125,,0.3125,Average Weekly Demand,False,False,True,False,Reorder Required,Plan Reorder
ST05,SKU02954,10,88,27,0.29411764705882354,0.0,0.0,Seasonal-Naive Forecast,False,True,True,False,High Risk,Expedite Replenishment
ST09,SKU00953,83,62,20,0.4830917874396135,0.0,0.0,Seasonal-Naive Forecast,False,False,False,False,Healthy / Monitor,No Immediate Action
ST10,SKU03739,127,94,31,0.05660377358490566,0.0,0.0,Seasonal-Naive Forecast,False,False,False,False,Healthy / Monitor,No Immediate Action
ST25,SKU00597,99,48,20,0.0125,0.0,0.0,Seasonal-Naive Forecast,False,False,False,True,Overstock Candidate,Review / Reduce Inventory
ST09,SKU01775,38,40,11,0.41025641025641024,0.0,0.0,Seasonal-Naive Forecast,False,False,True,False,Reorder Required,Plan Reorder
ST08,SKU00972,85,29,11,0.14285714285714285,,0.14285714285714285,Average Weekly Demand,False,False,False,False,Healthy / Monitor,No Immediate Action
ST20,SKU04335,47,29,10,0.03731343283582089,0.0,0.0,Seasonal-Naive Forecast,False,False,False,False,Healthy / Monitor,No Immediate Action
ST19,SKU02046,50,58,27,0.15841584158415842,0.0,0.0,Seasonal-Naive Forecast,False,False,True,False,Reorder Required,Plan Reorder
ST27,SKU03729,5,61,20,1.0,,1.0,Average Weekly Demand,False,True,True,False,High Risk,Expedite Replenishment
ST12,SKU02189,80,59,16,0.06542056074766354,0.0,0.0,Seasonal-Naive Forecast,False,False,False,False,Healthy / Monitor,No Immediate Action
ST16,SKU02268,291,98,49,0.08648648648648649,0.0,0.0,Seasonal-Naive Forecast,False,False,False,True,Overstock Candidate,Review / Reduce Inventory
ST06,SKU03937,72,99,49,0.08270676691729323,0.0,0.0,Seasonal-Naive Forecast,False,False,True,False,Reorder Required,Plan Reorder
ST28,SKU03665,146,50,24,0.047619047619047616,0.0,0.0,Seasonal-Naive Forecast,False,False,False,True,Overstock Candidate,Review / Reduce Inventory
ST04,SKU04846,66,39,13,0.1,,0.1,Average Weekly Demand,False,False,False,False,Healthy / Monitor,No Immediate Action
ST20,SKU03969,92,40,15,0.2,,0.2,Average Weekly Demand,False,False,False,False,Healthy / Monitor,No Immediate Action
ST04,SKU02711,86,42,17,2.0,,2.0,Average Weekly Demand,False,False,False,False,Healthy / Monitor,No Immediate Action
ST16,SKU03571,50,20,5,0.09090909090909091,0.0,0.0,Seasonal-Naive Forecast,False,False,False,True,Overstock Candidate,Review / Reduce Inventory
ST17,SKU00772,56,64,13,0.06504065040650407,0.0,0.0,Seasonal-Naive Forecast,False,False,True,False,Reorder Required,Plan Reorder
ST14,SKU00831,17,26,11,0.07547169811320754,0.0,0.0,Seasonal-Naive Forecast,False,False,True,False,Reorder Required,Plan Reorder
ST17,SKU02015,37,62,13,0.052083333333333336,0.0,0.0,Seasonal-Naive Forecast,False,False,True,False,Reorder Required,Plan Reorder
ST16,SKU01315,42,36,11,0.08433734939759036,0.0,0.0,Seasonal-Naive Forecast,False,False,False,False,Healthy / Monitor,No Immediate Action
ST28,SKU01349,64,65,30,0.05952380952380952,0.0,0.0,Seasonal-Naive Forecast,False,False,True,False,Reorder Required,Plan Reorder
ST23,SKU04995,192,77,20,0.03125,0.0,0.0,Seasonal-Naive Forecast,False,False,False,True,Overstock Candidate,Review / Reduce Inventory
ST17,SKU00845,89,30,10,0.23737373737373738,0.0,0.0,Seasonal-Naive Forecast,False,False,False,True,Overstock Candidate,Review / Reduce Inventory
ST22,SKU00272,46,30,10,2.0,,2.0,Average Weekly Demand,False,False,False,False,Healthy / Monitor,No Immediate Action
ST13,SKU01395,132,81,20,0.10309278350515463,0.0,0.0,Seasonal-Naive Forecast,False,False,False,False,Healthy / Monitor,No Immediate Action
ST27,SKU01824,164,59,12,0.03424657534246575,0.0,0.0,Seasonal-Naive Forecast,False,False,False,True,Overstock Candidate,Review / Reduce Inventory
ST30,SKU00086,126,59,27,0.3333333333333333,,0.3333333333333333,Average Weekly Demand,False,False,False,False,Healthy / Monitor,No Immediate Action
ST10,SKU04601,169,93,45,0.0761904761904762,0.0,0.0,Seasonal-Naive Forecast,False,False,False,False,Healthy / Monitor,No Immediate Action
ST14,SKU03606,128,73,16,4.0,,4.0,Average Weekly Demand,False,False,False,False,Healthy / Monitor,No Immediate Action
ST09,SKU00845,164,96,41,0.23737373737373738,0.0,0.0,Seasonal-Naive Forecast,False,False,False,False,Healthy / Monitor,No Immediate Action
ST03,SKU03084,262,99,25,0.03571428571428571,0.0,0.0,Seasonal-Naive Forecast,False,False,False,True,Overstock Candidate,Review / Reduce Inventory
ST21,SKU02840,71,54,16,0.11282051282051282,0.0,0.0,Seasonal-Naive Forecast,False,False,False,False,Healthy / Monitor,No Immediate Action
ST30,SKU02312,111,68,26,0.04477611940298507,0.0,0.0,Seasonal-Naive Forecast,False,False,False,False,Healthy / Monitor,No Immediate Action
ST23,SKU04998,115,60,26,2.0,,2.0,Average Weekly Demand,False,False,False,False,Healthy / Monitor,No Immediate Action
ST21,SKU00902,120,98,28,0.057971014492753624,0.0,0.0,Seasonal-Naive Forecast,False,False,False,False,Healthy / Monitor,No Immediate Action
ST17,SKU02493,119,54,21,0.03333333333333333,0.0,0.0,Seasonal-Naive Forecast,False,False,False,True,Overstock Candidate,Review / Reduce Inventory
ST22,SKU02726,259,96,26,3.0,,3.0,Average Weekly Demand,False,False,False,False,Healthy / Monitor,No Immediate Action
ST11,SKU02619,100,75,31,0.5714285714285714,,0.5714285714285714,Average Weekly Demand,False,False,False,False,Healthy / Monitor,No Immediate Action
ST06,SKU04508,3,55,24,0.1902439024390244,0.0,0.0,Seasonal-Naive Forecast,False,True,True,False,High Risk,Expedite Replenishment
ST21,SKU01211,1,29,12,0.05154639175257732,0.0,0.0,Seasonal-Naive Forecast,False,True,True,False,High Risk,Expedite Replenishment
ST26,SKU03676,129,49,18,0.08333333333333333,0.0,0.0,Seasonal-Naive Forecast,False,False,False,True,Overstock Candidate,Review / Reduce Inventory
ST08,SKU03111,50,36,14,2.0,,2.0,Average Weekly Demand,False,False,False,False,Healthy / Monitor,No Immediate Action
ST07,SKU01740,60,49,21,3.0,,3.0,Average Weekly Demand,False,False,False,False,Healthy / Monitor,No Immediate Action
ST13,SKU04940,69,43,18,0.04433497536945813,0.0,0.0,Seasonal-Naive Forecast,False,False,False,False,Healthy / Monitor,No Immediate Action
ST08,SKU01977,57,95,29,1.0,,1.0,Average Weekly Demand,False,False,True,False,Reorder Required,Plan Reorder
ST29,SKU03522,44,38,14,0.09895833333333333,0.0,0.0,Seasonal-Naive Forecast,False,False,False,False,Healthy / Monitor,No Immediate Action
ST04,SKU03435,43,92,19,0.033783783783783786,0.0,0.0,Seasonal-Naive Forecast,False,False,True,False,Reorder Required,Plan Reorder
ST11,SKU01817,137,56,13,4.0,,4.0,Average Weekly Demand,False,False,False,False,Healthy / Monitor,No Immediate Action
ST02,SKU04571,158,75,15,0.3069306930693069,0.0,0.0,Seasonal-Naive Forecast,False,False,False,True,Overstock Candidate,Review / Reduce Inventory
ST25,SKU02683,61,93,21,0.09944751381215469,0.0,0.0,Seasonal-Naive Forecast,False,False,True,False,Reorder Required,Plan Reorder
ST24,SKU03688,80,51,23,0.04666666666666667,0.0,0.0,Seasonal-Naive Forecast,False,False,False,False,Healthy / Monitor,No Immediate Action
ST06,SKU02869,29,48,13,1.0,,1.0,Average Weekly Demand,False,False,True,False,Reorder Required,Plan Reorder
ST30,SKU01059,54,25,6,0.0875,0.0,0.0,Seasonal-Naive Forecast,False,False,False,True,Overstock Candidate,Review / Reduce Inventory
ST12,SKU01518,257,93,34,0.16,,0.16,Average Weekly Demand,False,False,False,False,Healthy / Monitor,No Immediate Action
ST15,SKU00595,170,59,25,0.12903225806451613,0.0,0.0,Seasonal-Naive Forecast,False,False,False,True,Overstock Candidate,Review / Reduce Inventory
ST07,SKU03937,155,94,43,0.08270676691729323,0.0,0.0,Seasonal-Naive Forecast,False,False,False,False,Healthy / Monitor,No Immediate Action
ST29,SKU00971,96,79,24,2.0,,2.0,Average Weekly Demand,False,False,False,False,Healthy / Monitor,No Immediate Action
ST20,SKU03438,32,36,7,0.037037037037037035,0.0,0.0,Seasonal-Naive Forecast,False,False,True,False,Reorder Required,Plan Reorder
ST22,SKU04566,164,64,19,1.0,,1.0,Average Weekly Demand,False,False,False,False,Healthy / Monitor,No Immediate Action
ST19,SKU04574,19,38,12,0.11392405063291139,0.0,0.0,Seasonal-Naive Forecast,False,False,True,False,Reorder Required,Plan Reorder
ST20,SKU01677,160,55,26,0.07731958762886598,4.0,4.0,Seasonal-Naive Forecast,False,False,False,False,Healthy / Monitor,No Immediate Action
ST06,SKU03060,122,78,37,2.0,,2.0,Average Weekly Demand,False,False,False,False,Healthy / Monitor,No Immediate Action
ST14,SKU04570,16,66,19,0.034482758620689655,0.0,0.0,Seasonal-Naive Forecast,False,True,True,False,High Risk,Expedite Replenishment
ST09,SKU02326,66,83,22,3.0,,3.0,Average Weekly Demand,False,False,True,False,Reorder Required,Plan Reorder
ST22,SKU00976,234,91,32,0.08441558441558442,0.0,0.0,Seasonal-Naive Forecast,False,False,False,True,Overstock Candidate,Review / Reduce Inventory
ST15,SKU04255,22,85,24,0.13186813186813187,0.0,0.0,Seasonal-Naive Forecast,False,True,True,False,High Risk,Expedite Replenishment
ST07,SKU00502,7,62,22,3.0,,3.0,Average Weekly Demand,False,True,True,False,High Risk,Expedite Replenishment
ST20,SKU01076,147,82,28,2.0,,2.0,Average Weekly Demand,False,False,False,False,Healthy / Monitor,No Immediate Action
ST09,SKU01547,65,47,14,0.024691358024691357,0.0,0.0,Seasonal-Naive Forecast,False,False,False,False,Healthy / Monitor,No Immediate Action
ST04,SKU02921,36,75,32,0.058333333333333334,0.0,0.0,Seasonal-Naive Forecast,False,False,True,False,Reorder Required,Plan Reorder
ST14,SKU04355,84,64,13,0.06756756756756757,0.0,0.0,Seasonal-Naive Forecast,False,False,False,False,Healthy / Monitor,No Immediate Action
ST19,SKU02840,225,84,32,0.11282051282051282,0.0,0.0,Seasonal-Naive Forecast,False,False,False,True,Overstock Candidate,Review / Reduce Inventory
ST18,SKU04601,23,44,11,0.0761904761904762,0.0,0.0,Seasonal-Naive Forecast,False,False,True,False,Reorder Required,Plan Reorder
ST17,SKU03099,160,69,31,0.021505376344086023,0.0,0.0,Seasonal-Naive Forecast,False,False,False,True,Overstock Candidate,Review / Reduce Inventory
ST27,SKU04677,293,98,30,0.06395348837209303,0.0,0.0,Seasonal-Naive Forecast,False,False,False,True,Overstock Candidate,Review / Reduce Inventory
ST27,SKU04604,27,21,9,0.04878048780487805,0.0,0.0,Seasonal-Naive Forecast,False,False,False,False,Healthy / Monitor,No Immediate Action
ST22,SKU01033,36,95,39,0.11627906976744186,,0.11627906976744186,Average Weekly Demand,False,True,True,False,High Risk,Expedite Replenishment
ST15,SKU00605,217,82,31,0.07766990291262135,0.0,0.0,Seasonal-Naive Forecast,False,False,False,True,Overstock Candidate,Review / Reduce Inventory
ST05,SKU03917,23,68,19,1.0,,1.0,Average Weekly Demand,False,False,True,False,Reorder Required,Plan Reorder
ST09,SKU03392,74,33,15,0.056074766355140186,0.0,0.0,Seasonal-Naive Forecast,False,False,False,True,Overstock Candidate,Review / Reduce Inventory
ST05,SKU03531,96,68,20,0.05263157894736842,0.0,0.0,Seasonal-Naive Forecast,False,False,False,False,Healthy / Monitor,No Immediate Action
ST27,SKU03038,108,53,12,1.0,,1.0,Average Weekly Demand,False,False,False,False,Healthy / Monitor,No Immediate Action
ST07,SKU03637,86,64,21,0.125,,0.125,Average Weekly Demand,False,False,False,False,Healthy / Monitor,No Immediate Action
ST23,SKU02844,11,45,17,1.0,,1.0,Average Weekly Demand,False,True,True,False,High Risk,Expedite Replenishment
ST19,SKU02695,10,29,11,3.0,,3.0,Average Weekly Demand,False,True,True,False,High Risk,Expedite Replenishment
ST21,SKU02062,63,39,9,0.09859154929577464,0.0,0.0,Seasonal-Naive Forecast,False,False,False,False,Healthy / Monitor,No Immediate Action
ST13,SKU04084,128,99,39,0.04395604395604396,0.0,0.0,Seasonal-Naive Forecast,False,False,False,False,Healthy / Monitor,No Immediate Action
ST10,SKU02187,126,80,34,0.0743801652892562,0.0,0.0,Seasonal-Naive Forecast,False,False,False,False,Healthy / Monitor,No Immediate Action
ST23,SKU01121,48,93,45,0.06382978723404255,,0.06382978723404255,Average Weekly Demand,False,False,True,False,Reorder Required,Plan Reorder
ST23,SKU03665,38,60,15,0.047619047619047616,0.0,0.0,Seasonal-Naive Forecast,False,False,True,False,Reorder Required,Plan Reorder
ST29,SKU04165,202,84,19,2.0,,2.0,Average Weekly Demand,False,False,False,False,Healthy / Monitor,No Immediate Action
ST22,SKU01710,56,22,10,2.0,,2.0,Average Weekly Demand,False,False,False,False,Healthy / Monitor,No Immediate Action
ST22,SKU03564,69,98,41,0.027624309392265192,0.0,0.0,Seasonal-Naive Forecast,False,False,True,False,Reorder Required,Plan Reorder
ST23,SKU03685,237,94,30,0.034482758620689655,0.0,0.0,Seasonal-Naive Forecast,False,False,False,True,Overstock Candidate,Review / Reduce Inventory
ST27,SKU03062,204,91,20,0.06349206349206349,0.0,0.0,Seasonal-Naive Forecast,False,False,False,True,Overstock Candidate,Review / Reduce Inventory
ST06,SKU01657,19,27,9,0.12903225806451613,,0.12903225806451613,Average Weekly Demand,False,False,True,False,Reorder Required,Plan Reorder
ST03,SKU03777,235,99,42,0.06040268456375839,0.0,0.0,Seasonal-Naive Forecast,False,False,False,True,Overstock Candidate,Review / Reduce Inventory
ST27,SKU03933,115,91,27,0.07894736842105263,0.0,0.0,Seasonal-Naive Forecast,False,False,False,False,Healthy / Monitor,No Immediate Action
ST20,SKU00340,50,42,17,0.13043478260869565,,0.13043478260869565,Average Weekly Demand,False,False,False,False,Healthy / Monitor,No Immediate Action
ST15,SKU03363,65,69,31,1.0,,1.0,Average Weekly Demand,False,False,True,False,Reorder Required,Plan Reorder
ST19,SKU01127,15,69,33,0.1360544217687075,0.0,0.0,Seasonal-Naive Forecast,False,True,True,False,High Risk,Expedite Replenishment
ST19,SKU02909,60,30,7,0.3333333333333333,,0.3333333333333333,Average Weekly Demand,False,False,False,False,Healthy / Monitor,No Immediate Action
ST15,SKU04284,13,33,16,0.09195402298850575,0.0,0.0,Seasonal-Naive Forecast,False,True,True,False,High Risk,Expedite Replenishment
ST18,SKU03002,0,23,8,0.011764705882352941,0.0,0.0,Seasonal-Naive Forecast,True,True,True,False,Critical Stockout,Immediate Reorder
ST28,SKU03954,47,78,34,0.08791208791208792,1.0,1.0,Seasonal-Naive Forecast,False,False,True,False,Reorder Required,Plan Reorder
ST16,SKU03068,249,92,34,0.2857142857142857,,0.2857142857142857,Average Weekly Demand,False,False,False,False,Healthy / Monitor,No Immediate Action
ST03,SKU01846,160,58,18,0.03597122302158273,0.0,0.0,Seasonal-Naive Forecast,False,False,False,True,Overstock Candidate,Review / Reduce Inventory
ST12,SKU03175,25,66,30,0.15625,,0.15625,Average Weekly Demand,False,True,True,False,High Risk,Expedite Replenishment
ST04,SKU04626,140,81,19,0.0582010582010582,0.0,0.0,Seasonal-Naive Forecast,False,False,False,False,Healthy / Monitor,No Immediate Action
ST30,SKU02513,192,89,38,0.12,,0.12,Average Weekly Demand,False,False,False,False,Healthy / Monitor,No Immediate Action
ST08,SKU04175,21,40,10,0.044444444444444446,0.0,0.0,Seasonal-Naive Forecast,False,False,True,False,Reorder Required,Plan Reorder
ST13,SKU00908,94,63,20,0.036585365853658534,0.0,0.0,Seasonal-Naive Forecast,False,False,False,False,Healthy / Monitor,No Immediate Action
ST27,SKU00112,142,57,11,0.10526315789473684,0.0,0.0,Seasonal-Naive Forecast,False,False,False,True,Overstock Candidate,Review / Reduce Inventory
ST28,SKU01842,0,78,24,1.0,,1.0,Average Weekly Demand,True,True,True,False,Critical Stockout,Immediate Reorder
ST29,SKU00820,269,94,38,0.0625,,0.0625,Average Weekly Demand,False,False,False,False,Healthy / Monitor,No Immediate Action
ST06,SKU03987,13,27,12,0.11538461538461539,,0.11538461538461539,Average Weekly Demand,False,False,True,False,Reorder Required,Plan Reorder
ST20,SKU04154,202,80,19,0.7121951219512195,0.0,0.0,Seasonal-Naive Forecast,False,False,False,True,Overstock Candidate,Review / Reduce Inventory
ST21,SKU03503,130,46,21,0.1875,0.0,0.0,Seasonal-Naive Forecast,False,False,False,True,Overstock Candidate,Review / Reduce Inventory
ST11,SKU04311,59,26,9,0.17391304347826086,,0.17391304347826086,Average Weekly Demand,False,False,False,False,Healthy / Monitor,No Immediate Action
ST03,SKU00060,70,84,20,0.08421052631578947,0.0,0.0,Seasonal-Naive Forecast,False,False,True,False,Reorder Required,Plan Reorder
ST27,SKU04060,26,58,18,0.0625,0.0,0.0,Seasonal-Naive Forecast,False,False,True,False,Reorder Required,Plan Reorder
ST22,SKU00506,102,98,48,0.06923076923076923,0.0,0.0,Seasonal-Naive Forecast,False,False,False,False,Healthy / Monitor,No Immediate Action
ST18,SKU00823,160,86,43,0.10714285714285714,0.0,0.0,Seasonal-Naive Forecast,False,False,False,False,Healthy / Monitor,No Immediate Action
ST06,SKU02868,141,96,42,0.08860759493670886,0.0,0.0,Seasonal-Naive Forecast,False,False,False,False,Healthy / Monitor,No Immediate Action
ST10,SKU01744,2,33,8,1.0,,1.0,Average Weekly Demand,False,True,True,False,High Risk,Expedite Replenishment
ST12,SKU02937,248,89,24,0.05,0.0,0.0,Seasonal-Naive Forecast,False,False,False,True,Overstock Candidate,Review / Reduce Inventory
ST14,SKU02145,2,57,25,0.14893617021276595,,0.14893617021276595,Average Weekly Demand,False,True,True,False,High Risk,Expedite Replenishment
ST12,SKU00784,79,76,20,0.03804347826086957,0.0,0.0,Seasonal-Naive Forecast,False,False,False,False,Healthy / Monitor,No Immediate Action
ST08,SKU02298,52,28,13,0.05,1.0,1.0,Seasonal-Naive Forecast,False,False,False,False,Healthy / Monitor,No Immediate Action
ST16,SKU04828,44,62,15,0.03314917127071823,0.0,0.0,Seasonal-Naive Forecast,False,False,True,False,Reorder Required,Plan Reorder
ST25,SKU03714,53,32,7,1.4,,1.4,Average Weekly Demand,False,False,False,False,Healthy / Monitor,No Immediate Action
ST19,SKU01990,44,35,15,0.03496503496503497,0.0,0.0,Seasonal-Naive Forecast,False,False,False,False,Healthy / Monitor,No Immediate Action
ST25,SKU01395,75,31,6,0.10309278350515463,0.0,0.0,Seasonal-Naive Forecast,False,False,False,True,Overstock Candidate,Review / Reduce Inventory
ST11,SKU00893,24,32,12,0.17098445595854922,0.0,0.0,Seasonal-Naive Forecast,False,False,True,False,Reorder Required,Plan Reorder
ST09,SKU03149,36,39,13,0.06962025316455696,0.0,0.0,Seasonal-Naive Forecast,False,False,True,False,Reorder Required,Plan Reorder
ST09,SKU00030,43,31,10,0.018404907975460124,0.0,0.0,Seasonal-Naive Forecast,False,False,False,False,Healthy / Monitor,No Immediate Action
ST09,SKU01164,165,90,24,0.09090909090909091,0.0,0.0,Seasonal-Naive Forecast,False,False,False,False,Healthy / Monitor,No Immediate Action
ST03,SKU03901,74,31,14,0.08280254777070063,0.0,0.0,Seasonal-Naive Forecast,False,False,False,True,Overstock Candidate,Review / Reduce Inventory
ST06,SKU02504,144,62,19,0.03968253968253968,0.0,0.0,Seasonal-Naive Forecast,False,False,False,True,Overstock Candidate,Review / Reduce Inventory
ST05,SKU03699,12,27,12,0.09090909090909091,,0.09090909090909091,Average Weekly Demand,False,False,True,False,Reorder Required,Plan Reorder
ST17,SKU04544,19,62,28,0.034482758620689655,0.0,0.0,Seasonal-Naive Forecast,False,True,True,False,High Risk,Expedite Replenishment
ST17,SKU04321,260,93,22,5.5311004784688995,10.0,10.0,Seasonal-Naive Forecast,False,False,False,False,Healthy / Monitor,No Immediate Action
ST25,SKU02774,241,95,45,0.03669724770642202,0.0,0.0,Seasonal-Naive Forecast,False,False,False,True,Overstock Candidate,Review / Reduce Inventory
ST03,SKU03059,70,60,22,0.028037383177570093,0.0,0.0,Seasonal-Naive Forecast,False,False,False,False,Healthy / Monitor,No Immediate Action
ST15,SKU00968,139,49,18,0.05333333333333334,0.0,0.0,Seasonal-Naive Forecast,False,False,False,True,Overstock Candidate,Review / Reduce Inventory
ST21,SKU04563,72,36,12,1.0,,1.0,Average Weekly Demand,False,False,False,False,Healthy / Monitor,No Immediate Action
ST22,SKU00264,88,30,9,0.2,0.0,0.0,Seasonal-Naive Forecast,False,False,False,True,Overstock Candidate,Review / Reduce Inventory
ST21,SKU00893,29,29,8,0.17098445595854922,0.0,0.0,Seasonal-Naive Forecast,False,False,True,False,Reorder Required,Plan Reorder
ST16,SKU03374,63,85,41,0.026881720430107527,0.0,0.0,Seasonal-Naive Forecast,False,False,True,False,Reorder Required,Plan Reorder
ST30,SKU03977,146,56,22,0.05102040816326531,0.0,0.0,Seasonal-Naive Forecast,False,False,False,True,Overstock Candidate,Review / Reduce Inventory
ST13,SKU03981,61,37,8,2.0,,2.0,Average Weekly Demand,False,False,False,False,Healthy / Monitor,No Immediate Action
ST03,SKU00079,138,48,12,0.3402061855670103,0.0,0.0,Seasonal-Naive Forecast,False,False,False,True,Overstock Candidate,Review / Reduce Inventory
ST20,SKU04204,36,21,5,0.09523809523809523,0.0,0.0,Seasonal-Naive Forecast,False,False,False,False,Healthy / Monitor,No Immediate Action
ST17,SKU04923,62,21,9,0.21052631578947367,,0.21052631578947367,Average Weekly Demand,False,False,False,False,Healthy / Monitor,No Immediate Action
ST18,SKU02812,91,67,24,0.125,0.0,0.0,Seasonal-Naive Forecast,False,False,False,False,Healthy / Monitor,No Immediate Action
ST25,SKU03228,65,52,11,0.07407407407407407,,0.07407407407407407,Average Weekly Demand,False,False,False,False,Healthy / Monitor,No Immediate Action
ST07,SKU02389,49,54,12,0.04,0.0,0.0,Seasonal-Naive Forecast,False,False,True,False,Reorder Required,Plan Reorder
ST04,SKU01582,230,98,27,1.0,,1.0,Average Weekly Demand,False,False,False,False,Healthy / Monitor,No Immediate Action
ST28,SKU02399,151,83,36,0.05813953488372093,0.0,0.0,Seasonal-Naive Forecast,False,False,False,False,Healthy / Monitor,No Immediate Action
ST18,SKU00880,75,33,14,0.07142857142857142,,0.07142857142857142,Average Weekly Demand,False,False,False,False,Healthy / Monitor,No Immediate Action
ST11,SKU04078,50,70,34,0.1,,0.1,Average Weekly Demand,False,False,True,False,Reorder Required,Plan Reorder
ST14,SKU04977,52,44,18,0.046357615894039736,0.0,0.0,Seasonal-Naive Forecast,False,False,False,False,Healthy / Monitor,No Immediate Action
ST04,SKU04538,113,51,14,0.4,,0.4,Average Weekly Demand,False,False,False,False,Healthy / Monitor,No Immediate Action
ST30,SKU02988,177,69,31,0.032467532467532464,0.0,0.0,Seasonal-Naive Forecast,False,False,False,True,Overstock Candidate,Review / Reduce Inventory
ST08,SKU04355,11,24,6,0.06756756756756757,0.0,0.0,Seasonal-Naive Forecast,False,False,True,False,Reorder Required,Plan Reorder
ST19,SKU00192,91,83,17,1.0,,1.0,Average Weekly Demand,False,False,False,False,Healthy / Monitor,No Immediate Action
ST14,SKU03525,147,54,11,0.12195121951219512,,0.12195121951219512,Average Weekly Demand,False,False,False,False,Healthy / Monitor,No Immediate Action
ST08,SKU04307,82,87,36,1.0,,1.0,Average Weekly Demand,False,False,True,False,Reorder Required,Plan Reorder
ST27,SKU00694,0,28,10,0.10909090909090909,0.0,0.0,Seasonal-Naive Forecast,True,True,True,False,Critical Stockout,Immediate Reorder
ST29,SKU03854,193,85,35,0.049019607843137254,0.0,0.0,Seasonal-Naive Forecast,False,False,False,True,Overstock Candidate,Review / Reduce Inventory
ST24,SKU01280,94,90,20,0.0546448087431694,0.0,0.0,Seasonal-Naive Forecast,False,False,False,False,Healthy / Monitor,No Immediate Action
ST29,SKU02741,165,71,27,0.042105263157894736,0.0,0.0,Seasonal-Naive Forecast,False,False,False,True,Overstock Candidate,Review / Reduce Inventory
ST27,SKU02198,12,63,23,0.03597122302158273,0.0,0.0,Seasonal-Naive Forecast,False,True,True,False,High Risk,Expedite Replenishment
ST05,SKU04749,24,56,19,0.058823529411764705,0.0,0.0,Seasonal-Naive Forecast,False,False,True,False,Reorder Required,Plan Reorder
ST05,SKU04571,43,67,27,0.3069306930693069,0.0,0.0,Seasonal-Naive Forecast,False,False,True,False,Reorder Required,Plan Reorder
ST23,SKU01962,191,87,40,0.023952095808383235,0.0,0.0,Seasonal-Naive Forecast,False,False,False,True,Overstock Candidate,Review / Reduce Inventory
ST01,SKU04571,181,63,14,0.3069306930693069,0.0,0.0,Seasonal-Naive Forecast,False,False,False,True,Overstock Candidate,Review / Reduce Inventory
ST21,SKU01600,118,56,20,0.024793388429752067,0.0,0.0,Seasonal-Naive Forecast,False,False,False,True,Overstock Candidate,Review / Reduce Inventory
ST27,SKU03461,17,28,12,0.065,0.0,0.0,Seasonal-Naive Forecast,False,False,True,False,Reorder Required,Plan Reorder
ST08,SKU00893,54,32,9,0.17098445595854922,0.0,0.0,Seasonal-Naive Forecast,False,False,False,False,Healthy / Monitor,No Immediate Action
ST18,SKU01326,37,97,44,0.07575757575757576,0.0,0.0,Seasonal-Naive Forecast,False,True,True,False,High Risk,Expedite Replenishment
ST01,SKU01302,138,72,22,0.05517241379310345,0.0,0.0,Seasonal-Naive Forecast,False,False,False,False,Healthy / Monitor,No Immediate Action
ST20,SKU01738,96,64,24,0.05747126436781609,0.0,0.0,Seasonal-Naive Forecast,False,False,False,False,Healthy / Monitor,No Immediate Action
ST20,SKU00685,97,33,14,0.07428571428571429,0.0,0.0,Seasonal-Naive Forecast,False,False,False,True,Overstock Candidate,Review / Reduce Inventory
ST17,SKU02141,208,72,34,0.5245098039215687,0.0,0.0,Seasonal-Naive Forecast,False,False,False,True,Overstock Candidate,Review / Reduce Inventory
ST01,SKU04130,44,92,18,0.5833333333333334,,0.5833333333333334,Average Weekly Demand,False,False,True,False,Reorder Required,Plan Reorder
ST02,SKU02858,46,31,12,0.33507853403141363,0.0,0.0,Seasonal-Naive Forecast,False,False,False,False,Healthy / Monitor,No Immediate Action
ST21,SKU00953,143,92,22,0.4830917874396135,0.0,0.0,Seasonal-Naive Forecast,False,False,False,False,Healthy / Monitor,No Immediate Action
ST14,SKU03433,6,57,27,0.0821917808219178,0.0,0.0,Seasonal-Naive Forecast,False,True,True,False,High Risk,Expedite Replenishment
ST06,SKU00612,29,34,8,1.0,,1.0,Average Weekly Demand,False,False,True,False,Reorder Required,Plan Reorder
ST22,SKU04452,72,86,34,0.0625,0.0,0.0,Seasonal-Naive Forecast,False,False,True,False,Reorder Required,Plan Reorder
ST08,SKU01988,44,36,15,0.0784313725490196,0.0,0.0,Seasonal-Naive Forecast,False,False,False,False,Healthy / Monitor,No Immediate Action
ST23,SKU01293,27,38,19,0.06896551724137931,0.0,0.0,Seasonal-Naive Forecast,False,False,True,False,Reorder Required,Plan Reorder
ST19,SKU01317,142,56,17,0.10270270270270271,0.0,0.0,Seasonal-Naive Forecast,False,False,False,True,Overstock Candidate,Review / Reduce Inventory
ST18,SKU03292,33,53,16,0.4729064039408867,0.0,0.0,Seasonal-Naive Forecast,False,False,True,False,Reorder Required,Plan Reorder
ST29,SKU02330,140,58,29,0.05384615384615385,0.0,0.0,Seasonal-Naive Forecast,False,False,False,True,Overstock Candidate,Review / Reduce Inventory
ST29,SKU01338,63,84,18,0.07894736842105263,0.0,0.0,Seasonal-Naive Forecast,False,False,True,False,Reorder Required,Plan Reorder
ST21,SKU04220,188,77,28,0.3,,0.3,Average Weekly Demand,False,False,False,False,Healthy / Monitor,No Immediate Action
ST04,SKU02469,45,59,27,0.6666666666666666,,0.6666666666666666,Average Weekly Demand,False,False,True,False,Reorder Required,Plan Reorder
ST01,SKU02605,232,85,18,0.04455445544554455,0.0,0.0,Seasonal-Naive Forecast,False,False,False,True,Overstock Candidate,Review / Reduce Inventory
ST30,SKU01048,70,25,11,0.13157894736842105,0.0,0.0,Seasonal-Naive Forecast,False,False,False,True,Overstock Candidate,Review / Reduce Inventory
ST24,SKU00702,141,92,24,0.05660377358490566,1.0,1.0,Seasonal-Naive Forecast,False,False,False,False,Healthy / Monitor,No Immediate Action
ST20,SKU03840,68,42,14,0.18716577540106952,0.0,0.0,Seasonal-Naive Forecast,False,False,False,False,Healthy / Monitor,No Immediate Action
ST06,SKU02909,43,28,12,0.3333333333333333,,0.3333333333333333,Average Weekly Demand,False,False,False,False,Healthy / Monitor,No Immediate Action
ST22,SKU02968,90,86,22,0.06578947368421052,0.0,0.0,Seasonal-Naive Forecast,False,False,False,False,Healthy / Monitor,No Immediate Action
ST30,SKU00527,126,60,13,0.09941520467836257,0.0,0.0,Seasonal-Naive Forecast,False,False,False,True,Overstock Candidate,Review / Reduce Inventory
ST18,SKU01884,0,71,29,0.046052631578947366,0.0,0.0,Seasonal-Naive Forecast,True,True,True,False,Critical Stockout,Immediate Reorder
ST24,SKU04822,13,21,5,0.08333333333333333,0.0,0.0,Seasonal-Naive Forecast,False,False,True,False,Reorder Required,Plan Reorder
ST22,SKU03391,166,80,22,0.038461538461538464,0.0,0.0,Seasonal-Naive Forecast,False,False,False,True,Overstock Candidate,Review / Reduce Inventory
ST08,SKU00990,66,26,11,0.05185185185185185,0.0,0.0,Seasonal-Naive Forecast,False,False,False,True,Overstock Candidate,Review / Reduce Inventory
ST20,SKU02095,235,87,29,0.03636363636363636,0.0,0.0,Seasonal-Naive Forecast,False,False,False,True,Overstock Candidate,Review / Reduce Inventory
ST03,SKU01336,56,27,8,1.0,,1.0,Average Weekly Demand,False,False,False,False,Healthy / Monitor,No Immediate Action
ST17,SKU01953,137,72,35,0.031914893617021274,0.0,0.0,Seasonal-Naive Forecast,False,False,False,False,Healthy / Monitor,No Immediate Action
ST14,SKU04596,72,100,43,1.4202898550724639,0.0,0.0,Seasonal-Naive Forecast,False,False,True,False,Reorder Required,Plan Reorder
ST03,SKU00866,239,81,19,1.0,,1.0,Average Weekly Demand,False,False,False,False,Healthy / Monitor,No Immediate Action
ST29,SKU00068,8,99,39,0.11627906976744186,0.0,0.0,Seasonal-Naive Forecast,False,True,True,False,High Risk,Expedite Replenishment
ST26,SKU01296,144,82,29,1.0,,1.0,Average Weekly Demand,False,False,False,False,Healthy / Monitor,No Immediate Action
ST30,SKU02283,221,78,24,0.05172413793103448,0.0,0.0,Seasonal-Naive Forecast,False,False,False,True,Overstock Candidate,Review / Reduce Inventory
ST04,SKU02623,43,39,14,1.0,,1.0,Average Weekly Demand,False,False,False,False,Healthy / Monitor,No Immediate Action
ST24,SKU02719,3,42,13,0.04878048780487805,0.0,0.0,Seasonal-Naive Forecast,False,True,True,False,High Risk,Expedite Replenishment
ST07,SKU03088,27,20,6,0.3,0.0,0.0,Seasonal-Naive Forecast,False,False,False,False,Healthy / Monitor,No Immediate Action
ST13,SKU03422,74,52,11,0.37037037037037035,,0.37037037037037035,Average Weekly Demand,False,False,False,False,Healthy / Monitor,No Immediate Action
ST03,SKU02258,65,49,11,0.14285714285714285,,0.14285714285714285,Average Weekly Demand,False,False,False,False,Healthy / Monitor,No Immediate Action
ST09,SKU03292,196,85,34,0.4729064039408867,0.0,0.0,Seasonal-Naive Forecast,False,False,False,True,Overstock Candidate,Review / Reduce Inventory
ST22,SKU02596,49,43,13,0.05,,0.05,Average Weekly Demand,False,False,False,False,Healthy / Monitor,No Immediate Action
ST16,SKU03444,112,51,13,0.125,,0.125,Average Weekly Demand,False,False,False,False,Healthy / Monitor,No Immediate Action
ST29,SKU03076,48,87,22,0.0449438202247191,0.0,0.0,Seasonal-Naive Forecast,False,False,True,False,Reorder Required,Plan Reorder
ST14,SKU04713,64,54,25,0.09523809523809523,,0.09523809523809523,Average Weekly Demand,False,False,False,False,Healthy / Monitor,No Immediate Action
ST24,SKU00278,59,32,9,0.0847457627118644,0.0,0.0,Seasonal-Naive Forecast,False,False,False,False,Healthy / Monitor,No Immediate Action
ST01,SKU03795,125,45,9,0.05555555555555555,0.0,0.0,Seasonal-Naive Forecast,False,False,False,True,Overstock Candidate,Review / Reduce Inventory
ST09,SKU03766,74,47,18,0.0875,0.0,0.0,Seasonal-Naive Forecast,False,False,False,False,Healthy / Monitor,No Immediate Action
ST15,SKU02449,147,52,17,0.14457831325301204,0.0,0.0,Seasonal-Naive Forecast,False,False,False,True,Overstock Candidate,Review / Reduce Inventory
ST08,SKU04309,11,66,25,0.08771929824561403,0.0,0.0,Seasonal-Naive Forecast,False,True,True,False,High Risk,Expedite Replenishment
ST07,SKU01595,189,85,19,0.021739130434782608,0.0,0.0,Seasonal-Naive Forecast,False,False,False,True,Overstock Candidate,Review / Reduce Inventory
ST17,SKU03172,57,82,35,0.1,2.0,2.0,Seasonal-Naive Forecast,False,False,True,False,Reorder Required,Plan Reorder
ST12,SKU03193,78,94,33,0.14018691588785046,0.0,0.0,Seasonal-Naive Forecast,False,False,True,False,Reorder Required,Plan Reorder
ST09,SKU01271,5,94,28,1.0,,1.0,Average Weekly Demand,False,True,True,False,High Risk,Expedite Replenishment
ST11,SKU03088,55,33,16,0.3,0.0,0.0,Seasonal-Naive Forecast,False,False,False,False,Healthy / Monitor,No Immediate Action
ST06,SKU01371,5,27,7,0.39086294416243655,0.0,0.0,Seasonal-Naive Forecast,False,True,True,False,High Risk,Expedite Replenishment
ST06,SKU00804,9,21,6,1.0,,1.0,Average Weekly Demand,False,False,True,False,Reorder Required,Plan Reorder
ST07,SKU01500,102,48,21,0.05,,0.05,Average Weekly Demand,False,False,False,False,Healthy / Monitor,No Immediate Action
ST28,SKU00376,76,28,8,0.1407035175879397,0.0,0.0,Seasonal-Naive Forecast,False,False,False,True,Overstock Candidate,Review / Reduce Inventory
ST20,SKU02146,13,67,29,2.0,,2.0,Average Weekly Demand,False,True,True,False,High Risk,Expedite Replenishment
ST07,SKU04071,131,45,17,0.0784313725490196,,0.0784313725490196,Average Weekly Demand,False,False,False,False,Healthy / Monitor,No Immediate Action
ST15,SKU01446,9,98,24,0.059602649006622516,0.0,0.0,Seasonal-Naive Forecast,False,True,True,False,High Risk,Expedite Replenishment
ST16,SKU04273,67,34,11,0.06944444444444445,0.0,0.0,Seasonal-Naive Forecast,False,False,False,False,Healthy / Monitor,No Immediate Action
ST07,SKU03690,88,74,21,0.05263157894736842,0.0,0.0,Seasonal-Naive Forecast,False,False,False,False,Healthy / Monitor,No Immediate Action
ST05,SKU01241,20,25,11,0.13636363636363635,,0.13636363636363635,Average Weekly Demand,False,False,True,False,Reorder Required,Plan Reorder
ST23,SKU01764,243,85,38,0.1125,0.0,0.0,Seasonal-Naive Forecast,False,False,False,True,Overstock Candidate,Review / Reduce Inventory
ST24,SKU00286,161,66,31,0.295,0.0,0.0,Seasonal-Naive Forecast,False,False,False,True,Overstock Candidate,Review / Reduce Inventory
ST04,SKU01117,232,97,26,0.07692307692307693,0.0,0.0,Seasonal-Naive Forecast,False,False,False,True,Overstock Candidate,Review / Reduce Inventory
ST23,SKU04063,8,90,30,0.12105263157894737,0.0,0.0,Seasonal-Naive Forecast,False,True,True,False,High Risk,Expedite Replenishment
ST03,SKU04025,7,28,7,1.0,,1.0,Average Weekly Demand,False,False,True,False,Reorder Required,Plan Reorder
ST27,SKU01746,119,45,10,0.06837606837606838,0.0,0.0,Seasonal-Naive Forecast,False,False,False,True,Overstock Candidate,Review / Reduce Inventory
ST30,SKU02433,4,68,22,0.05844155844155844,0.0,0.0,Seasonal-Naive Forecast,False,True,True,False,High Risk,Expedite Replenishment
ST25,SKU00264,223,75,30,0.2,0.0,0.0,Seasonal-Naive Forecast,False,False,False,True,Overstock Candidate,Review / Reduce Inventory
ST14,SKU03676,279,99,25,0.08333333333333333,0.0,0.0,Seasonal-Naive Forecast,False,False,False,True,Overstock Candidate,Review / Reduce Inventory
ST06,SKU00996,24,82,38,0.08235294117647059,0.0,0.0,Seasonal-Naive Forecast,False,True,True,False,High Risk,Expedite Replenishment
ST29,SKU03471,119,79,39,0.05,,0.05,Average Weekly Demand,False,False,False,False,Healthy / Monitor,No Immediate Action
ST08,SKU01549,32,25,7,0.0748663101604278,0.0,0.0,Seasonal-Naive Forecast,False,False,False,False,Healthy / Monitor,No Immediate Action
ST20,SKU04264,0,23,9,0.04093567251461988,0.0,0.0,Seasonal-Naive Forecast,True,True,True,False,Critical Stockout,Immediate Reorder
ST06,SKU00252,12,27,13,1.0,,1.0,Average Weekly Demand,False,True,True,False,High Risk,Expedite Replenishment
ST28,SKU01022,6,40,17,0.13793103448275862,,0.13793103448275862,Average Weekly Demand,False,True,True,False,High Risk,Expedite Replenishment
ST06,SKU01862,51,43,14,0.05555555555555555,0.0,0.0,Seasonal-Naive Forecast,False,False,False,False,Healthy / Monitor,No Immediate Action
ST11,SKU04664,32,47,22,0.05,,0.05,Average Weekly Demand,False,False,True,False,Reorder Required,Plan Reorder
ST03,SKU01297,26,21,4,0.08163265306122448,0.0,0.0,Seasonal-Naive Forecast,False,False,False,False,Healthy / Monitor,No Immediate Action
ST21,SKU02156,93,43,11,0.42857142857142855,,0.42857142857142855,Average Weekly Demand,False,False,False,False,Healthy / Monitor,No Immediate Action
ST12,SKU03812,15,44,10,0.18439716312056736,0.0,0.0,Seasonal-Naive Forecast,False,False,True,False,Reorder Required,Plan Reorder
ST28,SKU03647,89,80,28,0.04242424242424243,0.0,0.0,Seasonal-Naive Forecast,False,False,False,False,Healthy / Monitor,No Immediate Action
ST03,SKU03715,134,83,29,3.0,,3.0,Average Weekly Demand,False,False,False,False,Healthy / Monitor,No Immediate Action
ST27,SKU04954,260,88,38,2.0,,2.0,Average Weekly Demand,False,False,False,False,Healthy / Monitor,No Immediate Action
ST08,SKU02804,85,67,29,0.09090909090909091,,0.09090909090909091,Average Weekly Demand,False,False,False,False,Healthy / Monitor,No Immediate Action
ST18,SKU04369,233,86,19,0.09523809523809523,0.0,0.0,Seasonal-Naive Forecast,False,False,False,True,Overstock Candidate,Review / Reduce Inventory
ST16,SKU03547,130,78,16,0.038461538461538464,0.0,0.0,Seasonal-Naive Forecast,False,False,False,False,Healthy / Monitor,No Immediate Action
ST15,SKU01231,25,20,6,3.0,,3.0,Average Weekly Demand,False,False,False,False,Healthy / Monitor,No Immediate Action
ST29,SKU00426,23,66,32,0.041666666666666664,0.0,0.0,Seasonal-Naive Forecast,False,True,True,False,High Risk,Expedite Replenishment
ST18,SKU03947,51,35,11,1.75,,1.75,Average Weekly Demand,False,False,False,False,Healthy / Monitor,No Immediate Action
ST25,SKU01584,0,23,6,1.0,,1.0,Average Weekly Demand,True,True,True,False,Critical Stockout,Immediate Reorder
ST01,SKU02404,65,85,25,0.1134020618556701,0.0,0.0,Seasonal-Naive Forecast,False,False,True,False,Reorder Required,Plan Reorder
ST05,SKU00942,111,56,17,0.3883495145631068,0.0,0.0,Seasonal-Naive Forecast,False,False,False,False,Healthy / Monitor,No Immediate Action
ST19,SKU02155,66,55,24,0.13157894736842105,0.0,0.0,Seasonal-Naive Forecast,False,False,False,False,Healthy / Monitor,No Immediate Action
ST23,SKU01685,202,73,18,0.08333333333333333,0.0,0.0,Seasonal-Naive Forecast,False,False,False,True,Overstock Candidate,Review / Reduce Inventory
ST03,SKU00006,119,66,27,0.016666666666666666,0.0,0.0,Seasonal-Naive Forecast,False,False,False,False,Healthy / Monitor,No Immediate Action
ST21,SKU00105,16,28,6,1.0,,1.0,Average Weekly Demand,False,False,True,False,Reorder Required,Plan Reorder
ST07,SKU04066,142,60,12,0.057971014492753624,0.0,0.0,Seasonal-Naive Forecast,False,False,False,True,Overstock Candidate,Review / Reduce Inventory
ST30,SKU01056,190,87,35,0.06870229007633588,0.0,0.0,Seasonal-Naive Forecast,False,False,False,True,Overstock Candidate,Review / Reduce Inventory
ST28,SKU00131,105,86,34,0.046242774566473986,0.0,0.0,Seasonal-Naive Forecast,False,False,False,False,Healthy / Monitor,No Immediate Action
ST29,SKU00968,25,97,37,0.05333333333333334,0.0,0.0,Seasonal-Naive Forecast,False,True,True,False,High Risk,Expedite Replenishment
ST06,SKU04542,59,27,6,3.0,,3.0,Average Weekly Demand,False,False,False,False,Healthy / Monitor,No Immediate Action
ST15,SKU00313,59,81,17,0.0223463687150838,0.0,0.0,Seasonal-Naive Forecast,False,False,True,False,Reorder Required,Plan Reorder
ST21,SKU02741,33,90,20,0.042105263157894736,0.0,0.0,Seasonal-Naive Forecast,False,False,True,False,Reorder Required,Plan Reorder
ST03,SKU04234,126,59,14,1.0,,1.0,Average Weekly Demand,False,False,False,False,Healthy / Monitor,No Immediate Action
ST15,SKU02924,8,55,26,0.07142857142857142,0.0,0.0,Seasonal-Naive Forecast,False,True,True,False,High Risk,Expedite Replenishment
ST05,SKU04722,245,85,18,0.09302325581395349,,0.09302325581395349,Average Weekly Demand,False,False,False,False,Healthy / Monitor,No Immediate Action
ST03,SKU03396,69,29,8,3.0,,3.0,Average Weekly Demand,False,False,False,False,Healthy / Monitor,No Immediate Action
ST21,SKU00005,150,58,17,0.025806451612903226,0.0,0.0,Seasonal-Naive Forecast,False,False,False,True,Overstock Candidate,Review / Reduce Inventory
ST06,SKU04614,157,96,22,3.0,,3.0,Average Weekly Demand,False,False,False,False,Healthy / Monitor,No Immediate Action
ST10,SKU04159,34,79,17,0.0784313725490196,0.0,0.0,Seasonal-Naive Forecast,False,False,True,False,Reorder Required,Plan Reorder
ST15,SKU02156,89,89,19,0.42857142857142855,,0.42857142857142855,Average Weekly Demand,False,False,True,False,Reorder Required,Plan Reorder
ST23,SKU00270,178,60,13,0.023668639053254437,0.0,0.0,Seasonal-Naive Forecast,False,False,False,True,Overstock Candidate,Review / Reduce Inventory
ST06,SKU02071,74,32,12,0.07482993197278912,0.0,0.0,Seasonal-Naive Forecast,False,False,False,True,Overstock Candidate,Review / Reduce Inventory
ST25,SKU02312,27,45,16,0.04477611940298507,0.0,0.0,Seasonal-Naive Forecast,False,False,True,False,Reorder Required,Plan Reorder
ST07,SKU01184,1,31,14,0.03496503496503497,0.0,0.0,Seasonal-Naive Forecast,False,True,True,False,High Risk,Expedite Replenishment
ST08,SKU02691,99,51,17,1.0,,1.0,Average Weekly Demand,False,False,False,False,Healthy / Monitor,No Immediate Action
ST28,SKU01489,56,74,16,0.09340659340659341,0.0,0.0,Seasonal-Naive Forecast,False,False,True,False,Reorder Required,Plan Reorder
ST05,SKU03838,255,92,28,0.07692307692307693,0.0,0.0,Seasonal-Naive Forecast,False,False,False,True,Overstock Candidate,Review / Reduce Inventory
ST19,SKU03992,143,49,16,0.02830188679245283,0.0,0.0,Seasonal-Naive Forecast,False,False,False,True,Overstock Candidate,Review / Reduce Inventory
ST21,SKU02239,102,35,11,0.02631578947368421,0.0,0.0,Seasonal-Naive Forecast,False,False,False,True,Overstock Candidate,Review / Reduce Inventory
ST29,SKU00102,107,37,18,0.03787878787878788,0.0,0.0,Seasonal-Naive Forecast,False,False,False,True,Overstock Candidate,Review / Reduce Inventory
ST21,SKU03271,111,99,49,0.0949367088607595,0.0,0.0,Seasonal-Naive Forecast,False,False,False,False,Healthy / Monitor,No Immediate Action
ST04,SKU02176,196,91,27,0.11564625850340136,0.0,0.0,Seasonal-Naive Forecast,False,False,False,True,Overstock Candidate,Review / Reduce Inventory
ST11,SKU01010,0,80,19,0.15384615384615385,,0.15384615384615385,Average Weekly Demand,True,True,True,False,Critical Stockout,Immediate Reorder
ST07,SKU01117,39,23,6,0.07692307692307693,0.0,0.0,Seasonal-Naive Forecast,False,False,False,False,Healthy / Monitor,No Immediate Action
ST17,SKU04417,213,99,48,0.020833333333333332,0.0,0.0,Seasonal-Naive Forecast,False,False,False,True,Overstock Candidate,Review / Reduce Inventory
ST08,SKU01679,9,25,6,0.024793388429752067,0.0,0.0,Seasonal-Naive Forecast,False,False,True,False,Reorder Required,Plan Reorder
ST29,SKU03241,74,71,22,0.1,0.0,0.0,Seasonal-Naive Forecast,False,False,False,False,Healthy / Monitor,No Immediate Action
ST20,SKU00932,231,92,35,0.08928571428571429,0.0,0.0,Seasonal-Naive Forecast,False,False,False,True,Overstock Candidate,Review / Reduce Inventory
ST11,SKU03292,140,49,23,0.4729064039408867,0.0,0.0,Seasonal-Naive Forecast,False,False,False,True,Overstock Candidate,Review / Reduce Inventory
ST07,SKU02813,50,52,17,0.06741573033707865,0.0,0.0,Seasonal-Naive Forecast,False,False,True,False,Reorder Required,Plan Reorder
ST16,SKU01491,137,81,18,0.051470588235294115,0.0,0.0,Seasonal-Naive Forecast,False,False,False,False,Healthy / Monitor,No Immediate Action
ST14,SKU01609,156,69,22,0.07462686567164178,0.0,0.0,Seasonal-Naive Forecast,False,False,False,True,Overstock Candidate,Review / Reduce Inventory
ST14,SKU02368,1,68,14,0.22448979591836735,0.0,0.0,Seasonal-Naive Forecast,False,True,True,False,High Risk,Expedite Replenishment
ST19,SKU03528,185,79,22,1.0,,1.0,Average Weekly Demand,False,False,False,False,Healthy / Monitor,No Immediate Action
ST14,SKU03201,15,26,7,0.03571428571428571,0.0,0.0,Seasonal-Naive Forecast,False,False,True,False,Reorder Required,Plan Reorder
ST10,SKU03747,113,79,23,0.07692307692307693,0.0,0.0,Seasonal-Naive Forecast,False,False,False,False,Healthy / Monitor,No Immediate Action
ST09,SKU01165,154,68,32,1.0,,1.0,Average Weekly Demand,False,False,False,False,Healthy / Monitor,No Immediate Action
ST29,SKU03536,31,34,14,0.16129032258064516,,0.16129032258064516,Average Weekly Demand,False,False,True,False,Reorder Required,Plan Reorder
ST09,SKU02526,95,51,24,0.20670391061452514,0.0,0.0,Seasonal-Naive Forecast,False,False,False,False,Healthy / Monitor,No Immediate Action
ST07,SKU02863,32,36,15,0.140625,0.0,0.0,Seasonal-Naive Forecast,False,False,True,False,Reorder Required,Plan Reorder
ST25,SKU03077,44,27,8,0.07881773399014778,0.0,0.0,Seasonal-Naive Forecast,False,False,False,False,Healthy / Monitor,No Immediate Action
ST21,SKU04775,86,94,35,0.027210884353741496,0.0,0.0,Seasonal-Naive Forecast,False,False,True,False,Reorder Required,Plan Reorder
ST11,SKU03740,35,40,12,3.0,,3.0,Average Weekly Demand,False,False,True,False,Reorder Required,Plan Reorder
ST29,SKU02063,156,89,35,0.056338028169014086,0.0,0.0,Seasonal-Naive Forecast,False,False,False,False,Healthy / Monitor,No Immediate Action
ST22,SKU01624,238,85,28,0.041666666666666664,,0.041666666666666664,Average Weekly Demand,False,False,False,False,Healthy / Monitor,No Immediate Action
ST30,SKU01555,11,41,19,0.15,0.0,0.0,Seasonal-Naive Forecast,False,True,True,False,High Risk,Expedite Replenishment
ST27,SKU01656,61,50,15,1.3333333333333333,,1.3333333333333333,Average Weekly Demand,False,False,False,False,Healthy / Monitor,No Immediate Action
ST08,SKU02757,71,25,10,0.016666666666666666,0.0,0.0,Seasonal-Naive Forecast,False,False,False,True,Overstock Candidate,Review / Reduce Inventory
ST01,SKU03021,172,93,24,0.06306306306306306,0.0,0.0,Seasonal-Naive Forecast,False,False,False,False,Healthy / Monitor,No Immediate Action
ST03,SKU04522,73,35,15,0.025477707006369428,0.0,0.0,Seasonal-Naive Forecast,False,False,False,True,Overstock Candidate,Review / Reduce Inventory
ST04,SKU04105,36,41,11,0.11274509803921569,0.0,0.0,Seasonal-Naive Forecast,False,False,True,False,Reorder Required,Plan Reorder
ST25,SKU00593,62,94,27,0.05,0.0,0.0,Seasonal-Naive Forecast,False,False,True,False,Reorder Required,Plan Reorder
ST30,SKU03579,217,86,38,0.03468208092485549,0.0,0.0,Seasonal-Naive Forecast,False,False,False,True,Overstock Candidate,Review / Reduce Inventory
ST18,SKU04162,25,21,5,0.07792207792207792,0.0,0.0,Seasonal-Naive Forecast,False,False,False,False,Healthy / Monitor,No Immediate Action
ST12,SKU02068,53,82,27,0.15894039735099338,0.0,0.0,Seasonal-Naive Forecast,False,False,True,False,Reorder Required,Plan Reorder
ST09,SKU01804,11,64,13,0.041666666666666664,0.0,0.0,Seasonal-Naive Forecast,False,True,True,False,High Risk,Expedite Replenishment
ST04,SKU03746,171,89,30,0.02976190476190476,0.0,0.0,Seasonal-Naive Forecast,False,False,False,False,Healthy / Monitor,No Immediate Action
ST10,SKU02478,49,32,14,0.04945054945054945,0.0,0.0,Seasonal-Naive Forecast,False,False,False,False,Healthy / Monitor,No Immediate Action
ST11,SKU02214,71,46,15,3.0,,3.0,Average Weekly Demand,False,False,False,False,Healthy / Monitor,No Immediate Action
ST16,SKU01176,167,69,33,0.1111111111111111,,0.1111111111111111,Average Weekly Demand,False,False,False,False,Healthy / Monitor,No Immediate Action
ST29,SKU04284,21,40,18,0.09195402298850575,0.0,0.0,Seasonal-Naive Forecast,False,False,True,False,Reorder Required,Plan Reorder
ST07,SKU02111,35,62,16,0.058823529411764705,0.0,0.0,Seasonal-Naive Forecast,False,False,True,False,Reorder Required,Plan Reorder
ST24,SKU01514,53,48,22,2.0,,2.0,Average Weekly Demand,False,False,False,False,Healthy / Monitor,No Immediate Action
ST04,SKU00123,23,34,13,0.2,,0.2,Average Weekly Demand,False,False,True,False,Reorder Required,Plan Reorder
ST26,SKU00922,0,40,10,0.06521739130434782,0.0,0.0,Seasonal-Naive Forecast,True,True,True,False,Critical Stockout,Immediate Reorder
ST27,SKU02764,75,61,25,1.0,,1.0,Average Weekly Demand,False,False,False,False,Healthy / Monitor,No Immediate Action
ST17,SKU04422,77,39,15,0.04672897196261682,0.0,0.0,Seasonal-Naive Forecast,False,False,False,False,Healthy / Monitor,No Immediate Action
ST15,SKU00647,107,66,17,0.046875,0.0,0.0,Seasonal-Naive Forecast,False,False,False,False,Healthy / Monitor,No Immediate Action
ST29,SKU03307,79,96,33,1.0,,1.0,Average Weekly Demand,False,False,True,False,Reorder Required,Plan Reorder
ST03,SKU02529,66,81,22,0.08641975308641975,0.0,0.0,Seasonal-Naive Forecast,False,False,True,False,Reorder Required,Plan Reorder
ST07,SKU03918,117,74,29,0.12658227848101267,0.0,0.0,Seasonal-Naive Forecast,False,False,False,False,Healthy / Monitor,No Immediate Action
ST03,SKU00711,1,62,17,0.0379746835443038,0.0,0.0,Seasonal-Naive Forecast,False,True,True,False,High Risk,Expedite Replenishment
ST10,SKU04494,181,69,33,0.14285714285714285,,0.14285714285714285,Average Weekly Demand,False,False,False,False,Healthy / Monitor,No Immediate Action
ST22,SKU00097,145,79,23,0.047244094488188976,0.0,0.0,Seasonal-Naive Forecast,False,False,False,False,Healthy / Monitor,No Immediate Action
ST14,SKU02476,170,70,33,1.0,,1.0,Average Weekly Demand,False,False,False,False,Healthy / Monitor,No Immediate Action
ST03,SKU01363,19,27,11,0.08522727272727272,0.0,0.0,Seasonal-Naive Forecast,False,False,True,False,Reorder Required,Plan Reorder
ST19,SKU03990,32,40,19,0.022556390977443608,0.0,0.0,Seasonal-Naive Forecast,False,False,True,False,Reorder Required,Plan Reorder
ST29,SKU00492,47,89,44,0.030120481927710843,0.0,0.0,Seasonal-Naive Forecast,False,False,True,False,Reorder Required,Plan Reorder
ST06,SKU04255,121,44,17,0.13186813186813187,0.0,0.0,Seasonal-Naive Forecast,False,False,False,True,Overstock Candidate,Review / Reduce Inventory
ST09,SKU00142,151,98,21,0.08695652173913043,,0.08695652173913043,Average Weekly Demand,False,False,False,False,Healthy / Monitor,No Immediate Action
ST06,SKU02312,4,21,10,0.04477611940298507,0.0,0.0,Seasonal-Naive Forecast,False,True,True,False,High Risk,Expedite Replenishment
ST16,SKU03276,146,64,29,0.0547945205479452,0.0,0.0,Seasonal-Naive Forecast,False,False,False,True,Overstock Candidate,Review / Reduce Inventory
ST15,SKU00759,59,26,5,0.10344827586206896,,0.10344827586206896,Average Weekly Demand,False,False,False,False,Healthy / Monitor,No Immediate Action
ST15,SKU03081,34,45,13,1.0,,1.0,Average Weekly Demand,False,False,True,False,Reorder Required,Plan Reorder
ST30,SKU04586,125,71,29,0.06896551724137931,0.0,0.0,Seasonal-Naive Forecast,False,False,False,False,Healthy / Monitor,No Immediate Action
ST29,SKU00242,122,60,15,0.07692307692307693,,0.07692307692307693,Average Weekly Demand,False,False,False,False,Healthy / Monitor,No Immediate Action
ST08,SKU00628,42,20,9,0.08917197452229299,0.0,0.0,Seasonal-Naive Forecast,False,False,False,True,Overstock Candidate,Review / Reduce Inventory
ST03,SKU01948,25,37,13,0.023255813953488372,0.0,0.0,Seasonal-Naive Forecast,False,False,True,False,Reorder Required,Plan Reorder
ST10,SKU00688,46,25,10,2.0,,2.0,Average Weekly Demand,False,False,False,False,Healthy / Monitor,No Immediate Action
ST14,SKU01469,71,60,23,0.15079365079365079,0.0,0.0,Seasonal-Naive Forecast,False,False,False,False,Healthy / Monitor,No Immediate Action
ST24,SKU04089,137,62,30,0.08695652173913043,,0.08695652173913043,Average Weekly Demand,False,False,False,False,Healthy / Monitor,No Immediate Action
ST24,SKU04694,25,31,14,0.050359712230215826,0.0,0.0,Seasonal-Naive Forecast,False,False,True,False,Reorder Required,Plan Reorder
ST19,SKU01187,132,61,28,0.02912621359223301,0.0,0.0,Seasonal-Naive Forecast,False,False,False,True,Overstock Candidate,Review / Reduce Inventory
ST29,SKU01752,29,86,42,2.0,,2.0,Average Weekly Demand,False,True,True,False,High Risk,Expedite Replenishment
ST07,SKU02121,19,77,31,0.06557377049180328,0.0,0.0,Seasonal-Naive Forecast,False,True,True,False,High Risk,Expedite Replenishment
ST14,SKU00369,54,20,6,0.09036144578313253,0.0,0.0,Seasonal-Naive Forecast,False,False,False,True,Overstock Candidate,Review / Reduce Inventory
ST16,SKU02110,107,36,15,0.07547169811320754,2.0,2.0,Seasonal-Naive Forecast,False,False,False,False,Healthy / Monitor,No Immediate Action
ST15,SKU03132,76,55,26,2.0,,2.0,Average Weekly Demand,False,False,False,False,Healthy / Monitor,No Immediate Action
ST29,SKU02107,13,62,31,2.0,,2.0,Average Weekly Demand,False,True,True,False,High Risk,Expedite Replenishment
ST27,SKU03654,210,93,29,1.0,,1.0,Average Weekly Demand,False,False,False,False,Healthy / Monitor,No Immediate Action
ST29,SKU04462,64,47,17,0.3,,0.3,Average Weekly Demand,False,False,False,False,Healthy / Monitor,No Immediate Action
ST06,SKU04481,52,64,27,3.0,,3.0,Average Weekly Demand,False,False,True,False,Reorder Required,Plan Reorder
ST27,SKU04571,180,85,17,0.3069306930693069,0.0,0.0,Seasonal-Naive Forecast,False,False,False,True,Overstock Candidate,Review / Reduce Inventory
ST14,SKU02016,1,26,12,0.030864197530864196,0.0,0.0,Seasonal-Naive Forecast,False,True,True,False,High Risk,Expedite Replenishment
ST29,SKU01549,48,95,37,0.0748663101604278,0.0,0.0,Seasonal-Naive Forecast,False,False,True,False,Reorder Required,Plan Reorder
ST30,SKU01774,78,43,13,0.07368421052631578,0.0,0.0,Seasonal-Naive Forecast,False,False,False,False,Healthy / Monitor,No Immediate Action
ST29,SKU01248,82,88,42,0.03015075376884422,2.0,2.0,Seasonal-Naive Forecast,False,False,True,False,Reorder Required,Plan Reorder
ST06,SKU00918,95,39,9,0.02531645569620253,0.0,0.0,Seasonal-Naive Forecast,False,False,False,True,Overstock Candidate,Review / Reduce Inventory
ST21,SKU01897,110,58,28,0.0975609756097561,,0.0975609756097561,Average Weekly Demand,False,False,False,False,Healthy / Monitor,No Immediate Action
ST20,SKU03855,109,97,33,0.06593406593406594,0.0,0.0,Seasonal-Naive Forecast,False,False,False,False,Healthy / Monitor,No Immediate Action
ST29,SKU01820,155,66,17,0.047244094488188976,0.0,0.0,Seasonal-Naive Forecast,False,False,False,True,Overstock Candidate,Review / Reduce Inventory
ST19,SKU00445,142,84,33,0.12295081967213115,0.0,0.0,Seasonal-Naive Forecast,False,False,False,False,Healthy / Monitor,No Immediate Action
ST15,SKU02990,30,98,24,0.05,0.0,0.0,Seasonal-Naive Forecast,False,False,True,False,Reorder Required,Plan Reorder
ST21,SKU00227,29,78,22,4.0,,4.0,Average Weekly Demand,False,False,True,False,Reorder Required,Plan Reorder
ST24,SKU03727,102,45,12,0.7644230769230769,0.0,0.0,Seasonal-Naive Forecast,False,False,False,True,Overstock Candidate,Review / Reduce Inventory
ST17,SKU02858,165,87,41,0.33507853403141363,0.0,0.0,Seasonal-Naive Forecast,False,False,False,False,Healthy / Monitor,No Immediate Action
ST28,SKU01196,100,44,15,0.1,,0.1,Average Weekly Demand,False,False,False,False,Healthy / Monitor,No Immediate Action
ST28,SKU00921,86,81,26,0.05649717514124294,0.0,0.0,Seasonal-Naive Forecast,False,False,False,False,Healthy / Monitor,No Immediate Action
ST01,SKU00313,128,93,46,0.0223463687150838,0.0,0.0,Seasonal-Naive Forecast,False,False,False,False,Healthy / Monitor,No Immediate Action
ST06,SKU02357,206,80,31,1.0,,1.0,Average Weekly Demand,False,False,False,False,Healthy / Monitor,No Immediate Action
ST24,SKU04551,93,62,18,0.12021857923497267,0.0,0.0,Seasonal-Naive Forecast,False,False,False,False,Healthy / Monitor,No Immediate Action
ST06,SKU01342,96,47,11,1.0,,1.0,Average Weekly Demand,False,False,False,False,Healthy / Monitor,No Immediate Action
ST06,SKU04792,91,67,32,1.0,,1.0,Average Weekly Demand,False,False,False,False,Healthy / Monitor,No Immediate Action
ST04,SKU01155,277,100,24,1.0,,1.0,Average Weekly Demand,False,False,False,False,Healthy / Monitor,No Immediate Action
ST17,SKU00360,4,52,13,1.0,,1.0,Average Weekly Demand,False,True,True,False,High Risk,Expedite Replenishment
ST21,SKU04903,69,47,18,0.059782608695652176,0.0,0.0,Seasonal-Naive Forecast,False,False,False,False,Healthy / Monitor,No Immediate Action
ST19,SKU02385,18,31,12,0.10666666666666667,0.0,0.0,Seasonal-Naive Forecast,False,False,True,False,Reorder Required,Plan Reorder
ST19,SKU02442,37,20,8,0.07471264367816093,0.0,0.0,Seasonal-Naive Forecast,False,False,False,False,Healthy / Monitor,No Immediate Action
ST29,SKU01683,249,85,34,0.043010752688172046,0.0,0.0,Seasonal-Naive Forecast,False,False,False,True,Overstock Candidate,Review / Reduce Inventory
ST16,SKU04802,111,41,14,4.0,,4.0,Average Weekly Demand,False,False,False,False,Healthy / Monitor,No Immediate Action
ST23,SKU00566,28,69,18,3.0,,3.0,Average Weekly Demand,False,False,True,False,Reorder Required,Plan Reorder
ST06,SKU01902,140,61,17,0.10119047619047619,0.0,0.0,Seasonal-Naive Forecast,False,False,False,True,Overstock Candidate,Review / Reduce Inventory
ST01,SKU00542,232,94,44,0.13636363636363635,0.0,0.0,Seasonal-Naive Forecast,False,False,False,True,Overstock Candidate,Review / Reduce Inventory
ST01,SKU00275,9,33,16,0.024844720496894408,0.0,0.0,Seasonal-Naive Forecast,False,True,True,False,High Risk,Expedite Replenishment
ST18,SKU02412,17,27,11,0.15384615384615385,0.0,0.0,Seasonal-Naive Forecast,False,False,True,False,Reorder Required,Plan Reorder
ST21,SKU00606,197,88,39,0.03278688524590164,0.0,0.0,Seasonal-Naive Forecast,False,False,False,True,Overstock Candidate,Review / Reduce Inventory
ST07,SKU04057,68,86,32,4.0,,4.0,Average Weekly Demand,False,False,True,False,Reorder Required,Plan Reorder
ST18,SKU04810,5,85,23,0.020618556701030927,0.0,0.0,Seasonal-Naive Forecast,False,True,True,False,High Risk,Expedite Replenishment
ST20,SKU00332,98,33,9,0.0410958904109589,0.0,0.0,Seasonal-Naive Forecast,False,False,False,True,Overstock Candidate,Review / Reduce Inventory
ST21,SKU01127,39,55,27,0.1360544217687075,0.0,0.0,Seasonal-Naive Forecast,False,False,True,False,Reorder Required,Plan Reorder
ST27,SKU02526,35,33,15,0.20670391061452514,0.0,0.0,Seasonal-Naive Forecast,False,False,False,False,Healthy / Monitor,No Immediate Action
ST03,SKU03666,174,86,37,0.045112781954887216,0.0,0.0,Seasonal-Naive Forecast,False,False,False,True,Overstock Candidate,Review / Reduce Inventory
ST26,SKU01205,8,60,15,0.025423728813559324,0.0,0.0,Seasonal-Naive Forecast,False,True,True,False,High Risk,Expedite Replenishment
ST20,SKU04572,34,89,21,0.04918032786885246,0.0,0.0,Seasonal-Naive Forecast,False,False,True,False,Reorder Required,Plan Reorder
ST03,SKU04929,97,50,21,0.07407407407407407,0.0,0.0,Seasonal-Naive Forecast,False,False,False,False,Healthy / Monitor,No Immediate Action
ST11,SKU01606,190,71,30,0.10465116279069768,0.0,0.0,Seasonal-Naive Forecast,False,False,False,True,Overstock Candidate,Review / Reduce Inventory
ST30,SKU00285,70,64,18,0.3553299492385787,0.0,0.0,Seasonal-Naive Forecast,False,False,False,False,Healthy / Monitor,No Immediate Action
ST20,SKU00391,79,92,27,0.037037037037037035,0.0,0.0,Seasonal-Naive Forecast,False,False,True,False,Reorder Required,Plan Reorder
ST19,SKU04170,20,34,12,0.04145077720207254,0.0,0.0,Seasonal-Naive Forecast,False,False,True,False,Reorder Required,Plan Reorder
ST30,SKU02544,129,97,37,0.11688311688311688,0.0,0.0,Seasonal-Naive Forecast,False,False,False,False,Healthy / Monitor,No Immediate Action
ST03,SKU04342,95,41,18,0.013071895424836602,0.0,0.0,Seasonal-Naive Forecast,False,False,False,True,Overstock Candidate,Review / Reduce Inventory
ST04,SKU02171,97,84,36,1.0,,1.0,Average Weekly Demand,False,False,False,False,Healthy / Monitor,No Immediate Action
ST04,SKU03984,21,24,9,0.0684931506849315,0.0,0.0,Seasonal-Naive Forecast,False,False,True,False,Reorder Required,Plan Reorder
ST27,SKU04188,68,65,19,0.04487179487179487,0.0,0.0,Seasonal-Naive Forecast,False,False,False,False,Healthy / Monitor,No Immediate Action
ST16,SKU03010,159,62,14,0.07432432432432433,0.0,0.0,Seasonal-Naive Forecast,False,False,False,True,Overstock Candidate,Review / Reduce Inventory
ST08,SKU02318,80,58,23,0.05,0.0,0.0,Seasonal-Naive Forecast,False,False,False,False,Healthy / Monitor,No Immediate Action
ST14,SKU03323,91,56,26,0.2235294117647059,0.0,0.0,Seasonal-Naive Forecast,False,False,False,False,Healthy / Monitor,No Immediate Action
ST01,SKU02931,83,90,19,0.05142857142857143,0.0,0.0,Seasonal-Naive Forecast,False,False,True,False,Reorder Required,Plan Reorder
ST21,SKU01731,102,50,24,0.047619047619047616,0.0,0.0,Seasonal-Naive Forecast,False,False,False,True,Overstock Candidate,Review / Reduce Inventory
ST05,SKU01599,156,91,35,0.014084507042253521,0.0,0.0,Seasonal-Naive Forecast,False,False,False,False,Healthy / Monitor,No Immediate Action
