date,receipt_id,store_id,sku_id,customer_id,quantity,unit_price,total_value,channel,discount_pct,promo_id
2025-04-02,RCPT00000001,ST16,SKU02498,CUST01410,1,2379.11,2379.11,In-Store,0.0,
2025-04-02,RCPT00000001,ST16,SKU04596,CUST01410,3,335.55,1006.65,In-Store,0.0,
2022-04-24,RCPT00000002,ST15,SKU00078,CUST00134,1,820.53,820.53,Online,0.0,
2022-04-24,RCPT00000002,ST15,SKU00554,CUST00134,2,88.32,176.64,Online,0.0,
2024-09-22,RCPT00000003,ST20,SKU03727,CUST08826,1,1660.93,1660.93,Online,0.0,
2024-09-22,RCPT00000003,ST20,SKU03971,CUST08826,2,1736.31,3472.62,Online,0.0,
2025-10-06,RCPT00000004,ST21,SKU04378,CUST02089,1,224.62,224.62,Online,0.0,
2024-12-12,RCPT00000005,ST20,SKU00884,CUST04932,1,202.79,202.79,In-Store,0.0,
2025-12-08,RCPT00000006,ST08,SKU02757,CUST09022,1,191.03,191.03,In-Store,0.0,
2024-01-13,RCPT00000007,ST18,SKU03661,CUST01032,1,195.37,195.37,Online,0.0,
2024-01-13,RCPT00000007,ST18,SKU03820,CUST01032,3,961.05,2883.15,Online,0.0,
2024-09-15,RCPT00000008,ST25,SKU01535,CUST04707,2,296.6,593.2,Online,0.0,
2025-05-20,RCPT00000009,ST19,SKU02333,CUST00369,1,53.1,53.1,Online,0.0,
2025-05-20,RCPT00000009,ST19,SKU01371,CUST00369,3,1277.61,3832.83,Online,0.0,
2022-11-19,RCPT00000010,ST23,SKU00830,CUST03274,3,290.01,870.03,In-Store,0.0,
2023-08-02,RCPT00000011,ST06,SKU00004,CUST09902,2,233.64,235.04,Online,49.7,PROMO030
2025-09-11,RCPT00000012,ST18,SKU01811,CUST08226,1,1351.94,1351.94,In-Store,0.0,
2022-02-04,RCPT00000013,ST27,SKU02848,CUST08415,3,334.01,1002.03,In-Store,0.0,
2022-02-04,RCPT00000013,ST27,SKU01939,CUST08415,1,297.93,297.93,In-Store,0.0,
2022-02-04,RCPT00000013,ST27,SKU04845,CUST08415,1,1000.23,514.12,In-Store,48.6,PROMO037
2022-02-04,RCPT00000013,ST27,SKU00994,CUST08415,3,602.13,1806.39,In-Store,0.0,
2023-12-04,RCPT00000014,ST26,SKU03506,CUST01370,1,541.05,541.05,In-Store,0.0,
2023-12-04,RCPT00000014,ST26,SKU01774,CUST01370,3,129.33,387.99,In-Store,0.0,
2023-04-04,RCPT00000015,ST28,SKU00809,CUST02307,3,54.18,146.77,In-Store,9.7,PROMO072
2024-05-13,RCPT00000016,ST18,SKU02902,CUST03705,1,84.54,56.81,Online,32.8,PROMO036
2022-09-29,RCPT00000017,ST22,SKU04321,CUST07613,2,961.3,1922.6,In-Store,0.0,
2022-09-29,RCPT00000017,ST22,SKU03569,CUST07613,1,3079.29,3079.29,In-Store,0.0,
2022-09-29,RCPT00000017,ST22,SKU03010,CUST07613,3,768.67,2306.01,In-Store,0.0,
2024-10-09,RCPT00000018,ST27,SKU01018,CUST08070,2,242.43,484.86,In-Store,0.0,
2024-10-09,RCPT00000018,ST27,SKU02580,CUST08070,1,389.15,389.15,In-Store,0.0,
2025-08-02,RCPT00000019,ST20,SKU02854,CUST02108,1,173.3,173.3,In-Store,0.0,
2025-10-12,RCPT00000020,ST19,SKU02695,CUST06541,3,272.52,817.56,Online,0.0,
2023-12-09,RCPT00000021,ST04,SKU04321,CUST01328,4,961.3,3845.2,Online,0.0,
2023-12-09,RCPT00000021,ST04,SKU03339,CUST01328,2,89.68,179.36,Online,0.0,
2023-12-09,RCPT00000021,ST04,SKU00236,CUST01328,3,104.24,312.72,Online,0.0,
2022-12-29,RCPT00000022,ST20,SKU04596,CUST02476,3,335.55,1006.65,Mobile App,0.0,
2022-12-29,RCPT00000022,ST20,SKU04911,CUST02476,1,524.33,524.33,Mobile App,0.0,
2022-03-02,RCPT00000023,ST15,SKU03363,CUST02830,1,111.1,111.1,In-Store,0.0,
2024-05-29,RCPT00000024,ST13,SKU00500,CUST04271,2,1264.58,2063.79,Mobile App,18.4,PROMO089
2024-05-29,RCPT00000024,ST13,SKU04163,CUST04271,5,413.53,2067.65,Mobile App,0.0,
2024-05-29,RCPT00000024,ST13,SKU04596,CUST04271,1,335.55,335.55,Mobile App,0.0,
2025-11-09,RCPT00000025,ST20,SKU03246,CUST09278,3,2508.18,7524.54,Online,0.0,
2022-08-24,RCPT00000026,ST22,SKU01710,CUST09459,2,2094.77,4189.54,Online,0.0,
2022-08-24,RCPT00000026,ST22,SKU02355,CUST09459,1,321.17,321.17,Online,0.0,
2022-08-13,RCPT00000027,ST04,SKU03741,CUST03926,1,497.2,497.2,In-Store,0.0,
2022-10-03,RCPT00000028,ST27,SKU01426,CUST03318,1,276.15,276.15,In-Store,0.0,
2023-02-06,RCPT00000029,ST10,SKU04515,CUST08378,1,244.19,244.19,Mobile App,0.0,
2025-02-20,RCPT00000030,ST21,SKU04789,CUST07408,2,67.08,74.73,In-Store,44.3,PROMO041
2024-12-24,RCPT00000031,ST04,SKU00490,CUST02724,5,240.88,1204.4,Online,0.0,
2024-12-24,RCPT00000031,ST04,SKU03102,CUST02724,1,1334.54,1334.54,Online,0.0,
2022-04-13,RCPT00000032,ST14,SKU02940,CUST09654,1,322.25,322.25,In-Store,0.0,
2024-12-19,RCPT00000033,ST06,SKU04321,CUST07364,3,961.3,2883.9,Online,0.0,
2023-11-04,RCPT00000034,ST28,SKU01657,CUST04146,3,230.15,690.45,Online,0.0,
2023-11-04,RCPT00000034,ST28,SKU00426,CUST04146,1,605.61,605.61,Online,0.0,
2022-03-24,RCPT00000035,ST27,SKU04321,CUST00658,5,961.3,4806.5,In-Store,0.0,
2024-12-16,RCPT00000036,ST11,SKU00934,CUST08765,3,1037.02,3111.06,Mobile App,0.0,
2024-12-16,RCPT00000036,ST11,SKU02329,CUST08765,2,166.7,333.4,Mobile App,0.0,
2025-07-11,RCPT00000037,ST14,SKU00369,CUST07854,2,368.93,737.86,In-Store,0.0,
2025-07-11,RCPT00000037,ST14,SKU02870,CUST07854,3,794.71,2384.13,In-Store,0.0,
2025-07-11,RCPT00000037,ST14,SKU04226,CUST07854,1,372.26,372.26,In-Store,0.0,
2022-08-11,RCPT00000038,ST14,SKU01183,CUST01373,1,228.38,228.38,In-Store,0.0,
2022-08-11,RCPT00000038,ST14,SKU04321,CUST01373,4,961.3,3845.2,In-Store,0.0,
2022-08-11,RCPT00000038,ST14,SKU01489,CUST01373,3,110.32,330.96,In-Store,0.0,
2022-08-11,RCPT00000038,ST14,SKU03309,CUST01373,1,983.01,983.01,In-Store,0.0,
2022-08-11,RCPT00000038,ST14,SKU02961,CUST01373,2,1130.98,2261.96,In-Store,0.0,
2022-12-17,RCPT00000039,ST06,SKU03739,CUST02996,2,140.88,281.76,In-Store,0.0,
2024-02-06,RCPT00000040,ST14,SKU00641,CUST06831,1,164.18,164.18,In-Store,0.0,
2024-02-06,RCPT00000040,ST14,SKU03589,CUST06831,1,1456.54,1456.54,In-Store,0.0,
2022-12-01,RCPT00000041,ST27,SKU03546,CUST03266,4,496.17,1605.61,Mobile App,19.1,PROMO086
2022-11-22,RCPT00000042,ST21,SKU04908,CUST07531,1,1133.38,1133.38,In-Store,0.0,
2022-11-22,RCPT00000042,ST21,SKU02748,CUST07531,1,414.75,414.75,In-Store,0.0,
2022-10-11,RCPT00000043,ST14,SKU02710,CUST04726,3,460.43,1381.29,In-Store,0.0,
2023-05-05,RCPT00000044,ST28,SKU02624,CUST03823,4,3182.64,12730.56,In-Store,0.0,
2023-05-05,RCPT00000044,ST28,SKU01897,CUST03823,1,492.22,492.22,In-Store,0.0,
2023-05-05,RCPT00000044,ST28,SKU00445,CUST03823,3,87.15,261.45,In-Store,0.0,
2023-05-05,RCPT00000044,ST28,SKU00942,CUST03823,1,172.9,172.9,In-Store,0.0,
2025-08-25,RCPT00000045,ST03,SKU02392,CUST07523,1,132.22,132.22,Mobile App,0.0,
2025-08-25,RCPT00000045,ST03,SKU03133,CUST07523,1,262.89,262.89,Mobile App,0.0,
2025-02-07,RCPT00000046,ST17,SKU04381,CUST00040,1,192.07,106.98,Online,44.3,PROMO041
2022-05-31,RCPT00000047,ST01,SKU03049,CUST03070,3,267.4,458.86,Online,42.8,PROMO022
2023-05-13,RCPT00000048,ST04,SKU02835,CUST02158,2,1538.54,3077.08,Online,0.0,
2023-05-13,RCPT00000048,ST04,SKU02469,CUST02158,1,1489.36,1489.36,Online,0.0,
2023-05-13,RCPT00000048,ST04,SKU00953,CUST02158,3,273.99,821.97,Online,0.0,
2023-05-13,RCPT00000048,ST04,SKU03422,CUST02158,1,1121.44,1121.44,Online,0.0,
2024-02-13,RCPT00000049,ST27,SKU03933,CUST09879,5,2467.37,12336.85,Online,0.0,
2024-02-13,RCPT00000049,ST27,SKU01918,CUST09879,1,529.69,529.69,Online,0.0,
2022-11-01,RCPT00000050,ST27,SKU02630,CUST08600,2,257.78,515.56,In-Store,0.0,
2022-11-01,RCPT00000050,ST27,SKU01770,CUST08600,3,318.52,955.56,In-Store,0.0,
2022-11-01,RCPT00000050,ST27,SKU04321,CUST08600,1,961.3,961.3,In-Store,0.0,
2022-11-01,RCPT00000050,ST27,SKU00305,CUST08600,3,493.11,1479.33,In-Store,0.0,
2022-11-01,RCPT00000050,ST27,SKU01037,CUST08600,1,178.07,178.07,In-Store,0.0,
2023-08-18,RCPT00000051,ST30,SKU03621,CUST03643,1,370.39,370.39,In-Store,0.0,
2024-11-10,RCPT00000052,ST14,SKU02532,CUST02731,1,115.67,115.67,Mobile App,0.0,
2024-08-24,RCPT00000053,ST17,SKU01705,CUST05533,1,158.38,158.38,In-Store,0.0,
2025-02-01,RCPT00000054,ST06,SKU01819,CUST09940,2,1045.44,2090.88,Mobile App,0.0,
2025-02-01,RCPT00000054,ST06,SKU04321,CUST09940,1,961.3,961.3,Mobile App,0.0,
2025-01-26,RCPT00000055,ST03,SKU01009,CUST08811,2,223.42,446.84,In-Store,0.0,
2023-07-05,RCPT00000056,ST11,SKU00286,CUST05442,3,64.45,193.35,In-Store,0.0,
2023-07-05,RCPT00000056,ST11,SKU04170,CUST05442,2,393.34,786.68,In-Store,0.0,
2023-07-05,RCPT00000056,ST11,SKU02930,CUST05442,2,170.16,340.32,In-Store,0.0,
2025-01-23,RCPT00000057,ST27,SKU01775,CUST05755,2,204.15,408.3,Mobile App,0.0,
2025-01-23,RCPT00000057,ST27,SKU00897,CUST05755,2,88.62,177.24,Mobile App,0.0,
2025-01-23,RCPT00000057,ST27,SKU04796,CUST05755,3,1974.55,5923.65,Mobile App,0.0,
2025-01-23,RCPT00000057,ST27,SKU02354,CUST05755,3,90.78,272.34,Mobile App,0.0,
2025-01-23,RCPT00000057,ST27,SKU03612,CUST05755,4,290.1,1160.4,Mobile App,0.0,
2022-04-01,RCPT00000058,ST07,SKU02813,CUST00857,1,250.52,250.52,In-Store,0.0,
2024-10-26,RCPT00000059,ST28,SKU04072,CUST04578,2,174.03,348.06,In-Store,0.0,
2023-05-25,RCPT00000060,ST11,SKU01127,CUST09534,1,817.54,817.54,In-Store,0.0,
2023-08-31,RCPT00000061,ST08,SKU00074,CUST01889,2,197.5,344.84,In-Store,12.7,PROMO010
2024-08-21,RCPT00000062,ST15,SKU01078,CUST04272,1,243.34,243.34,Online,0.0,
2024-06-15,RCPT00000063,ST01,SKU03021,CUST08957,2,1165.36,2002.09,In-Store,14.1,PROMO023
2024-12-19,RCPT00000064,ST29,SKU00028,CUST06375,3,94.45,283.35,In-Store,0.0,
2024-12-19,RCPT00000064,ST29,SKU00820,CUST06375,2,487.11,974.22,In-Store,0.0,
2024-12-19,RCPT00000064,ST29,SKU00693,CUST06375,2,1047.53,2095.06,In-Store,0.0,
2024-07-20,RCPT00000065,ST20,SKU00509,CUST03570,3,238.23,553.17,In-Store,22.6,PROMO045
2024-07-20,RCPT00000065,ST20,SKU02187,CUST03570,3,242.07,562.09,In-Store,22.6,PROMO045
2024-07-20,RCPT00000065,ST20,SKU04890,CUST03570,2,96.81,149.86,In-Store,22.6,PROMO045
2024-07-20,RCPT00000065,ST20,SKU00430,CUST03570,2,146.59,226.92,In-Store,22.6,PROMO045
2024-07-20,RCPT00000065,ST20,SKU02736,CUST03570,3,153.51,356.45,In-Store,22.6,PROMO045
2025-08-24,RCPT00000066,ST16,SKU01688,CUST09398,1,158.65,158.65,Mobile App,0.0,
2025-11-10,RCPT00000067,ST29,SKU04897,CUST03243,3,904.26,2712.78,In-Store,0.0,
2025-11-10,RCPT00000067,ST29,SKU04646,CUST03243,2,82.38,164.76,In-Store,0.0,
2022-04-16,RCPT00000068,ST18,SKU02283,CUST05506,1,87.82,87.82,In-Store,0.0,
2022-04-16,RCPT00000068,ST18,SKU04575,CUST05506,5,80.19,400.95,In-Store,0.0,
2022-08-07,RCPT00000069,ST30,SKU03604,CUST03693,1,122.62,122.62,In-Store,0.0,
2022-08-07,RCPT00000069,ST30,SKU00264,CUST03693,3,242.74,728.22,In-Store,0.0,
2022-08-07,RCPT00000069,ST30,SKU00259,CUST03693,2,249.48,498.96,In-Store,0.0,
2022-08-07,RCPT00000069,ST30,SKU01170,CUST03693,2,365.5,731.0,In-Store,0.0,
2022-09-20,RCPT00000070,ST25,SKU00888,CUST01507,5,244.92,1224.6,Mobile App,0.0,
2025-08-16,RCPT00000071,ST14,SKU02353,CUST09523,2,747.09,1494.18,In-Store,0.0,
2025-08-16,RCPT00000071,ST14,SKU03350,CUST09523,3,143.76,431.28,In-Store,0.0,
2025-08-16,RCPT00000071,ST14,SKU03157,CUST09523,3,167.25,501.75,In-Store,0.0,
2025-12-06,RCPT00000072,ST16,SKU02329,CUST05219,2,166.7,333.4,Mobile App,0.0,
2025-12-06,RCPT00000072,ST16,SKU03230,CUST05219,1,622.02,622.02,Mobile App,0.0,
2025-02-08,RCPT00000073,ST10,SKU03413,CUST01624,1,314.95,175.43,Mobile App,44.3,PROMO041
2022-05-07,RCPT00000074,ST08,SKU00471,CUST09604,3,344.74,1034.22,In-Store,0.0,
2022-05-07,RCPT00000074,ST08,SKU00485,CUST09604,1,50.23,50.23,In-Store,0.0,
2023-10-19,RCPT00000075,ST28,SKU04453,CUST07641,5,265.58,1327.9,In-Store,0.0,
2023-06-27,RCPT00000076,ST13,SKU00169,CUST05311,2,95.37,190.74,In-Store,0.0,
2023-06-27,RCPT00000076,ST13,SKU01282,CUST05311,1,39.37,39.37,In-Store,0.0,
2025-11-08,RCPT00000077,ST29,SKU04596,CUST06465,1,335.55,335.55,Online,0.0,
2024-04-29,RCPT00000078,ST11,SKU03727,CUST09893,1,1660.93,1660.93,In-Store,0.0,
2022-01-14,RCPT00000079,ST21,SKU02843,CUST09325,1,87.14,87.14,Online,0.0,
2024-11-25,RCPT00000080,ST06,SKU04105,CUST03229,1,464.78,464.78,Online,0.0,
2025-08-21,RCPT00000081,ST19,SKU03825,CUST09260,3,105.66,316.98,Online,0.0,
2025-08-21,RCPT00000081,ST19,SKU01775,CUST09260,2,204.15,408.3,Online,0.0,
2024-07-13,RCPT00000082,ST23,SKU01127,CUST08399,3,817.54,1898.33,In-Store,22.6,PROMO045
2024-07-13,RCPT00000082,ST23,SKU02231,CUST08399,1,50.54,39.12,In-Store,22.6,PROMO045
2023-04-28,RCPT00000083,ST10,SKU04579,CUST04441,1,92.85,92.85,In-Store,0.0,
2025-06-16,RCPT00000084,ST19,SKU01297,CUST02785,2,280.29,560.58,In-Store,0.0,
2025-06-16,RCPT00000084,ST19,SKU04321,CUST02785,1,961.3,961.3,In-Store,0.0,
2025-06-16,RCPT00000084,ST19,SKU01556,CUST02785,3,1701.38,5104.14,In-Store,0.0,
2025-06-16,RCPT00000084,ST19,SKU02705,CUST02785,2,3268.55,6537.1,In-Store,0.0,
2025-06-16,RCPT00000084,ST19,SKU04143,CUST02785,1,413.46,413.46,In-Store,0.0,
2023-01-16,RCPT00000085,ST06,SKU04325,CUST02089,3,2888.57,8665.71,In-Store,0.0,
2025-06-21,RCPT00000086,ST15,SKU04256,CUST06590,1,1909.53,1909.53,In-Store,0.0,
2025-06-21,RCPT00000086,ST15,SKU01826,CUST06590,1,156.74,123.51,In-Store,21.2,PROMO060
2025-06-21,RCPT00000086,ST15,SKU04317,CUST06590,4,1598.65,6394.6,In-Store,0.0,
2023-08-15,RCPT00000087,ST14,SKU04596,CUST08477,1,335.55,335.55,In-Store,0.0,
2023-08-15,RCPT00000087,ST14,SKU00605,CUST08477,2,420.44,840.88,In-Store,0.0,
2023-08-15,RCPT00000087,ST14,SKU03549,CUST08477,2,173.56,347.12,In-Store,0.0,
2025-11-09,RCPT00000088,ST25,SKU01901,CUST09984,3,102.51,307.53,In-Store,0.0,
2025-11-30,RCPT00000089,ST09,SKU04321,CUST04263,1,961.3,961.3,In-Store,0.0,
2022-03-22,RCPT00000090,ST03,SKU03010,CUST05766,1,768.67,768.67,In-Store,0.0,
2022-03-22,RCPT00000090,ST03,SKU00799,CUST05766,1,164.49,164.49,In-Store,0.0,
2022-06-06,RCPT00000091,ST08,SKU02747,CUST03374,2,561.26,642.08,In-Store,42.8,PROMO022
2022-06-26,RCPT00000092,ST10,SKU01293,CUST08328,2,228.78,457.56,Online,0.0,
2022-07-16,RCPT00000093,ST03,SKU04913,CUST08599,1,466.91,466.91,In-Store,0.0,
2024-08-23,RCPT00000094,ST14,SKU04321,CUST02203,2,961.3,1922.6,Mobile App,0.0,
2022-12-05,RCPT00000095,ST23,SKU04598,CUST04812,2,312.26,624.52,Online,0.0,
2023-06-20,RCPT00000096,ST10,SKU01048,CUST05731,1,96.18,96.18,In-Store,0.0,
2022-08-13,RCPT00000097,ST22,SKU00845,CUST03499,2,670.83,1341.66,Online,0.0,
2024-03-06,RCPT00000098,ST27,SKU03186,CUST06342,1,66.0,37.09,In-Store,43.8,PROMO075
2024-04-07,RCPT00000099,ST22,SKU01363,CUST04462,3,3184.6,4796.01,In-Store,49.8,PROMO019
2024-04-07,RCPT00000099,ST22,SKU01151,CUST04462,2,1839.22,1846.58,In-Store,49.8,PROMO019
2022-06-18,RCPT00000100,ST09,SKU02769,CUST06592,1,725.22,414.83,Online,42.8,PROMO022
2022-01-22,RCPT00000101,ST06,SKU03292,CUST05001,2,164.03,328.06,In-Store,0.0,
2023-05-08,RCPT00000102,ST12,SKU04864,CUST08199,2,110.36,220.72,In-Store,0.0,
2023-05-08,RCPT00000102,ST12,SKU02721,CUST08199,2,259.98,519.96,In-Store,0.0,
2022-02-01,RCPT00000103,ST24,SKU03487,CUST04947,1,190.24,190.24,In-Store,0.0,
2022-02-01,RCPT00000103,ST24,SKU03077,CUST04947,3,377.75,1133.25,In-Store,0.0,
2023-10-19,RCPT00000104,ST03,SKU01682,CUST05843,3,254.03,389.43,In-Store,48.9,PROMO077
2022-02-13,RCPT00000105,ST18,SKU04787,CUST01505,1,161.55,161.55,Mobile App,0.0,
2022-02-13,RCPT00000105,ST18,SKU01773,CUST01505,2,2961.29,5922.58,Mobile App,0.0,
2023-05-11,RCPT00000106,ST04,SKU00254,CUST07586,1,105.55,105.55,In-Store,0.0,
2023-05-11,RCPT00000106,ST04,SKU04321,CUST07586,2,961.3,1922.6,In-Store,0.0,
2024-05-15,RCPT00000107,ST19,SKU04714,CUST03916,1,2007.28,1348.89,In-Store,32.8,PROMO036
2024-05-15,RCPT00000107,ST19,SKU02088,CUST03916,1,69.31,46.58,In-Store,32.8,PROMO036
2024-05-15,RCPT00000107,ST19,SKU02981,CUST03916,1,361.07,242.64,In-Store,32.8,PROMO036
2025-03-14,RCPT00000108,ST22,SKU00264,CUST09799,2,242.74,485.48,In-Store,0.0,
2022-01-13,RCPT00000109,ST06,SKU03420,CUST06626,2,143.9,287.8,In-Store,0.0,
2024-09-14,RCPT00000110,ST05,SKU00474,CUST07023,1,102.76,102.76,In-Store,0.0,
2024-09-14,RCPT00000110,ST05,SKU04489,CUST07023,2,251.01,502.02,In-Store,0.0,
2023-11-27,RCPT00000111,ST23,SKU03855,CUST08551,1,683.9,683.9,Mobile App,0.0,
2023-11-27,RCPT00000111,ST23,SKU04571,CUST08551,1,868.52,868.52,Mobile App,0.0,
2022-12-12,RCPT00000112,ST28,SKU00376,CUST02560,1,207.45,207.45,In-Store,0.0,
2022-12-12,RCPT00000112,ST28,SKU02998,CUST02560,2,891.24,1782.48,In-Store,0.0,
2022-05-18,RCPT00000113,ST03,SKU04632,CUST07950,2,892.4,1784.8,Online,0.0,
2022-05-18,RCPT00000113,ST03,SKU02526,CUST07950,3,698.11,2094.33,Online,0.0,
2022-05-18,RCPT00000113,ST03,SKU02999,CUST07950,1,307.71,307.71,Online,0.0,
2022-12-12,RCPT00000114,ST29,SKU03984,CUST01287,1,331.05,331.05,In-Store,0.0,
2022-12-12,RCPT00000114,ST29,SKU02947,CUST01287,1,134.5,134.5,In-Store,0.0,
2022-05-21,RCPT00000115,ST21,SKU03595,CUST07119,1,164.86,164.86,Mobile App,0.0,
2022-05-21,RCPT00000115,ST21,SKU04321,CUST07119,3,961.3,2883.9,Mobile App,0.0,
2022-05-21,RCPT00000115,ST21,SKU02307,CUST07119,1,2067.44,2067.44,Mobile App,0.0,
2022-05-21,RCPT00000115,ST21,SKU02775,CUST07119,1,163.46,163.46,Mobile App,0.0,
2022-05-21,RCPT00000115,ST21,SKU00500,CUST07119,1,1264.58,1264.58,Mobile App,0.0,
2024-09-11,RCPT00000116,ST04,SKU04321,CUST08218,1,961.3,961.3,Online,0.0,
2024-09-04,RCPT00000117,ST05,SKU02012,CUST04500,1,71.6,71.6,Online,0.0,
2024-09-04,RCPT00000117,ST05,SKU02939,CUST04500,1,82.66,82.66,Online,0.0,
2025-11-21,RCPT00000118,ST13,SKU04694,CUST07517,1,149.97,149.97,Mobile App,0.0,
2025-11-21,RCPT00000118,ST13,SKU00662,CUST07517,1,366.53,366.53,Mobile App,0.0,
2022-02-28,RCPT00000119,ST30,SKU01612,CUST02173,1,151.28,151.28,In-Store,0.0,
2022-07-09,RCPT00000120,ST13,SKU00355,CUST08805,1,144.21,144.21,In-Store,0.0,
2022-07-09,RCPT00000120,ST13,SKU04404,CUST08805,1,240.58,240.58,In-Store,0.0,
2024-12-13,RCPT00000121,ST03,SKU00735,CUST02914,1,2570.53,2570.53,Online,0.0,
2024-12-13,RCPT00000121,ST03,SKU01081,CUST02914,1,2680.16,2680.16,Online,0.0,
2024-12-13,RCPT00000121,ST03,SKU04571,CUST02914,3,868.52,2605.56,Online,0.0,
2025-06-03,RCPT00000122,ST07,SKU02923,CUST08020,1,124.18,124.18,Mobile App,0.0,
2025-07-15,RCPT00000123,ST13,SKU02398,CUST04637,3,682.66,2047.98,In-Store,0.0,
2025-07-15,RCPT00000123,ST13,SKU04154,CUST04637,3,351.77,1055.31,In-Store,0.0,
2025-07-15,RCPT00000123,ST13,SKU00847,CUST04637,1,398.86,398.86,In-Store,0.0,
2022-06-21,RCPT00000124,ST25,SKU04504,CUST05723,1,195.03,195.03,In-Store,0.0,
2022-11-11,RCPT00000125,ST06,SKU04596,CUST09323,4,335.55,1342.2,Online,0.0,
2022-11-11,RCPT00000125,ST06,SKU04320,CUST09323,2,2952.52,5905.04,Online,0.0,
2023-07-22,RCPT00000126,ST16,SKU03596,CUST09218,3,222.89,668.67,In-Store,0.0,
2023-07-22,RCPT00000126,ST16,SKU04596,CUST09218,1,335.55,335.55,In-Store,0.0,
2025-11-06,RCPT00000127,ST08,SKU01613,CUST00095,1,176.32,176.32,Online,0.0,
2022-12-23,RCPT00000128,ST06,SKU00845,CUST04206,2,670.83,1341.66,In-Store,0.0,
2022-12-23,RCPT00000128,ST06,SKU04321,CUST04206,2,961.3,1922.6,In-Store,0.0,
2025-12-22,RCPT00000129,ST14,SKU04321,CUST00039,5,961.3,4806.5,In-Store,0.0,
2023-03-09,RCPT00000130,ST19,SKU04240,CUST09255,3,701.01,1955.82,In-Store,7.0,PROMO002
2023-03-09,RCPT00000130,ST19,SKU04762,CUST09255,4,437.45,1627.31,In-Store,7.0,PROMO002
2023-10-28,RCPT00000131,ST17,SKU01359,CUST09559,3,303.38,506.95,In-Store,44.3,PROMO048
2024-12-25,RCPT00000132,ST30,SKU01860,CUST05481,1,211.67,211.67,Online,0.0,
2025-03-14,RCPT00000133,ST22,SKU00123,CUST09959,1,99.13,99.13,In-Store,0.0,
2025-03-14,RCPT00000133,ST22,SKU00416,CUST09959,1,75.12,75.12,In-Store,0.0,
2025-03-14,RCPT00000133,ST22,SKU00286,CUST09959,1,64.45,64.45,In-Store,0.0,
2025-08-27,RCPT00000134,ST04,SKU04265,CUST01337,1,83.19,83.19,In-Store,0.0,
2025-08-27,RCPT00000134,ST04,SKU02401,CUST01337,2,524.47,1048.94,In-Store,0.0,
2024-09-08,RCPT00000135,ST23,SKU03727,CUST06131,1,1660.93,1660.93,In-Store,0.0,
2025-12-18,RCPT00000136,ST24,SKU04321,CUST03266,1,961.3,961.3,Mobile App,0.0,
2023-01-29,RCPT00000137,ST24,SKU04471,CUST08597,1,1515.36,1515.36,In-Store,0.0,
2023-12-31,RCPT00000138,ST11,SKU00836,CUST05582,1,765.01,536.27,In-Store,29.9,PROMO043
2024-07-13,RCPT00000139,ST07,SKU02050,CUST09686,2,90.73,140.45,In-Store,22.6,PROMO045
2025-06-22,RCPT00000140,ST09,SKU04050,CUST00467,4,118.91,475.64,Online,0.0,
2025-06-22,RCPT00000140,ST09,SKU00942,CUST00467,1,172.9,172.9,Online,0.0,
2025-09-28,RCPT00000141,ST03,SKU01242,CUST04024,1,414.93,414.93,In-Store,0.0,
2023-01-01,RCPT00000142,ST17,SKU03500,CUST05889,3,1732.5,4750.52,Online,8.6,PROMO095
2024-02-24,RCPT00000143,ST08,SKU01361,CUST03464,1,728.62,728.62,In-Store,0.0,
2024-02-24,RCPT00000143,ST08,SKU04646,CUST03464,2,82.38,164.76,In-Store,0.0,
2024-02-24,RCPT00000143,ST08,SKU03727,CUST03464,1,1660.93,1660.93,In-Store,0.0,
2024-02-24,RCPT00000143,ST08,SKU02950,CUST03464,4,251.09,1004.36,In-Store,0.0,
2024-02-24,RCPT00000143,ST08,SKU02930,CUST03464,1,170.16,170.16,In-Store,0.0,
2023-10-07,RCPT00000144,ST25,SKU04017,CUST06143,1,119.49,119.49,In-Store,0.0,
2023-10-07,RCPT00000144,ST25,SKU03391,CUST06143,1,1440.2,1440.2,In-Store,0.0,
2023-10-07,RCPT00000144,ST25,SKU04948,CUST06143,1,288.18,288.18,In-Store,0.0,
2023-10-07,RCPT00000144,ST25,SKU04034,CUST06143,3,1575.82,4727.46,In-Store,0.0,
2025-06-07,RCPT00000145,ST24,SKU01037,CUST09630,1,178.07,178.07,In-Store,0.0,
2025-06-07,RCPT00000145,ST24,SKU04431,CUST09630,1,38.21,38.21,In-Store,0.0,
2025-06-07,RCPT00000145,ST24,SKU04321,CUST09630,5,961.3,4806.5,In-Store,0.0,
2025-06-07,RCPT00000145,ST24,SKU03292,CUST09630,1,164.03,164.03,In-Store,0.0,
2022-02-28,RCPT00000146,ST06,SKU02368,CUST09894,3,849.39,2548.17,Online,0.0,
2022-02-28,RCPT00000146,ST06,SKU01084,CUST09894,1,2259.43,2259.43,Online,0.0,
2022-02-28,RCPT00000146,ST06,SKU02103,CUST09894,2,113.18,226.36,Online,0.0,
2022-05-31,RCPT00000147,ST24,SKU01514,CUST05389,2,870.11,995.41,Online,42.8,PROMO022
2022-05-31,RCPT00000147,ST24,SKU00539,CUST05389,1,199.63,114.19,Online,42.8,PROMO022
2024-11-10,RCPT00000148,ST01,SKU03069,CUST03452,4,296.3,1185.2,In-Store,0.0,
2024-11-10,RCPT00000148,ST01,SKU02404,CUST03452,3,28.16,76.12,In-Store,9.9,PROMO009
2024-11-10,RCPT00000148,ST01,SKU02741,CUST03452,2,86.2,172.4,In-Store,0.0,
2025-05-11,RCPT00000149,ST10,SKU02141,CUST09365,2,471.88,943.76,Online,0.0,
2025-05-11,RCPT00000149,ST10,SKU02912,CUST09365,1,156.0,156.0,Online,0.0,
2025-05-11,RCPT00000149,ST10,SKU02141,CUST09365,2,471.88,943.76,Online,0.0,
2024-05-09,RCPT00000150,ST27,SKU00974,CUST00366,1,47.34,47.34,In-Store,0.0,
2024-05-09,RCPT00000150,ST27,SKU00920,CUST00366,1,114.73,114.73,In-Store,0.0,
2025-06-17,RCPT00000151,ST18,SKU00143,CUST04039,3,64.0,192.0,Mobile App,0.0,
2025-06-17,RCPT00000151,ST18,SKU03002,CUST04039,1,52.44,52.44,Mobile App,0.0,
2025-06-17,RCPT00000151,ST18,SKU00993,CUST04039,1,230.79,230.79,Mobile App,0.0,
2023-09-19,RCPT00000152,ST18,SKU00980,CUST09588,2,726.14,1452.28,In-Store,0.0,
2023-09-19,RCPT00000152,ST18,SKU01051,CUST09588,1,1119.25,1119.25,In-Store,0.0,
2023-09-19,RCPT00000152,ST18,SKU03811,CUST09588,1,239.04,239.04,In-Store,0.0,
2023-09-19,RCPT00000152,ST18,SKU03998,CUST09588,1,625.71,625.71,In-Store,0.0,
2025-08-27,RCPT00000153,ST16,SKU00891,CUST01404,1,900.14,900.14,In-Store,0.0,
2025-08-27,RCPT00000153,ST16,SKU02449,CUST01404,1,137.83,137.83,In-Store,0.0,
2023-10-24,RCPT00000154,ST09,SKU04315,CUST08519,3,497.47,1492.41,Online,0.0,
2023-10-24,RCPT00000154,ST09,SKU01532,CUST08519,1,196.08,196.08,Online,0.0,
2023-01-23,RCPT00000155,ST28,SKU02016,CUST04433,1,194.97,194.97,In-Store,0.0,
2023-01-23,RCPT00000155,ST28,SKU04756,CUST04433,1,665.32,665.32,In-Store,0.0,
2023-01-23,RCPT00000155,ST28,SKU03717,CUST04433,2,240.36,480.72,In-Store,0.0,
2023-03-19,RCPT00000156,ST25,SKU00528,CUST02167,1,210.21,195.5,In-Store,7.0,PROMO002
2023-03-19,RCPT00000156,ST25,SKU03714,CUST02167,2,1127.31,2096.8,In-Store,7.0,PROMO002
2022-03-27,RCPT00000157,ST28,SKU04321,CUST06334,1,961.3,961.3,Online,0.0,
2023-03-08,RCPT00000158,ST07,SKU03907,CUST06005,1,876.73,633.0,In-Store,27.8,PROMO078
2023-03-08,RCPT00000158,ST07,SKU04248,CUST06005,5,158.02,790.1,In-Store,0.0,
2023-03-08,RCPT00000158,ST07,SKU02561,CUST06005,3,513.57,1540.71,In-Store,0.0,
2023-03-08,RCPT00000158,ST07,SKU01196,CUST06005,2,124.22,194.78,In-Store,21.6,PROMO066
2025-09-01,RCPT00000159,ST18,SKU00075,CUST06334,1,3697.58,3697.58,Online,0.0,
2025-09-01,RCPT00000159,ST18,SKU02624,CUST06334,2,3182.64,6365.28,Online,0.0,
2025-09-01,RCPT00000159,ST18,SKU00002,CUST06334,1,70.38,70.38,Online,0.0,
2024-04-01,RCPT00000160,ST20,SKU00706,CUST00792,1,997.3,560.48,In-Store,43.8,PROMO075
2024-04-01,RCPT00000160,ST20,SKU02951,CUST00792,1,384.02,215.82,In-Store,43.8,PROMO075
2025-05-31,RCPT00000161,ST21,SKU04815,CUST00523,3,287.64,862.92,In-Store,0.0,
2023-10-31,RCPT00000162,ST25,SKU03553,CUST03593,2,236.82,473.64,Mobile App,0.0,
2023-05-28,RCPT00000163,ST17,SKU02820,CUST09919,1,859.3,859.3,In-Store,0.0,
2025-05-26,RCPT00000164,ST30,SKU01545,CUST08041,2,186.61,373.22,Mobile App,0.0,
2025-05-26,RCPT00000164,ST30,SKU01775,CUST08041,1,204.15,204.15,Mobile App,0.0,
2025-05-26,RCPT00000164,ST30,SKU03267,CUST08041,5,216.74,1083.7,Mobile App,0.0,
2023-05-03,RCPT00000165,ST11,SKU02220,CUST03302,5,146.7,733.5,Online,0.0,
2024-09-04,RCPT00000166,ST30,SKU02102,CUST07596,1,351.31,351.31,In-Store,0.0,
2023-10-20,RCPT00000167,ST21,SKU04329,CUST01145,2,2452.07,2731.61,Mobile App,44.3,PROMO048
2023-10-20,RCPT00000167,ST21,SKU01338,CUST01145,2,354.64,709.28,Mobile App,0.0,
2023-12-23,RCPT00000168,ST11,SKU02701,CUST03632,1,182.01,127.59,In-Store,29.9,PROMO043
2023-12-23,RCPT00000168,ST11,SKU03199,CUST03632,1,78.08,54.73,In-Store,29.9,PROMO043
2022-08-03,RCPT00000169,ST29,SKU01292,CUST07066,3,601.93,1805.79,In-Store,0.0,
2022-08-03,RCPT00000169,ST29,SKU04321,CUST07066,1,961.3,961.3,In-Store,0.0,
2022-08-03,RCPT00000169,ST29,SKU04321,CUST07066,1,961.3,961.3,In-Store,0.0,
2023-03-24,RCPT00000170,ST11,SKU00285,CUST07423,1,505.67,505.67,Online,0.0,
2023-03-24,RCPT00000170,ST11,SKU01910,CUST07423,1,303.88,303.88,Online,0.0,
2022-03-12,RCPT00000171,ST27,SKU01551,CUST01085,1,179.55,179.55,In-Store,0.0,
2022-03-12,RCPT00000171,ST27,SKU02668,CUST01085,1,1122.49,1122.49,In-Store,0.0,
2022-07-16,RCPT00000172,ST04,SKU03693,CUST04784,1,1381.82,1381.82,Mobile App,0.0,
2022-07-16,RCPT00000172,ST04,SKU01784,CUST04784,2,168.81,337.62,Mobile App,0.0,
2022-12-24,RCPT00000173,ST05,SKU02611,CUST00958,2,191.87,383.74,In-Store,0.0,
2024-09-13,RCPT00000174,ST28,SKU03613,CUST04216,1,434.98,434.98,Online,0.0,
2024-09-13,RCPT00000174,ST28,SKU04773,CUST04216,1,434.24,434.24,Online,0.0,
2024-09-13,RCPT00000174,ST28,SKU03323,CUST04216,4,3001.52,12006.08,Online,0.0,
2023-08-30,RCPT00000175,ST20,SKU03104,CUST00442,1,480.01,419.05,In-Store,12.7,PROMO010
2024-08-09,RCPT00000176,ST30,SKU04159,CUST02692,1,2188.36,2188.36,In-Store,0.0,
2023-09-18,RCPT00000177,ST28,SKU04596,CUST01757,1,335.55,335.55,Online,0.0,
2023-09-18,RCPT00000177,ST28,SKU00942,CUST01757,1,172.9,172.9,Online,0.0,
2023-10-17,RCPT00000178,ST04,SKU04596,CUST04067,2,335.55,671.1,In-Store,0.0,
2023-10-17,RCPT00000178,ST04,SKU04644,CUST04067,1,359.73,359.73,In-Store,0.0,
2025-08-17,RCPT00000179,ST21,SKU02088,CUST00296,2,69.31,138.62,Online,0.0,
2022-12-12,RCPT00000180,ST10,SKU04166,CUST07524,1,263.67,263.67,In-Store,0.0,
2023-09-09,RCPT00000181,ST04,SKU02884,CUST07283,1,173.65,151.6,Mobile App,12.7,PROMO010
2023-09-09,RCPT00000181,ST04,SKU04321,CUST07283,1,961.3,839.21,Mobile App,12.7,PROMO010
2024-05-04,RCPT00000182,ST07,SKU00219,CUST02818,5,141.0,705.0,Mobile App,0.0,
2024-05-04,RCPT00000182,ST07,SKU00531,CUST02818,3,2949.96,8849.88,Mobile App,0.0,
2024-05-04,RCPT00000182,ST07,SKU02984,CUST02818,2,365.1,730.2,Mobile App,0.0,
2022-07-10,RCPT00000183,ST20,SKU03993,CUST01139,4,64.74,258.96,Mobile App,0.0,
2025-11-14,RCPT00000184,ST05,SKU04274,CUST00856,1,153.61,153.61,Online,0.0,
2022-06-09,RCPT00000185,ST23,SKU02044,CUST09889,4,169.73,388.34,In-Store,42.8,PROMO022
2024-10-23,RCPT00000186,ST05,SKU02636,CUST04732,2,226.11,452.22,In-Store,0.0,
2025-07-27,RCPT00000187,ST23,SKU04321,CUST04780,2,961.3,993.98,Online,48.3,PROMO032
2025-07-27,RCPT00000187,ST23,SKU01244,CUST04780,2,2224.69,4449.38,Online,0.0,
2025-07-27,RCPT00000187,ST23,SKU00953,CUST04780,3,273.99,821.97,Online,0.0,
2025-03-01,RCPT00000188,ST24,SKU02247,CUST09127,4,179.3,468.33,In-Store,34.7,PROMO057
2025-03-01,RCPT00000188,ST24,SKU01045,CUST09127,4,451.29,1805.16,In-Store,0.0,
2025-03-01,RCPT00000188,ST24,SKU03456,CUST09127,1,234.0,234.0,In-Store,0.0,
2025-03-01,RCPT00000188,ST24,SKU00953,CUST09127,2,273.99,357.83,In-Store,34.7,PROMO057
2025-03-01,RCPT00000188,ST24,SKU04928,CUST09127,1,382.38,382.38,In-Store,0.0,
2023-11-01,RCPT00000189,ST18,SKU02141,CUST02059,3,471.88,1415.64,Online,0.0,
2023-11-01,RCPT00000189,ST18,SKU00280,CUST02059,1,469.64,469.64,Online,0.0,
2022-07-13,RCPT00000190,ST10,SKU03507,CUST02712,3,695.35,2086.05,In-Store,0.0,
2024-07-06,RCPT00000191,ST21,SKU01764,CUST01459,3,2017.27,4684.1,In-Store,22.6,PROMO045
2023-10-23,RCPT00000192,ST28,SKU04321,CUST01357,1,961.3,961.3,Mobile App,0.0,
2025-02-20,RCPT00000193,ST19,SKU04600,CUST03913,1,150.03,83.57,In-Store,44.3,PROMO041
2025-11-05,RCPT00000194,ST19,SKU01746,CUST05519,2,1073.45,2146.9,In-Store,0.0,
2024-06-15,RCPT00000195,ST04,SKU03454,CUST02891,1,849.48,729.7,In-Store,14.1,PROMO023
2024-05-30,RCPT00000196,ST14,SKU02898,CUST05801,2,989.39,1978.78,Online,0.0,
2024-05-26,RCPT00000197,ST18,SKU01338,CUST01513,4,354.64,1418.56,In-Store,0.0,
2023-04-10,RCPT00000198,ST29,SKU00241,CUST02764,2,1710.6,2671.96,In-Store,21.9,PROMO046
2024-06-11,RCPT00000199,ST07,SKU02954,CUST09451,1,603.3,603.3,Online,0.0,
2024-06-11,RCPT00000199,ST07,SKU01740,CUST09451,3,535.95,1607.85,Online,0.0,
2025-05-23,RCPT00000200,ST28,SKU03147,CUST02888,1,151.39,151.39,In-Store,0.0,
2025-05-23,RCPT00000200,ST28,SKU01152,CUST02888,2,486.03,972.06,In-Store,0.0,
2025-05-23,RCPT00000200,ST28,SKU04335,CUST02888,1,284.74,284.74,In-Store,0.0,
2023-04-21,RCPT00000201,ST29,SKU03752,CUST05689,1,119.85,119.85,Online,0.0,
2022-07-23,RCPT00000202,ST14,SKU01317,CUST02934,1,644.83,644.83,Mobile App,0.0,
2022-07-23,RCPT00000202,ST14,SKU01277,CUST02934,2,1564.08,3128.16,Mobile App,0.0,
2024-11-30,RCPT00000203,ST29,SKU00968,CUST02640,2,178.22,356.44,Mobile App,0.0,
2024-11-30,RCPT00000203,ST29,SKU00190,CUST02640,1,145.42,145.42,Mobile App,0.0,
2024-11-30,RCPT00000203,ST29,SKU02998,CUST02640,1,891.24,891.24,Mobile App,0.0,
2024-11-30,RCPT00000203,ST29,SKU04321,CUST02640,1,961.3,961.3,Mobile App,0.0,
2025-11-12,RCPT00000204,ST05,SKU04200,CUST03268,1,520.84,520.84,In-Store,0.0,
2025-11-12,RCPT00000204,ST05,SKU02027,CUST03268,1,152.04,152.04,In-Store,0.0,
2023-11-16,RCPT00000205,ST26,SKU00759,CUST05083,2,481.66,963.32,Online,0.0,
2023-11-16,RCPT00000205,ST26,SKU01434,CUST05083,2,730.42,1460.84,Online,0.0,
2024-09-27,RCPT00000206,ST23,SKU01289,CUST02109,2,257.68,376.21,Online,27.0,PROMO094
2022-07-11,RCPT00000207,ST22,SKU04076,CUST04045,2,165.54,331.08,Mobile App,0.0,
2022-07-11,RCPT00000207,ST22,SKU00156,CUST04045,1,164.3,164.3,Mobile App,0.0,
2024-12-29,RCPT00000208,ST15,SKU03617,CUST09090,2,1976.08,3952.16,In-Store,0.0,
2024-02-18,RCPT00000209,ST01,SKU03343,CUST07580,2,294.71,589.42,In-Store,0.0,
2024-02-18,RCPT00000209,ST01,SKU00920,CUST07580,5,114.73,573.65,In-Store,0.0,
2022-10-26,RCPT00000210,ST05,SKU04321,CUST09235,3,961.3,2883.9,Mobile App,0.0,
2022-09-12,RCPT00000211,ST26,SKU01547,CUST01656,1,165.64,165.64,In-Store,0.0,
2022-09-12,RCPT00000211,ST26,SKU02930,CUST01656,1,170.16,170.16,In-Store,0.0,
2024-11-07,RCPT00000212,ST24,SKU04321,CUST02635,2,961.3,1922.6,Online,0.0,
2024-11-07,RCPT00000212,ST24,SKU01556,CUST02635,5,1701.38,8506.9,Online,0.0,
2024-02-23,RCPT00000213,ST03,SKU02630,CUST07543,1,257.78,257.78,In-Store,0.0,
2023-01-12,RCPT00000214,ST16,SKU02167,CUST06721,1,189.86,189.86,In-Store,0.0,
2023-01-12,RCPT00000214,ST16,SKU04321,CUST06721,2,961.3,1922.6,In-Store,0.0,
2023-01-12,RCPT00000214,ST16,SKU04993,CUST06721,1,1067.68,1067.68,In-Store,0.0,
2025-05-04,RCPT00000215,ST06,SKU02487,CUST00007,2,363.61,727.22,In-Store,0.0,
2022-03-30,RCPT00000216,ST23,SKU02252,CUST06075,1,523.38,523.38,In-Store,0.0,
2022-03-30,RCPT00000216,ST23,SKU02778,CUST06075,2,171.19,342.38,In-Store,0.0,
2022-03-30,RCPT00000216,ST23,SKU00668,CUST06075,1,219.45,219.45,In-Store,0.0,
2025-01-23,RCPT00000217,ST21,SKU00083,CUST03066,1,333.54,333.54,In-Store,0.0,
2025-02-19,RCPT00000218,ST12,SKU03088,CUST01135,3,223.55,437.93,In-Store,34.7,PROMO057
2025-02-19,RCPT00000218,ST12,SKU02803,CUST01135,1,113.88,74.36,In-Store,34.7,PROMO057
2025-02-19,RCPT00000218,ST12,SKU04416,CUST01135,1,600.57,334.52,In-Store,44.3,PROMO041
2024-04-13,RCPT00000219,ST11,SKU00166,CUST01510,2,830.77,834.09,Online,49.8,PROMO019
2024-04-13,RCPT00000219,ST11,SKU02087,CUST01510,1,62.98,31.62,Online,49.8,PROMO019
2024-04-13,RCPT00000219,ST11,SKU00819,CUST01510,1,187.97,94.36,Online,49.8,PROMO019
2025-05-03,RCPT00000220,ST17,SKU01304,CUST02168,1,76.18,76.18,In-Store,0.0,
2022-02-06,RCPT00000221,ST24,SKU04847,CUST05010,1,630.96,630.96,In-Store,0.0,
2025-03-23,RCPT00000222,ST19,SKU00754,CUST05341,3,2674.24,6811.29,Online,15.1,PROMO067
2022-05-25,RCPT00000223,ST27,SKU04551,CUST00007,4,2498.23,9992.92,In-Store,0.0,
2022-05-25,RCPT00000223,ST27,SKU04321,CUST00007,2,961.3,1922.6,In-Store,0.0,
2022-05-25,RCPT00000223,ST27,SKU00264,CUST00007,3,242.74,728.22,In-Store,0.0,
2022-11-12,RCPT00000224,ST20,SKU03765,CUST07827,3,1105.89,3317.67,Online,0.0,
2025-03-22,RCPT00000225,ST08,SKU04321,CUST08227,4,961.3,3264.57,Online,15.1,PROMO067
2025-10-29,RCPT00000226,ST22,SKU02503,CUST02683,1,280.9,280.9,In-Store,0.0,
2024-11-10,RCPT00000227,ST06,SKU00246,CUST05609,1,1021.22,1021.22,Mobile App,0.0,
2024-11-10,RCPT00000227,ST06,SKU02285,CUST05609,2,215.0,430.0,Mobile App,0.0,
2024-11-10,RCPT00000227,ST06,SKU00618,CUST05609,1,132.27,132.27,Mobile App,0.0,
2024-11-10,RCPT00000227,ST06,SKU00697,CUST05609,2,178.49,356.98,Mobile App,0.0,
2022-12-12,RCPT00000228,ST02,SKU04181,CUST03472,2,63.14,126.28,Online,0.0,
2022-12-12,RCPT00000228,ST02,SKU00980,CUST03472,2,726.14,1452.28,Online,0.0,
2022-12-12,RCPT00000228,ST02,SKU04348,CUST03472,3,274.76,824.28,Online,0.0,
2022-12-12,RCPT00000228,ST02,SKU02591,CUST03472,1,124.36,124.36,Online,0.0,
2024-09-04,RCPT00000229,ST08,SKU04321,CUST05986,1,961.3,961.3,Online,0.0,
2024-01-02,RCPT00000230,ST17,SKU00845,CUST01400,2,670.83,940.5,Online,29.9,PROMO043
2024-04-20,RCPT00000231,ST04,SKU04596,CUST06021,3,335.55,1006.65,In-Store,0.0,
2024-04-20,RCPT00000231,ST04,SKU04607,CUST06021,3,407.99,1223.97,In-Store,0.0,
2024-04-20,RCPT00000231,ST04,SKU03340,CUST06021,2,2111.32,4222.64,In-Store,0.0,
2024-04-20,RCPT00000231,ST04,SKU01859,CUST06021,1,1895.5,1895.5,In-Store,0.0,
2024-04-20,RCPT00000231,ST04,SKU00369,CUST06021,2,368.93,737.86,In-Store,0.0,
2025-03-04,RCPT00000232,ST03,SKU00866,CUST03099,1,1323.47,1323.47,In-Store,0.0,
2025-03-04,RCPT00000232,ST03,SKU02890,CUST03099,2,158.62,317.24,In-Store,0.0,
2023-08-06,RCPT00000233,ST22,SKU04321,CUST07077,3,961.3,2168.69,In-Store,24.8,PROMO061
2023-08-06,RCPT00000233,ST22,SKU00319,CUST07077,1,129.05,64.91,In-Store,49.7,PROMO030
2023-08-06,RCPT00000233,ST22,SKU03422,CUST07077,2,1121.44,1128.17,In-Store,49.7,PROMO030
2022-07-26,RCPT00000234,ST21,SKU01371,CUST03471,2,1277.61,2555.22,Mobile App,0.0,
2022-04-15,RCPT00000235,ST28,SKU01796,CUST04547,2,75.33,150.66,In-Store,0.0,
2023-11-11,RCPT00000236,ST30,SKU03422,CUST02707,4,1121.44,3808.41,In-Store,15.1,PROMO064
2023-11-11,RCPT00000236,ST30,SKU04114,CUST02707,1,1503.26,1503.26,In-Store,0.0,
2025-10-10,RCPT00000237,ST19,SKU00036,CUST06101,1,188.79,188.79,In-Store,0.0,
2025-10-10,RCPT00000237,ST19,SKU04784,CUST06101,3,1758.96,5276.88,In-Store,0.0,
2025-10-10,RCPT00000237,ST19,SKU04321,CUST06101,3,961.3,2883.9,In-Store,0.0,
2025-12-20,RCPT00000238,ST09,SKU04321,CUST06116,3,961.3,2883.9,In-Store,0.0,
2023-01-04,RCPT00000239,ST20,SKU02057,CUST01991,1,167.06,167.06,In-Store,0.0,
2022-06-08,RCPT00000240,ST06,SKU04321,CUST02720,1,961.3,549.86,Online,42.8,PROMO022
2022-06-08,RCPT00000240,ST06,SKU04598,CUST02720,2,312.26,357.23,Online,42.8,PROMO022
2022-06-08,RCPT00000240,ST06,SKU03847,CUST02720,1,100.07,57.24,Online,42.8,PROMO022
2022-06-08,RCPT00000240,ST06,SKU04508,CUST02720,2,375.55,429.63,Online,42.8,PROMO022
2025-09-19,RCPT00000241,ST30,SKU04672,CUST03082,5,2160.93,10804.65,Online,0.0,
2025-09-19,RCPT00000241,ST30,SKU03743,CUST03082,5,253.24,1266.2,Online,0.0,
2025-09-19,RCPT00000241,ST30,SKU00286,CUST03082,2,64.45,128.9,Online,0.0,
2025-09-19,RCPT00000241,ST30,SKU04508,CUST03082,1,375.55,375.55,Online,0.0,
2024-11-14,RCPT00000242,ST06,SKU00177,CUST00239,1,114.65,103.3,Online,9.9,PROMO009
2024-11-14,RCPT00000242,ST06,SKU01018,CUST00239,2,242.43,484.86,Online,0.0,
2024-11-14,RCPT00000242,ST06,SKU02769,CUST00239,1,725.22,725.22,Online,0.0,
2024-11-14,RCPT00000242,ST06,SKU00190,CUST00239,1,145.42,145.42,Online,0.0,
2025-12-13,RCPT00000243,ST04,SKU01107,CUST02197,1,67.08,67.08,Online,0.0,
2023-12-12,RCPT00000244,ST12,SKU04438,CUST05377,2,146.23,292.46,In-Store,0.0,
2023-11-08,RCPT00000245,ST11,SKU00336,CUST09370,3,53.08,159.24,In-Store,0.0,
2024-01-31,RCPT00000246,ST14,SKU01437,CUST06775,1,1550.38,1550.38,Online,0.0,
2024-01-31,RCPT00000246,ST14,SKU03176,CUST06775,1,1236.65,1236.65,Online,0.0,
2024-01-31,RCPT00000246,ST14,SKU04424,CUST06775,3,1200.53,3601.59,Online,0.0,
2025-10-10,RCPT00000247,ST03,SKU00002,CUST09861,3,70.38,211.14,In-Store,0.0,
2024-06-29,RCPT00000248,ST19,SKU02385,CUST08742,5,2269.28,8782.11,Online,22.6,PROMO045
2024-06-29,RCPT00000248,ST19,SKU02182,CUST08742,4,972.74,3011.6,Online,22.6,PROMO045
2024-04-08,RCPT00000249,ST27,SKU04113,CUST09608,2,233.8,234.74,In-Store,49.8,PROMO019
2022-06-24,RCPT00000250,ST25,SKU04358,CUST00805,3,430.16,1290.48,In-Store,0.0,
2022-06-24,RCPT00000250,ST25,SKU02231,CUST00805,1,50.54,50.54,In-Store,0.0,
2022-06-24,RCPT00000250,ST25,SKU04321,CUST00805,2,961.3,1922.6,In-Store,0.0,
2022-06-24,RCPT00000250,ST25,SKU00707,CUST00805,3,56.56,169.68,In-Store,0.0,
2025-05-29,RCPT00000251,ST29,SKU00074,CUST05966,2,197.5,395.0,Online,0.0,
2025-05-29,RCPT00000251,ST29,SKU00728,CUST05966,3,3555.73,10667.19,Online,0.0,
2025-03-31,RCPT00000252,ST01,SKU04930,CUST07036,3,682.34,2047.02,In-Store,0.0,
2025-03-31,RCPT00000252,ST01,SKU02647,CUST07036,2,643.88,1287.76,In-Store,0.0,
2025-03-31,RCPT00000252,ST01,SKU02141,CUST07036,1,471.88,471.88,In-Store,0.0,
2022-03-29,RCPT00000253,ST16,SKU02840,CUST03929,1,267.04,267.04,In-Store,0.0,
2023-10-23,RCPT00000254,ST25,SKU03179,CUST07435,1,294.42,294.42,In-Store,0.0,
2023-10-23,RCPT00000254,ST25,SKU03682,CUST07435,1,34.13,34.13,In-Store,0.0,
2023-10-23,RCPT00000254,ST25,SKU03702,CUST07435,1,473.65,473.65,In-Store,0.0,
2023-06-13,RCPT00000255,ST08,SKU00728,CUST05468,1,3555.73,3555.73,In-Store,0.0,
2023-06-13,RCPT00000255,ST08,SKU01819,CUST05468,1,1045.44,1045.44,In-Store,0.0,
2023-06-13,RCPT00000255,ST08,SKU02258,CUST05468,1,2619.48,2619.48,In-Store,0.0,
2022-02-10,RCPT00000256,ST09,SKU04816,CUST02634,1,90.49,83.34,In-Store,7.9,PROMO096
2022-12-12,RCPT00000257,ST04,SKU04782,CUST06182,3,1639.0,4494.14,Online,8.6,PROMO095
2022-12-12,RCPT00000257,ST04,SKU00695,CUST06182,1,264.5,264.5,Online,0.0,
2024-07-31,RCPT00000258,ST14,SKU04339,CUST05795,2,1534.07,2604.85,In-Store,15.1,PROMO001
2024-07-31,RCPT00000258,ST14,SKU00539,CUST05795,1,199.63,199.63,In-Store,0.0,
2024-07-31,RCPT00000258,ST14,SKU04161,CUST05795,2,189.64,305.32,In-Store,19.5,PROMO087
2022-11-06,RCPT00000259,ST05,SKU04321,CUST01491,1,961.3,961.3,Mobile App,0.0,
2025-01-02,RCPT00000260,ST05,SKU04424,CUST09188,2,1200.53,2401.06,Online,0.0,
2025-08-09,RCPT00000261,ST22,SKU04321,CUST09302,1,961.3,496.99,Online,48.3,PROMO032
2025-08-09,RCPT00000261,ST22,SKU04132,CUST09302,3,2255.25,6765.75,Online,0.0,
2023-10-09,RCPT00000262,ST02,SKU04321,CUST01030,5,961.3,4806.5,In-Store,0.0,
2024-12-29,RCPT00000263,ST30,SKU00685,CUST08736,3,2583.23,7749.69,In-Store,0.0,
2024-12-29,RCPT00000263,ST30,SKU03723,CUST08736,3,912.9,2738.7,In-Store,0.0,
2023-12-02,RCPT00000264,ST20,SKU04572,CUST08951,1,1130.67,1130.67,In-Store,0.0,
2023-07-01,RCPT00000265,ST21,SKU01930,CUST03187,2,60.28,120.56,In-Store,0.0,
2023-07-01,RCPT00000265,ST21,SKU00048,CUST03187,1,111.68,111.68,In-Store,0.0,
2023-07-01,RCPT00000265,ST21,SKU03030,CUST03187,1,108.63,108.63,In-Store,0.0,
2023-07-01,RCPT00000265,ST21,SKU01474,CUST03187,2,242.2,484.4,In-Store,0.0,
2023-07-01,RCPT00000265,ST21,SKU02823,CUST03187,1,596.63,596.63,In-Store,0.0,
2023-04-17,RCPT00000266,ST13,SKU01485,CUST06072,1,476.18,371.9,In-Store,21.9,PROMO046
2023-04-17,RCPT00000266,ST13,SKU03135,CUST06072,1,393.82,307.57,In-Store,21.9,PROMO046
2022-06-11,RCPT00000267,ST17,SKU04321,CUST07139,1,961.3,549.86,Mobile App,42.8,PROMO022
2022-06-11,RCPT00000267,ST17,SKU04321,CUST07139,2,961.3,1099.73,Mobile App,42.8,PROMO022
2022-06-11,RCPT00000267,ST17,SKU03088,CUST07139,1,223.55,127.87,Mobile App,42.8,PROMO022
2023-03-01,RCPT00000268,ST06,SKU03943,CUST07678,1,216.19,216.19,In-Store,0.0,
2022-04-28,RCPT00000269,ST09,SKU02203,CUST04626,4,886.54,3546.16,In-Store,0.0,
2025-01-07,RCPT00000270,ST17,SKU03796,CUST08634,2,1839.46,3678.92,Mobile App,0.0,
2025-01-08,RCPT00000271,ST01,SKU02830,CUST03836,1,150.61,150.61,Mobile App,0.0,
2025-01-08,RCPT00000271,ST01,SKU04381,CUST03836,1,192.07,192.07,Mobile App,0.0,
2023-05-29,RCPT00000272,ST13,SKU01395,CUST03435,2,122.37,244.74,Online,0.0,
2023-05-28,RCPT00000273,ST30,SKU04321,CUST06128,2,961.3,1922.6,Mobile App,0.0,
2024-11-19,RCPT00000274,ST30,SKU03361,CUST05750,1,296.27,296.27,Online,0.0,
2024-11-19,RCPT00000274,ST30,SKU02817,CUST05750,1,142.98,128.82,Online,9.9,PROMO009
2024-02-06,RCPT00000275,ST01,SKU04096,CUST04274,3,155.65,466.95,In-Store,0.0,
2022-12-17,RCPT00000276,ST18,SKU02819,CUST00842,2,1160.88,2122.09,In-Store,8.6,PROMO095
2022-12-17,RCPT00000276,ST18,SKU04768,CUST00842,4,104.95,419.8,In-Store,0.0,
2022-12-17,RCPT00000276,ST18,SKU01946,CUST00842,4,3073.34,12293.36,In-Store,0.0,
2022-12-17,RCPT00000276,ST18,SKU02858,CUST00842,2,90.7,181.4,In-Store,0.0,
2025-11-27,RCPT00000277,ST17,SKU01203,CUST01003,2,505.24,1010.48,In-Store,0.0,
2025-11-27,RCPT00000277,ST17,SKU00774,CUST01003,1,94.61,94.61,In-Store,0.0,
2025-09-21,RCPT00000278,ST26,SKU01244,CUST01587,5,2224.69,11123.45,Online,0.0,
2024-03-20,RCPT00000279,ST07,SKU03975,CUST09215,1,1906.33,1071.36,Online,43.8,PROMO075
2025-09-07,RCPT00000280,ST29,SKU03199,CUST04994,1,78.08,78.08,Online,0.0,
2025-09-07,RCPT00000280,ST29,SKU02264,CUST04994,1,676.6,676.6,Online,0.0,
2024-07-04,RCPT00000281,ST11,SKU01020,CUST02151,3,152.7,354.57,In-Store,22.6,PROMO045
2024-07-04,RCPT00000281,ST11,SKU04329,CUST02151,1,2452.07,1897.9,In-Store,22.6,PROMO045
2022-03-18,RCPT00000282,ST29,SKU04812,CUST01167,2,251.69,503.38,In-Store,0.0,
2024-11-14,RCPT00000283,ST04,SKU03024,CUST00621,1,280.12,280.12,In-Store,0.0,
2024-11-14,RCPT00000283,ST04,SKU02895,CUST00621,1,119.21,107.41,In-Store,9.9,PROMO009
2024-11-14,RCPT00000283,ST04,SKU01088,CUST00621,1,183.33,183.33,In-Store,0.0,
2024-11-14,RCPT00000283,ST04,SKU03891,CUST00621,1,159.69,159.69,In-Store,0.0,
2024-11-14,RCPT00000283,ST04,SKU02111,CUST00621,1,175.31,175.31,In-Store,0.0,
2023-08-30,RCPT00000284,ST21,SKU04321,CUST02137,2,961.3,1678.43,In-Store,12.7,PROMO010
2023-08-30,RCPT00000284,ST21,SKU00285,CUST02137,3,505.67,1324.35,In-Store,12.7,PROMO010
2022-08-26,RCPT00000285,ST06,SKU03063,CUST03531,1,363.59,363.59,Online,0.0,
2022-08-26,RCPT00000285,ST06,SKU02954,CUST03531,2,603.3,1206.6,Online,0.0,
2022-08-26,RCPT00000285,ST06,SKU04060,CUST03531,1,983.88,983.88,Online,0.0,
2025-01-06,RCPT00000286,ST24,SKU01030,CUST06191,1,224.5,224.5,In-Store,0.0,
2025-01-06,RCPT00000286,ST24,SKU04406,CUST06191,1,128.17,128.17,In-Store,0.0,
2025-05-02,RCPT00000287,ST20,SKU04571,CUST04290,2,868.52,1737.04,In-Store,0.0,
2025-05-02,RCPT00000287,ST20,SKU03112,CUST04290,1,382.71,382.71,In-Store,0.0,
2025-05-02,RCPT00000287,ST20,SKU00412,CUST04290,3,627.15,1881.45,In-Store,0.0,
2025-05-02,RCPT00000287,ST20,SKU02761,CUST04290,1,124.14,124.14,In-Store,0.0,
2024-10-17,RCPT00000288,ST07,SKU00685,CUST05762,1,2583.23,2583.23,In-Store,0.0,
2025-11-14,RCPT00000289,ST06,SKU04321,CUST02146,1,961.3,961.3,In-Store,0.0,
2025-11-14,RCPT00000289,ST06,SKU04321,CUST02146,1,961.3,961.3,In-Store,0.0,
2025-11-14,RCPT00000289,ST06,SKU01342,CUST02146,1,357.71,357.71,In-Store,0.0,
2025-11-14,RCPT00000289,ST06,SKU00994,CUST02146,3,602.13,1806.39,In-Store,0.0,
2025-12-01,RCPT00000290,ST14,SKU04610,CUST05954,2,2079.89,4159.78,In-Store,0.0,
2025-12-01,RCPT00000290,ST14,SKU04691,CUST05954,2,1341.17,2682.34,In-Store,0.0,
2022-12-19,RCPT00000291,ST08,SKU02368,CUST07058,1,849.39,849.39,In-Store,0.0,
2025-04-10,RCPT00000292,ST05,SKU00463,CUST02073,1,1727.58,1727.58,Online,0.0,
2025-08-19,RCPT00000293,ST05,SKU04089,CUST09288,1,1597.51,1597.51,In-Store,0.0,
2025-08-19,RCPT00000293,ST05,SKU00598,CUST09288,1,155.38,155.38,In-Store,0.0,
2024-10-04,RCPT00000294,ST16,SKU03571,CUST06381,4,1043.87,3048.1,Online,27.0,PROMO094
2024-10-04,RCPT00000294,ST16,SKU04157,CUST06381,3,2678.35,5865.59,Online,27.0,PROMO094
2025-12-15,RCPT00000295,ST06,SKU04896,CUST00295,1,481.62,481.62,In-Store,0.0,
2023-08-02,RCPT00000296,ST06,SKU00143,CUST02169,2,64.0,64.38,In-Store,49.7,PROMO030
2025-07-01,RCPT00000297,ST29,SKU04647,CUST05371,1,288.31,288.31,In-Store,0.0,
2025-07-01,RCPT00000297,ST29,SKU04359,CUST05371,1,231.83,231.83,In-Store,0.0,
2025-07-01,RCPT00000297,ST29,SKU01045,CUST05371,3,451.29,1353.87,In-Store,0.0,
2023-03-18,RCPT00000298,ST10,SKU01775,CUST06052,1,204.15,189.86,Mobile App,7.0,PROMO002
2023-03-18,RCPT00000298,ST10,SKU00286,CUST06052,1,64.45,59.94,Mobile App,7.0,PROMO002
2024-07-10,RCPT00000299,ST27,SKU04105,CUST07025,1,464.78,359.74,In-Store,22.6,PROMO045
2022-08-20,RCPT00000300,ST21,SKU03693,CUST07522,1,1381.82,1381.82,Online,0.0,
2022-08-20,RCPT00000300,ST21,SKU03623,CUST07522,2,521.36,1042.72,Online,0.0,
2022-08-20,RCPT00000300,ST21,SKU02318,CUST07522,1,2419.19,2419.19,Online,0.0,
2022-08-20,RCPT00000300,ST21,SKU04321,CUST07522,2,961.3,1922.6,Online,0.0,
2022-08-20,RCPT00000300,ST21,SKU00896,CUST07522,1,194.43,194.43,Online,0.0,
2024-10-20,RCPT00000301,ST18,SKU01223,CUST04124,3,271.98,815.94,Online,0.0,
2024-10-20,RCPT00000301,ST18,SKU04321,CUST04124,2,961.3,1922.6,Online,0.0,
2024-10-20,RCPT00000301,ST18,SKU00640,CUST04124,2,180.34,360.68,Online,0.0,
2024-12-09,RCPT00000302,ST07,SKU00369,CUST03280,1,368.93,368.93,Mobile App,0.0,
2024-12-09,RCPT00000302,ST07,SKU01208,CUST03280,2,116.35,232.7,Mobile App,0.0,
2024-12-09,RCPT00000302,ST07,SKU00309,CUST03280,1,1579.63,1579.63,Mobile App,0.0,
2024-12-09,RCPT00000302,ST07,SKU00218,CUST03280,2,229.94,459.88,Mobile App,0.0,
2024-03-23,RCPT00000303,ST10,SKU01357,CUST01485,5,1062.03,2984.3,In-Store,43.8,PROMO075
2025-01-29,RCPT00000304,ST29,SKU03207,CUST00769,1,196.37,196.37,Online,0.0,
2025-01-29,RCPT00000304,ST29,SKU04756,CUST00769,5,665.32,3326.6,Online,0.0,
2025-01-29,RCPT00000304,ST29,SKU00068,CUST00769,1,266.94,266.94,Online,0.0,
2025-12-01,RCPT00000305,ST27,SKU03514,CUST04134,1,318.97,318.97,Online,0.0,
2025-12-01,RCPT00000305,ST27,SKU00079,CUST04134,2,197.9,395.8,Online,0.0,
2024-08-25,RCPT00000306,ST01,SKU01435,CUST02981,1,1037.9,1037.9,In-Store,0.0,
2024-08-25,RCPT00000306,ST01,SKU00183,CUST02981,1,252.07,252.07,In-Store,0.0,
2025-06-14,RCPT00000307,ST30,SKU01902,CUST09340,2,65.43,130.86,In-Store,0.0,
2022-05-14,RCPT00000308,ST09,SKU04876,CUST01431,2,66.28,132.56,Online,0.0,
2024-11-10,RCPT00000309,ST20,SKU01852,CUST04478,3,142.19,426.57,Online,0.0,
2023-12-14,RCPT00000310,ST30,SKU04321,CUST01305,2,961.3,1922.6,In-Store,0.0,
2022-07-30,RCPT00000311,ST27,SKU04245,CUST03561,1,217.78,217.78,In-Store,0.0,
2022-07-29,RCPT00000312,ST12,SKU04321,CUST05442,1,961.3,961.3,In-Store,0.0,
2022-07-29,RCPT00000312,ST12,SKU03240,CUST05442,1,1042.33,1042.33,In-Store,0.0,
2024-02-01,RCPT00000313,ST01,SKU03088,CUST06327,3,223.55,670.65,In-Store,0.0,
2024-02-01,RCPT00000313,ST01,SKU03476,CUST06327,3,681.44,2044.32,In-Store,0.0,
2024-02-01,RCPT00000313,ST01,SKU04462,CUST06327,1,191.58,191.58,In-Store,0.0,
2025-01-03,RCPT00000314,ST21,SKU04189,CUST06369,2,1301.46,2602.92,In-Store,0.0,
2025-01-03,RCPT00000314,ST21,SKU04441,CUST06369,1,4156.79,4156.79,In-Store,0.0,
2023-08-26,RCPT00000315,ST03,SKU00887,CUST05853,2,470.11,820.81,In-Store,12.7,PROMO010
2025-08-05,RCPT00000316,ST09,SKU00942,CUST07435,1,172.9,172.9,In-Store,0.0,
2025-08-05,RCPT00000316,ST09,SKU02648,CUST07435,2,883.45,1766.9,In-Store,0.0,
2025-08-05,RCPT00000316,ST09,SKU00974,CUST07435,2,47.34,47.72,In-Store,49.6,PROMO088
2022-02-14,RCPT00000317,ST04,SKU00166,CUST01229,4,830.77,3323.08,In-Store,0.0,
2022-02-14,RCPT00000317,ST04,SKU03877,CUST01229,2,87.54,175.08,In-Store,0.0,
2022-02-14,RCPT00000317,ST04,SKU04223,CUST01229,1,43.92,43.92,In-Store,0.0,
2023-06-12,RCPT00000318,ST28,SKU00036,CUST05614,2,188.79,377.58,Online,0.0,
2024-09-15,RCPT00000319,ST08,SKU04307,CUST05561,1,278.81,278.81,In-Store,0.0,
2025-11-21,RCPT00000320,ST06,SKU04321,CUST04584,3,961.3,2883.9,Online,0.0,
2025-11-21,RCPT00000320,ST06,SKU00908,CUST04584,1,2108.67,1161.88,Online,44.9,PROMO084
2025-11-21,RCPT00000320,ST06,SKU04756,CUST04584,2,665.32,1330.64,Online,0.0,
2025-01-27,RCPT00000321,ST18,SKU00942,CUST02627,1,172.9,172.9,In-Store,0.0,
2023-06-03,RCPT00000322,ST04,SKU01843,CUST07082,1,407.44,244.87,In-Store,39.9,PROMO040
2023-06-03,RCPT00000322,ST04,SKU02180,CUST07082,3,98.03,176.75,In-Store,39.9,PROMO040
2022-09-07,RCPT00000323,ST09,SKU03862,CUST04490,1,965.23,878.36,Online,9.0,PROMO033
2022-09-07,RCPT00000323,ST09,SKU04305,CUST04490,2,782.22,1423.64,Online,9.0,PROMO033
2024-06-21,RCPT00000324,ST20,SKU04347,CUST06452,1,305.95,236.81,In-Store,22.6,PROMO045
2024-06-21,RCPT00000324,ST20,SKU04479,CUST06452,4,1328.83,4114.06,In-Store,22.6,PROMO045
2022-08-10,RCPT00000325,ST21,SKU02279,CUST04146,1,1825.01,1825.01,In-Store,0.0,
2023-10-01,RCPT00000326,ST29,SKU02114,CUST02206,3,712.38,2137.14,In-Store,0.0,
2024-08-18,RCPT00000327,ST30,SKU02312,CUST04072,2,87.19,174.38,In-Store,0.0,
2022-01-09,RCPT00000328,ST06,SKU02003,CUST04579,1,607.33,607.33,Online,0.0,
2024-08-11,RCPT00000329,ST18,SKU00942,CUST03195,5,172.9,864.5,In-Store,0.0,
2024-08-11,RCPT00000329,ST18,SKU00921,CUST03195,1,3363.82,3363.82,In-Store,0.0,
2022-05-29,RCPT00000330,ST02,SKU04238,CUST07432,4,270.65,619.25,Online,42.8,PROMO022
2023-01-07,RCPT00000331,ST27,SKU00190,CUST03439,2,145.42,290.84,In-Store,0.0,
2025-10-10,RCPT00000332,ST10,SKU04891,CUST01963,3,647.88,1943.64,In-Store,0.0,
2025-11-01,RCPT00000333,ST29,SKU03085,CUST05186,3,460.85,1382.55,In-Store,0.0,
2022-10-21,RCPT00000334,ST05,SKU02850,CUST05345,1,261.58,261.58,Mobile App,0.0,
2022-10-21,RCPT00000334,ST05,SKU02928,CUST05345,2,1846.27,3692.54,Mobile App,0.0,
2022-10-21,RCPT00000334,ST05,SKU04191,CUST05345,1,106.7,106.7,Mobile App,0.0,
2022-09-04,RCPT00000335,ST08,SKU04355,CUST06606,1,84.69,77.07,In-Store,9.0,PROMO033
2022-09-04,RCPT00000335,ST08,SKU02286,CUST06606,3,486.15,1327.19,In-Store,9.0,PROMO033
2022-05-26,RCPT00000336,ST06,SKU02312,CUST05318,1,87.19,87.19,In-Store,0.0,
2025-08-06,RCPT00000337,ST11,SKU04032,CUST05431,1,203.7,105.31,In-Store,48.3,PROMO032
2025-08-06,RCPT00000337,ST11,SKU02283,CUST05431,1,87.82,87.82,In-Store,0.0,
2025-07-10,RCPT00000338,ST14,SKU00117,CUST05864,2,258.96,517.92,Online,0.0,
2025-07-10,RCPT00000338,ST14,SKU02910,CUST05864,1,143.97,143.97,Online,0.0,
2025-07-10,RCPT00000338,ST14,SKU03271,CUST05864,3,587.02,1761.06,Online,0.0,
2025-07-10,RCPT00000338,ST14,SKU02290,CUST05864,3,173.84,410.96,Online,21.2,PROMO060
2024-09-03,RCPT00000339,ST12,SKU03647,CUST00823,1,1456.54,1456.54,Online,0.0,
2024-03-13,RCPT00000340,ST20,SKU02818,CUST09708,2,76.92,86.46,In-Store,43.8,PROMO075
2025-08-24,RCPT00000341,ST17,SKU00686,CUST09256,3,1242.49,3727.47,Online,0.0,
2025-06-10,RCPT00000342,ST03,SKU04926,CUST03523,3,458.92,1376.76,In-Store,0.0,
2025-06-10,RCPT00000342,ST03,SKU04489,CUST03523,3,251.01,753.03,In-Store,0.0,
2025-06-10,RCPT00000342,ST03,SKU04025,CUST03523,1,542.11,542.11,In-Store,0.0,
2022-01-20,RCPT00000343,ST22,SKU01747,CUST02606,2,705.35,1410.7,Mobile App,0.0,
2025-12-15,RCPT00000344,ST25,SKU02858,CUST04024,1,90.7,90.7,In-Store,0.0,
2024-06-26,RCPT00000345,ST03,SKU01730,CUST08330,1,100.9,78.1,In-Store,22.6,PROMO045
2023-11-13,RCPT00000346,ST28,SKU01045,CUST00902,3,451.29,1353.87,In-Store,0.0,
2023-09-14,RCPT00000347,ST11,SKU01281,CUST00025,5,181.51,792.29,Mobile App,12.7,PROMO010
2023-09-14,RCPT00000347,ST11,SKU00893,CUST00025,2,690.66,1205.89,Mobile App,12.7,PROMO010
2022-04-05,RCPT00000348,ST09,SKU04873,CUST02364,1,1165.65,1165.65,In-Store,0.0,
2022-04-05,RCPT00000348,ST09,SKU01371,CUST02364,1,1277.61,1277.61,In-Store,0.0,
2022-01-28,RCPT00000349,ST26,SKU02912,CUST06510,5,156.0,780.0,In-Store,0.0,
2022-01-28,RCPT00000349,ST26,SKU00286,CUST06510,1,64.45,64.45,In-Store,0.0,
2023-04-22,RCPT00000350,ST23,SKU03625,CUST05954,3,135.59,406.77,In-Store,0.0,
2023-04-22,RCPT00000350,ST23,SKU01371,CUST05954,5,1277.61,6388.05,In-Store,0.0,
2023-04-22,RCPT00000350,ST23,SKU04710,CUST05954,1,1632.84,1632.84,In-Store,0.0,
2023-05-09,RCPT00000351,ST19,SKU02178,CUST08072,1,188.27,188.27,Online,0.0,
2023-05-09,RCPT00000351,ST19,SKU04663,CUST08072,1,715.73,715.73,Online,0.0,
2025-09-18,RCPT00000352,ST21,SKU03088,CUST04058,1,223.55,223.55,In-Store,0.0,
2023-01-30,RCPT00000353,ST30,SKU00810,CUST07363,2,218.62,437.24,Online,0.0,
2023-01-30,RCPT00000353,ST30,SKU00020,CUST07363,3,109.5,328.5,Online,0.0,
2023-02-18,RCPT00000354,ST18,SKU01931,CUST03333,1,1441.93,1441.93,In-Store,0.0,
2024-09-22,RCPT00000355,ST06,SKU01309,CUST09035,1,474.17,474.17,In-Store,0.0,
2025-02-25,RCPT00000356,ST06,SKU00745,CUST04064,1,3612.82,3612.82,Online,0.0,
2025-02-25,RCPT00000356,ST06,SKU04321,CUST04064,1,961.3,961.3,Online,0.0,
2025-02-25,RCPT00000356,ST06,SKU03734,CUST04064,1,441.41,441.41,Online,0.0,
2025-08-12,RCPT00000357,ST11,SKU01700,CUST04391,1,162.9,162.9,In-Store,0.0,
2025-08-12,RCPT00000357,ST11,SKU03149,CUST04391,1,610.58,610.58,In-Store,0.0,
2023-09-29,RCPT00000358,ST01,SKU04321,CUST01077,3,961.3,2883.9,In-Store,0.0,
2023-04-20,RCPT00000359,ST28,SKU01348,CUST09446,1,1179.87,1179.87,In-Store,0.0,
2024-05-20,RCPT00000360,ST29,SKU02812,CUST08880,2,300.07,600.14,In-Store,0.0,
2024-05-20,RCPT00000360,ST29,SKU02532,CUST08880,1,115.67,115.67,In-Store,0.0,
2024-05-20,RCPT00000360,ST29,SKU04321,CUST08880,2,961.3,1922.6,In-Store,0.0,
2024-04-25,RCPT00000361,ST11,SKU02810,CUST09192,1,159.93,159.93,Mobile App,0.0,
2022-02-15,RCPT00000362,ST29,SKU00290,CUST08382,1,235.81,235.81,Online,0.0,
2022-02-15,RCPT00000362,ST29,SKU04321,CUST08382,2,961.3,1922.6,Online,0.0,
2023-12-25,RCPT00000363,ST23,SKU03213,CUST08476,3,226.59,476.52,Online,29.9,PROMO043
2023-02-26,RCPT00000364,ST04,SKU04722,CUST06135,2,328.81,515.57,In-Store,21.6,PROMO066
2023-02-26,RCPT00000364,ST04,SKU01009,CUST06135,1,223.42,223.42,In-Store,0.0,
2024-04-28,RCPT00000365,ST20,SKU04027,CUST06155,2,118.29,236.58,Mobile App,0.0,
2024-04-28,RCPT00000365,ST20,SKU00663,CUST06155,3,1094.0,3282.0,Mobile App,0.0,
2024-04-28,RCPT00000365,ST20,SKU03302,CUST06155,2,426.07,852.14,Mobile App,0.0,
2024-03-15,RCPT00000366,ST11,SKU00286,CUST06441,1,64.45,36.22,Online,43.8,PROMO075
2024-03-15,RCPT00000366,ST11,SKU01435,CUST06441,1,1037.9,583.3,Online,43.8,PROMO075
2023-12-24,RCPT00000367,ST25,SKU01297,CUST06703,1,280.29,196.48,Online,29.9,PROMO043
2023-12-24,RCPT00000367,ST25,SKU02770,CUST06703,1,756.35,530.2,Online,29.9,PROMO043
2024-03-03,RCPT00000368,ST27,SKU03816,CUST06928,1,2031.96,2031.96,In-Store,0.0,
2022-08-04,RCPT00000369,ST19,SKU02195,CUST04960,2,486.3,972.6,In-Store,0.0,
2022-08-04,RCPT00000369,ST19,SKU03213,CUST04960,1,226.59,226.59,In-Store,0.0,
2022-08-04,RCPT00000369,ST19,SKU00427,CUST04960,1,290.82,290.82,In-Store,0.0,
2022-11-12,RCPT00000370,ST04,SKU04913,CUST05129,2,466.91,933.82,Online,0.0,
2024-12-26,RCPT00000371,ST06,SKU00605,CUST07595,4,420.44,1681.76,Online,0.0,
2024-11-22,RCPT00000372,ST05,SKU02497,CUST05041,1,470.03,470.03,Online,0.0,
2024-11-22,RCPT00000372,ST05,SKU03299,CUST05041,1,1035.55,1035.55,Online,0.0,
2024-07-21,RCPT00000373,ST20,SKU04160,CUST00331,5,366.83,1834.15,In-Store,0.0,
2024-07-21,RCPT00000373,ST20,SKU04965,CUST00331,1,83.76,83.76,In-Store,0.0,
2024-07-21,RCPT00000373,ST20,SKU04204,CUST00331,3,714.36,2143.08,In-Store,0.0,
2024-07-21,RCPT00000373,ST20,SKU04318,CUST00331,1,205.5,205.5,In-Store,0.0,
2025-04-04,RCPT00000374,ST07,SKU01434,CUST04027,1,730.42,730.42,Online,0.0,
2023-11-14,RCPT00000375,ST22,SKU00938,CUST05267,1,47.74,47.74,In-Store,0.0,
2022-09-11,RCPT00000376,ST15,SKU00468,CUST02548,1,100.74,100.74,Online,0.0,
2022-09-11,RCPT00000376,ST15,SKU03292,CUST02548,2,164.03,328.06,Online,0.0,
2022-09-11,RCPT00000376,ST15,SKU01201,CUST02548,2,133.28,266.56,Online,0.0,
2022-09-11,RCPT00000376,ST15,SKU01707,CUST02548,3,352.2,1056.6,Online,0.0,
2022-02-16,RCPT00000377,ST14,SKU02686,CUST01198,1,364.96,364.96,In-Store,0.0,
2024-07-08,RCPT00000378,ST01,SKU04321,CUST04076,1,961.3,744.05,Mobile App,22.6,PROMO045
2024-12-27,RCPT00000379,ST29,SKU00242,CUST05468,1,218.49,218.49,In-Store,0.0,
2024-12-17,RCPT00000380,ST15,SKU02921,CUST08165,1,319.54,319.54,In-Store,0.0,
2024-12-17,RCPT00000380,ST15,SKU03137,CUST08165,3,165.23,495.69,In-Store,0.0,
2024-12-17,RCPT00000380,ST15,SKU00354,CUST08165,1,1108.74,1108.74,In-Store,0.0,
2025-03-07,RCPT00000381,ST23,SKU01707,CUST03896,3,352.2,1056.6,Online,0.0,
2022-02-01,RCPT00000382,ST21,SKU00057,CUST06884,3,2287.08,6861.24,In-Store,0.0,
2024-12-09,RCPT00000383,ST13,SKU03133,CUST05409,2,262.89,525.78,Online,0.0,
2024-10-20,RCPT00000384,ST17,SKU04923,CUST00109,3,64.54,193.62,Online,0.0,
2023-08-23,RCPT00000385,ST19,SKU03872,CUST03663,1,403.77,352.49,In-Store,12.7,PROMO010
2022-11-24,RCPT00000386,ST04,SKU02629,CUST03609,3,521.63,1564.89,Mobile App,0.0,
2023-07-31,RCPT00000387,ST12,SKU01047,CUST07984,2,778.4,783.07,Online,49.7,PROMO030
2023-07-31,RCPT00000387,ST12,SKU04604,CUST07984,1,318.32,160.11,Online,49.7,PROMO030
2022-10-16,RCPT00000388,ST09,SKU01655,CUST05180,1,62.18,62.18,Online,0.0,
2022-10-16,RCPT00000388,ST09,SKU04879,CUST05180,1,1631.86,1631.86,Online,0.0,
2022-07-07,RCPT00000389,ST18,SKU02220,CUST09504,4,146.7,586.8,In-Store,0.0,
2023-12-18,RCPT00000390,ST08,SKU02048,CUST05851,1,520.27,520.27,In-Store,0.0,
2023-12-18,RCPT00000390,ST08,SKU04929,CUST05851,1,745.44,745.44,In-Store,0.0,
2022-12-05,RCPT00000391,ST14,SKU00619,CUST08238,1,263.71,263.71,In-Store,0.0,
2022-12-05,RCPT00000391,ST14,SKU00774,CUST08238,3,94.61,283.83,In-Store,0.0,
2022-12-05,RCPT00000391,ST14,SKU00190,CUST08238,1,145.42,145.42,In-Store,0.0,
2022-12-05,RCPT00000391,ST14,SKU01475,CUST08238,1,789.28,789.28,In-Store,0.0,
2022-12-05,RCPT00000391,ST14,SKU02029,CUST08238,1,463.23,374.75,In-Store,19.1,PROMO086
2024-05-22,RCPT00000392,ST20,SKU01371,CUST06844,1,1277.61,1042.53,Online,18.4,PROMO089
2025-01-12,RCPT00000393,ST19,SKU02901,CUST01124,2,1081.76,2163.52,In-Store,0.0,
2025-01-12,RCPT00000393,ST19,SKU03727,CUST01124,2,1660.93,3321.86,In-Store,0.0,
2023-05-06,RCPT00000394,ST11,SKU01469,CUST01078,1,69.23,69.23,Online,0.0,
2023-05-06,RCPT00000394,ST11,SKU01010,CUST01078,1,439.53,439.53,Online,0.0,
2023-05-06,RCPT00000394,ST11,SKU02519,CUST01078,1,421.03,421.03,Online,0.0,
2023-05-06,RCPT00000394,ST11,SKU01799,CUST01078,2,244.14,488.28,Online,0.0,
2022-05-23,RCPT00000395,ST09,SKU03350,CUST00395,3,143.76,431.28,In-Store,0.0,
2022-05-23,RCPT00000395,ST09,SKU02657,CUST00395,4,128.75,515.0,In-Store,0.0,
2024-09-03,RCPT00000396,ST05,SKU04321,CUST04652,2,961.3,1922.6,Online,0.0,
2023-08-22,RCPT00000397,ST18,SKU00669,CUST01519,2,631.77,1103.07,In-Store,12.7,PROMO010
2023-08-11,RCPT00000398,ST09,SKU02462,CUST01007,1,171.89,130.46,Online,24.1,PROMO093
2024-02-18,RCPT00000399,ST29,SKU00921,CUST01171,2,3363.82,6727.64,Mobile App,0.0,
2023-09-17,RCPT00000400,ST03,SKU01187,CUST00613,1,629.38,629.38,Mobile App,0.0,
2023-09-17,RCPT00000400,ST03,SKU00423,CUST00613,2,109.08,218.16,Mobile App,0.0,
2024-04-29,RCPT00000401,ST21,SKU02683,CUST06274,4,371.82,1487.28,In-Store,0.0,
2024-04-29,RCPT00000401,ST21,SKU02672,CUST06274,1,1757.36,1757.36,In-Store,0.0,
2025-04-08,RCPT00000402,ST05,SKU01329,CUST04249,4,61.78,247.12,In-Store,0.0,
2024-04-15,RCPT00000403,ST07,SKU04617,CUST09399,5,774.69,1944.47,In-Store,49.8,PROMO019
2025-06-13,RCPT00000404,ST10,SKU04058,CUST02509,1,74.66,74.66,Online,0.0,
2025-06-13,RCPT00000404,ST10,SKU01371,CUST02509,2,1277.61,2555.22,Online,0.0,
2025-05-30,RCPT00000405,ST03,SKU03415,CUST00147,1,1197.64,1197.64,Online,0.0,
2025-05-30,RCPT00000405,ST03,SKU01635,CUST00147,1,1048.53,1048.53,Online,0.0,
2025-05-30,RCPT00000405,ST03,SKU03390,CUST00147,1,1913.05,1913.05,Online,0.0,
2023-10-16,RCPT00000406,ST22,SKU02268,CUST06370,3,205.47,616.41,In-Store,0.0,
2023-10-16,RCPT00000406,ST22,SKU03546,CUST06370,5,496.17,2480.85,In-Store,0.0,
2025-10-02,RCPT00000407,ST29,SKU02071,CUST05059,1,179.94,179.94,In-Store,0.0,
2025-10-02,RCPT00000407,ST29,SKU00001,CUST05059,2,813.41,1626.82,In-Store,0.0,
2023-07-02,RCPT00000408,ST29,SKU00781,CUST05094,1,459.08,459.08,In-Store,0.0,
2023-07-02,RCPT00000408,ST29,SKU01775,CUST05094,2,204.15,408.3,In-Store,0.0,
2023-07-02,RCPT00000408,ST29,SKU02077,CUST05094,1,448.21,448.21,In-Store,0.0,
2023-07-02,RCPT00000408,ST29,SKU03088,CUST05094,1,223.55,223.55,In-Store,0.0,
2025-12-04,RCPT00000409,ST03,SKU04782,CUST02511,4,1639.0,6556.0,Mobile App,0.0,
2025-12-04,RCPT00000409,ST03,SKU02688,CUST02511,4,1861.79,7447.16,Mobile App,0.0,
2025-12-04,RCPT00000409,ST03,SKU02988,CUST02511,2,252.98,505.96,Mobile App,0.0,
2025-03-22,RCPT00000410,ST28,SKU02213,CUST04249,1,187.12,187.12,In-Store,0.0,
2025-03-22,RCPT00000410,ST28,SKU04789,CUST04249,1,67.08,67.08,In-Store,0.0,
2025-03-22,RCPT00000410,ST28,SKU04181,CUST04249,4,63.14,252.56,In-Store,0.0,
2025-12-05,RCPT00000411,ST07,SKU02317,CUST04655,1,287.3,287.3,In-Store,0.0,
2023-04-13,RCPT00000412,ST18,SKU01326,CUST06294,1,248.26,193.89,Online,21.9,PROMO046
2023-04-10,RCPT00000413,ST07,SKU01255,CUST00841,1,182.77,142.74,Mobile App,21.9,PROMO046
2023-04-10,RCPT00000413,ST07,SKU01061,CUST00841,1,797.99,623.23,Mobile App,21.9,PROMO046
2023-04-10,RCPT00000413,ST07,SKU04321,CUST00841,5,961.3,3753.88,Mobile App,21.9,PROMO046
2024-09-19,RCPT00000414,ST19,SKU04574,CUST07434,4,71.96,287.84,In-Store,0.0,
2024-09-19,RCPT00000414,ST19,SKU01820,CUST07434,3,89.1,267.3,In-Store,0.0,
2023-04-26,RCPT00000415,ST29,SKU01775,CUST06622,2,204.15,408.3,In-Store,0.0,
2023-04-26,RCPT00000415,ST29,SKU01488,CUST06622,1,612.26,612.26,In-Store,0.0,
2022-10-21,RCPT00000416,ST28,SKU02466,CUST03026,2,1967.8,3935.6,Mobile App,0.0,
2024-10-10,RCPT00000417,ST08,SKU02852,CUST00144,2,1937.58,3875.16,Mobile App,0.0,
2025-08-10,RCPT00000418,ST12,SKU03046,CUST06484,5,109.87,549.35,In-Store,0.0,
2022-08-22,RCPT00000419,ST15,SKU04856,CUST02250,1,245.47,245.47,In-Store,0.0,
2023-01-20,RCPT00000420,ST30,SKU02138,CUST06168,4,799.69,3198.76,Online,0.0,
2023-01-20,RCPT00000420,ST30,SKU03071,CUST06168,4,1229.09,4916.36,Online,0.0,
2025-06-19,RCPT00000421,ST19,SKU01843,CUST02592,1,407.44,407.44,In-Store,0.0,
2023-06-08,RCPT00000422,ST20,SKU03433,CUST00742,1,162.07,97.4,Online,39.9,PROMO040
2023-06-08,RCPT00000422,ST20,SKU03727,CUST00742,1,1660.93,998.22,Online,39.9,PROMO040
2023-06-08,RCPT00000422,ST20,SKU02234,CUST00742,1,309.33,185.91,Online,39.9,PROMO040
2024-08-13,RCPT00000423,ST05,SKU04321,CUST06181,1,961.3,961.3,In-Store,0.0,
2023-09-15,RCPT00000424,ST16,SKU04046,CUST07403,1,114.83,100.25,In-Store,12.7,PROMO010
2023-09-15,RCPT00000424,ST16,SKU00953,CUST07403,3,273.99,717.58,In-Store,12.7,PROMO010
2025-06-02,RCPT00000425,ST06,SKU00942,CUST01401,3,172.9,518.7,In-Store,0.0,
2024-06-03,RCPT00000426,ST08,SKU03535,CUST06520,1,178.62,98.42,Online,44.9,PROMO065
2024-06-03,RCPT00000426,ST08,SKU00599,CUST06520,2,46.97,51.76,Online,44.9,PROMO065
2024-06-03,RCPT00000426,ST08,SKU04321,CUST06520,4,961.3,3845.2,Online,0.0,
2024-06-03,RCPT00000426,ST08,SKU03048,CUST06520,1,1226.44,675.77,Online,44.9,PROMO065
2024-06-18,RCPT00000427,ST06,SKU04321,CUST04124,3,961.3,2477.27,In-Store,14.1,PROMO023
2024-06-18,RCPT00000427,ST06,SKU00624,CUST04124,2,2367.38,4067.16,In-Store,14.1,PROMO023
2024-04-13,RCPT00000428,ST29,SKU01280,CUST03341,1,593.19,297.78,In-Store,49.8,PROMO019
2023-11-01,RCPT00000429,ST07,SKU04381,CUST06499,4,192.07,768.28,In-Store,0.0,
2025-11-06,RCPT00000430,ST25,SKU02543,CUST08690,2,1956.24,3912.48,Online,0.0,
2024-04-10,RCPT00000431,ST17,SKU04450,CUST07049,1,507.9,254.97,Mobile App,49.8,PROMO019
2024-04-10,RCPT00000431,ST17,SKU03058,CUST07049,3,1202.99,1811.7,Mobile App,49.8,PROMO019
2024-11-14,RCPT00000432,ST30,SKU03274,CUST00856,2,156.95,313.9,Online,0.0,
2025-10-20,RCPT00000433,ST02,SKU04321,CUST03001,2,961.3,1922.6,Online,0.0,
2025-11-10,RCPT00000434,ST14,SKU02141,CUST09111,3,471.88,1415.64,Mobile App,0.0,
2025-11-10,RCPT00000434,ST14,SKU04321,CUST09111,1,961.3,961.3,Mobile App,0.0,
2025-11-10,RCPT00000434,ST14,SKU01648,CUST09111,3,46.69,140.07,Mobile App,0.0,
2025-11-10,RCPT00000434,ST14,SKU02413,CUST09111,2,1072.22,2144.44,Mobile App,0.0,
2024-11-13,RCPT00000435,ST05,SKU03120,CUST03617,4,188.39,753.56,In-Store,0.0,
2024-11-13,RCPT00000435,ST05,SKU04596,CUST03617,2,335.55,671.1,In-Store,0.0,
2024-11-13,RCPT00000435,ST05,SKU02482,CUST03617,2,1297.95,2595.9,In-Store,0.0,
2024-09-09,RCPT00000436,ST10,SKU01009,CUST02255,2,223.42,446.84,In-Store,0.0,
2024-09-09,RCPT00000436,ST10,SKU00009,CUST02255,1,251.86,251.86,In-Store,0.0,
2023-06-25,RCPT00000437,ST26,SKU03024,CUST06000,4,280.12,1120.48,Mobile App,0.0,
2023-06-25,RCPT00000437,ST26,SKU02482,CUST06000,2,1297.95,2595.9,Mobile App,0.0,
2022-10-17,RCPT00000438,ST08,SKU00484,CUST00430,3,179.04,537.12,In-Store,0.0,
2022-10-17,RCPT00000438,ST08,SKU00445,CUST00430,1,87.15,87.15,In-Store,0.0,
2022-06-02,RCPT00000439,ST03,SKU03423,CUST00017,1,387.84,221.84,In-Store,42.8,PROMO022
2025-02-18,RCPT00000440,ST21,SKU00922,CUST06708,1,60.32,33.6,In-Store,44.3,PROMO041
2025-02-18,RCPT00000440,ST21,SKU00506,CUST06708,3,319.73,534.27,In-Store,44.3,PROMO041
2025-02-18,RCPT00000440,ST21,SKU04329,CUST06708,3,2452.07,4097.41,In-Store,44.3,PROMO041
2025-02-18,RCPT00000440,ST21,SKU00047,CUST06708,2,289.44,322.44,In-Store,44.3,PROMO041
2022-10-13,RCPT00000441,ST01,SKU01023,CUST02586,1,526.16,526.16,In-Store,0.0,
2022-10-13,RCPT00000441,ST01,SKU03754,CUST02586,4,421.65,1686.6,In-Store,0.0,
2023-01-02,RCPT00000442,ST12,SKU02266,CUST04886,2,515.66,1031.32,Online,0.0,
2023-01-02,RCPT00000442,ST12,SKU03713,CUST04886,2,197.54,395.08,Online,0.0,
2025-03-30,RCPT00000443,ST11,SKU04899,CUST05974,4,222.1,888.4,In-Store,0.0,
2023-03-14,RCPT00000444,ST22,SKU02930,CUST09171,2,170.16,316.5,In-Store,7.0,PROMO002
2022-06-28,RCPT00000445,ST07,SKU02303,CUST08092,2,180.7,361.4,Online,0.0,
2022-06-28,RCPT00000445,ST07,SKU01101,CUST08092,2,126.22,252.44,Online,0.0,
2022-06-28,RCPT00000445,ST07,SKU04551,CUST08092,2,2498.23,4996.46,Online,0.0,
2022-06-28,RCPT00000445,ST07,SKU04321,CUST08092,1,961.3,961.3,Online,0.0,
2024-06-18,RCPT00000446,ST28,SKU04405,CUST06663,1,1244.17,1068.74,Online,14.1,PROMO023
2024-06-18,RCPT00000446,ST28,SKU02924,CUST06663,1,1530.37,1314.59,Online,14.1,PROMO023
2022-09-13,RCPT00000447,ST10,SKU03707,CUST07837,2,247.37,494.74,Online,0.0,
2022-09-13,RCPT00000447,ST10,SKU04321,CUST07837,1,961.3,961.3,Online,0.0,
2024-01-26,RCPT00000448,ST21,SKU02543,CUST05671,1,1956.24,1013.33,In-Store,48.2,PROMO069
2024-01-26,RCPT00000448,ST21,SKU02003,CUST05671,2,607.33,629.19,In-Store,48.2,PROMO069
2024-12-05,RCPT00000449,ST21,SKU03546,CUST00949,5,496.17,2480.85,In-Store,0.0,
2024-12-05,RCPT00000449,ST21,SKU03971,CUST00949,1,1736.31,1736.31,In-Store,0.0,
2024-12-20,RCPT00000450,ST24,SKU02176,CUST06625,1,989.87,989.87,Online,0.0,
2024-12-20,RCPT00000450,ST24,SKU00441,CUST06625,1,2730.45,2730.45,Online,0.0,
2023-04-18,RCPT00000451,ST18,SKU01784,CUST05165,3,168.81,395.52,In-Store,21.9,PROMO046
2023-04-18,RCPT00000451,ST18,SKU00515,CUST05165,1,1273.91,994.92,In-Store,21.9,PROMO046
2023-10-15,RCPT00000452,ST21,SKU03292,CUST02330,1,164.03,164.03,Online,0.0,
2023-10-15,RCPT00000452,ST21,SKU02973,CUST02330,1,242.96,242.96,Online,0.0,
2023-10-15,RCPT00000452,ST21,SKU00739,CUST02330,3,332.0,996.0,Online,0.0,
2023-10-15,RCPT00000452,ST21,SKU03054,CUST02330,2,90.66,181.32,Online,0.0,
2022-07-05,RCPT00000453,ST29,SKU00249,CUST04930,4,243.38,973.52,In-Store,0.0,
2022-03-18,RCPT00000454,ST22,SKU01624,CUST07963,1,498.35,498.35,In-Store,0.0,
2022-01-21,RCPT00000455,ST29,SKU02063,CUST05568,3,429.58,1288.74,Mobile App,0.0,
2022-01-21,RCPT00000455,ST29,SKU00792,CUST05568,1,665.85,665.85,Mobile App,0.0,
2022-01-21,RCPT00000455,ST29,SKU02980,CUST05568,4,1789.14,7156.56,Mobile App,0.0,
2022-12-05,RCPT00000456,ST29,SKU00102,CUST02127,3,111.77,335.31,In-Store,0.0,
2022-12-05,RCPT00000456,ST29,SKU02381,CUST02127,1,987.93,987.93,In-Store,0.0,
2023-08-03,RCPT00000457,ST19,SKU02353,CUST06157,1,747.09,375.79,In-Store,49.7,PROMO030
2022-09-27,RCPT00000458,ST19,SKU01083,CUST02568,1,421.04,421.04,Online,0.0,
2023-11-22,RCPT00000459,ST09,SKU04154,CUST07020,1,351.77,351.77,Online,0.0,
2022-04-04,RCPT00000460,ST11,SKU04227,CUST04288,1,283.28,283.28,Online,0.0,
2022-04-04,RCPT00000460,ST11,SKU04321,CUST04288,4,961.3,3845.2,Online,0.0,
2022-04-04,RCPT00000460,ST11,SKU04446,CUST04288,1,142.26,142.26,Online,0.0,
2022-04-04,RCPT00000460,ST11,SKU00371,CUST04288,1,515.75,515.75,Online,0.0,
2025-07-21,RCPT00000461,ST13,SKU03512,CUST05582,2,439.58,879.16,In-Store,0.0,
2025-07-21,RCPT00000461,ST13,SKU03439,CUST05582,1,1316.84,1316.84,In-Store,0.0,
2025-07-21,RCPT00000461,ST13,SKU02046,CUST05582,3,2009.47,6028.41,In-Store,0.0,
2025-07-21,RCPT00000461,ST13,SKU00675,CUST05582,2,942.87,1885.74,In-Store,0.0,
2025-08-29,RCPT00000462,ST24,SKU00050,CUST08235,1,34.08,34.08,In-Store,0.0,
2025-08-29,RCPT00000462,ST24,SKU00635,CUST08235,1,153.34,153.34,In-Store,0.0,
2025-08-29,RCPT00000462,ST24,SKU03259,CUST08235,2,602.04,1204.08,In-Store,0.0,
2025-10-18,RCPT00000463,ST21,SKU03840,CUST07104,1,255.12,255.12,In-Store,0.0,
2023-09-16,RCPT00000464,ST08,SKU04303,CUST02300,1,205.17,205.17,In-Store,0.0,
2022-06-15,RCPT00000465,ST04,SKU02692,CUST03246,3,2095.03,3595.07,Online,42.8,PROMO022
2022-06-15,RCPT00000465,ST04,SKU00554,CUST03246,2,88.32,101.04,Online,42.8,PROMO022
2024-09-03,RCPT00000466,ST22,SKU02368,CUST03161,1,849.39,849.39,In-Store,0.0,
2024-11-01,RCPT00000467,ST07,SKU04596,CUST04650,3,335.55,1006.65,In-Store,0.0,
2023-04-04,RCPT00000468,ST12,SKU04413,CUST07976,5,460.58,2302.9,In-Store,0.0,
2023-04-04,RCPT00000468,ST12,SKU04499,CUST07976,1,310.76,310.76,In-Store,0.0,
2025-12-24,RCPT00000469,ST11,SKU00953,CUST03821,3,273.99,821.97,In-Store,0.0,
2025-12-24,RCPT00000469,ST11,SKU03342,CUST03821,1,445.26,445.26,In-Store,0.0,
2025-12-24,RCPT00000469,ST11,SKU03663,CUST03821,1,2474.65,2474.65,In-Store,0.0,
2025-12-24,RCPT00000469,ST11,SKU04604,CUST03821,1,318.32,318.32,In-Store,0.0,
2023-06-27,RCPT00000470,ST05,SKU03113,CUST09836,2,1211.82,2423.64,In-Store,0.0,
2023-06-27,RCPT00000470,ST05,SKU04551,CUST09836,1,2498.23,2498.23,In-Store,0.0,
2025-12-26,RCPT00000471,ST14,SKU02791,CUST07344,2,485.0,970.0,Mobile App,0.0,
2024-05-27,RCPT00000472,ST09,SKU01431,CUST03118,1,305.88,305.88,In-Store,0.0,
2024-05-27,RCPT00000472,ST09,SKU00142,CUST03118,1,135.03,135.03,In-Store,0.0,
2024-05-27,RCPT00000472,ST09,SKU00994,CUST03118,1,602.13,491.34,In-Store,18.4,PROMO089
2024-05-27,RCPT00000472,ST09,SKU04596,CUST03118,3,335.55,1006.65,In-Store,0.0,
2024-05-27,RCPT00000472,ST09,SKU01452,CUST03118,1,1517.49,1517.49,In-Store,0.0,
2025-05-19,RCPT00000473,ST11,SKU03693,CUST00114,2,1381.82,2763.64,Online,0.0,
2025-05-19,RCPT00000473,ST11,SKU01044,CUST00114,3,2603.87,7811.61,Online,0.0,
2023-02-18,RCPT00000474,ST15,SKU01653,CUST01666,2,550.27,1100.54,Online,0.0,
2023-02-18,RCPT00000474,ST15,SKU00285,CUST01666,1,505.67,505.67,Online,0.0,
2023-02-18,RCPT00000474,ST15,SKU02891,CUST01666,2,514.58,1029.16,Online,0.0,
2025-05-05,RCPT00000475,ST21,SKU03793,CUST02236,2,232.87,465.74,In-Store,0.0,
2025-05-05,RCPT00000475,ST21,SKU01438,CUST02236,1,298.01,298.01,In-Store,0.0,
2022-04-02,RCPT00000476,ST27,SKU02462,CUST03258,1,171.89,171.89,Mobile App,0.0,
2022-09-18,RCPT00000477,ST17,SKU03693,CUST07544,1,1381.82,1381.82,Online,0.0,
2022-09-18,RCPT00000477,ST17,SKU03309,CUST07544,1,983.01,983.01,Online,0.0,
2023-11-03,RCPT00000478,ST06,SKU02587,CUST03124,2,499.23,998.46,Mobile App,0.0,
2023-11-03,RCPT00000478,ST06,SKU02657,CUST03124,1,128.75,128.75,Mobile App,0.0,
2023-11-03,RCPT00000478,ST06,SKU02528,CUST03124,1,1972.76,1098.83,Mobile App,44.3,PROMO048
2022-10-25,RCPT00000479,ST08,SKU02818,CUST01489,2,76.92,153.84,Mobile App,0.0,
2022-10-25,RCPT00000479,ST08,SKU00994,CUST01489,2,602.13,1204.26,Mobile App,0.0,
2022-10-25,RCPT00000479,ST08,SKU04342,CUST01489,1,60.73,60.73,Mobile App,0.0,
2022-11-29,RCPT00000480,ST20,SKU00889,CUST07801,2,437.44,874.88,In-Store,0.0,
2025-06-20,RCPT00000481,ST30,SKU04119,CUST07123,3,475.6,1426.8,Online,0.0,
2025-08-16,RCPT00000482,ST15,SKU00854,CUST07993,3,1449.64,4348.92,Mobile App,0.0,
2025-08-16,RCPT00000482,ST15,SKU00860,CUST07993,1,680.17,680.17,Mobile App,0.0,
2025-08-16,RCPT00000482,ST15,SKU00002,CUST07993,2,70.38,140.76,Mobile App,0.0,
2025-08-16,RCPT00000482,ST15,SKU04321,CUST07993,1,961.3,961.3,Mobile App,0.0,
2025-08-16,RCPT00000482,ST15,SKU04596,CUST07993,1,335.55,335.55,Mobile App,0.0,
2022-04-19,RCPT00000483,ST29,SKU01629,CUST07854,2,94.03,188.06,Online,0.0,
2022-04-19,RCPT00000483,ST29,SKU01820,CUST07854,2,89.1,178.2,Online,0.0,
2022-04-19,RCPT00000483,ST29,SKU02517,CUST07854,2,84.6,169.2,Online,0.0,
2025-12-09,RCPT00000484,ST29,SKU00841,CUST05128,1,604.4,604.4,Online,0.0,
2023-12-20,RCPT00000485,ST09,SKU03292,CUST00435,1,164.03,164.03,Online,0.0,
2023-05-19,RCPT00000486,ST17,SKU03348,CUST08911,2,285.9,571.8,Online,0.0,
2023-05-19,RCPT00000486,ST17,SKU01556,CUST08911,5,1701.38,8506.9,Online,0.0,
2023-05-19,RCPT00000486,ST17,SKU00682,CUST08911,1,138.95,138.95,Online,0.0,
2023-05-19,RCPT00000486,ST17,SKU00685,CUST08911,1,2583.23,2583.23,Online,0.0,
2024-11-11,RCPT00000487,ST28,SKU01022,CUST02345,3,859.9,2579.7,In-Store,0.0,
2024-11-11,RCPT00000487,ST28,SKU01842,CUST02345,1,348.33,348.33,In-Store,0.0,
2024-11-11,RCPT00000487,ST28,SKU03027,CUST02345,1,724.38,724.38,In-Store,0.0,
2025-04-10,RCPT00000488,ST21,SKU04304,CUST03770,2,393.38,786.76,Mobile App,0.0,
2025-04-10,RCPT00000488,ST21,SKU01044,CUST03770,4,2603.87,10415.48,Mobile App,0.0,
2022-10-09,RCPT00000489,ST19,SKU04747,CUST05531,1,1085.05,1085.05,In-Store,0.0,
2022-10-09,RCPT00000489,ST19,SKU04372,CUST05531,1,1628.24,1628.24,In-Store,0.0,
2022-07-22,RCPT00000490,ST17,SKU00839,CUST09617,1,83.64,83.64,In-Store,0.0,
2022-07-22,RCPT00000490,ST17,SKU00255,CUST09617,1,158.86,158.86,In-Store,0.0,
2022-07-22,RCPT00000490,ST17,SKU03584,CUST09617,4,48.59,194.36,In-Store,0.0,
2022-07-22,RCPT00000490,ST17,SKU02147,CUST09617,1,136.69,136.69,In-Store,0.0,
2023-02-06,RCPT00000491,ST24,SKU01333,CUST09105,2,87.58,175.16,Online,0.0,
2023-02-06,RCPT00000491,ST24,SKU04618,CUST09105,2,433.58,867.16,Online,0.0,
2022-01-11,RCPT00000492,ST05,SKU01908,CUST04191,1,2110.37,2110.37,In-Store,0.0,
2022-01-11,RCPT00000492,ST05,SKU01466,CUST04191,1,34.29,34.29,In-Store,0.0,
2022-01-11,RCPT00000492,ST05,SKU04847,CUST04191,2,630.96,1261.92,In-Store,0.0,
2022-01-11,RCPT00000492,ST05,SKU04321,CUST04191,1,961.3,961.3,In-Store,0.0,
2022-01-11,RCPT00000492,ST05,SKU01716,CUST04191,2,621.03,1242.06,In-Store,0.0,
2024-12-17,RCPT00000493,ST27,SKU01203,CUST00454,1,505.24,505.24,Online,0.0,
2024-12-17,RCPT00000493,ST27,SKU04224,CUST00454,1,2360.61,2360.61,Online,0.0,
2023-10-24,RCPT00000494,ST25,SKU00299,CUST03211,1,842.06,842.06,Online,0.0,
2023-10-24,RCPT00000494,ST25,SKU03263,CUST03211,1,74.64,74.64,Online,0.0,
2023-10-24,RCPT00000494,ST25,SKU02676,CUST03211,3,1953.1,3263.63,Online,44.3,PROMO048
2023-12-29,RCPT00000495,ST10,SKU03473,CUST06585,1,195.88,137.31,Online,29.9,PROMO043
2025-12-08,RCPT00000496,ST28,SKU03053,CUST08479,1,4086.72,4086.72,Online,0.0,
2025-03-21,RCPT00000497,ST20,SKU01377,CUST00069,2,131.24,262.48,In-Store,0.0,
2022-09-26,RCPT00000498,ST03,SKU01902,CUST01051,4,65.43,261.72,Online,0.0,
2022-12-03,RCPT00000499,ST11,SKU04154,CUST06249,2,351.77,703.54,Mobile App,0.0,
2024-08-24,RCPT00000500,ST15,SKU04321,CUST04156,4,961.3,3845.2,Online,0.0,
2024-09-04,RCPT00000501,ST05,SKU00831,CUST03065,1,950.49,950.49,Mobile App,0.0,
2024-09-04,RCPT00000501,ST05,SKU03432,CUST03065,3,2629.94,7889.82,Mobile App,0.0,
2024-09-04,RCPT00000501,ST05,SKU02919,CUST03065,1,117.84,117.84,Mobile App,0.0,
2024-09-04,RCPT00000501,ST05,SKU01843,CUST03065,1,407.44,407.44,Mobile App,0.0,
2024-08-31,RCPT00000502,ST23,SKU00982,CUST04526,1,1475.54,1475.54,In-Store,0.0,
2024-08-31,RCPT00000502,ST23,SKU04981,CUST04526,4,149.4,597.6,In-Store,0.0,
2024-08-31,RCPT00000502,ST23,SKU04321,CUST04526,3,961.3,2883.9,In-Store,0.0,
2022-01-27,RCPT00000503,ST03,SKU00644,CUST03659,2,942.82,1885.64,In-Store,0.0,
2022-01-27,RCPT00000503,ST03,SKU01871,CUST03659,2,155.25,310.5,In-Store,0.0,
2025-12-05,RCPT00000504,ST04,SKU00280,CUST02203,5,469.64,2348.2,In-Store,0.0,
2025-07-08,RCPT00000505,ST12,SKU01028,CUST08923,2,120.24,240.48,In-Store,0.0,
2024-03-03,RCPT00000506,ST28,SKU00996,CUST06171,1,117.61,117.61,Mobile App,0.0,
2023-05-01,RCPT00000507,ST22,SKU00942,CUST06198,1,172.9,172.9,Online,0.0,
2023-05-01,RCPT00000507,ST22,SKU00173,CUST06198,1,1096.68,1096.68,Online,0.0,
2023-05-01,RCPT00000507,ST22,SKU02556,CUST06198,2,245.0,490.0,Online,0.0,
2025-02-15,RCPT00000508,ST07,SKU02858,CUST06836,1,90.7,50.52,In-Store,44.3,PROMO041
2024-05-01,RCPT00000509,ST17,SKU02265,CUST00299,1,846.76,846.76,Online,0.0,
2024-05-01,RCPT00000509,ST17,SKU04726,CUST00299,1,789.0,789.0,Online,0.0,
2022-05-04,RCPT00000510,ST20,SKU02146,CUST01963,2,2331.97,4663.94,In-Store,0.0,
2022-05-04,RCPT00000510,ST20,SKU00115,CUST01963,1,45.82,45.82,In-Store,0.0,
2022-05-04,RCPT00000510,ST20,SKU04572,CUST01963,3,1130.67,3392.01,In-Store,0.0,
2023-05-11,RCPT00000511,ST29,SKU03787,CUST07422,1,694.67,694.67,Online,0.0,
2025-02-23,RCPT00000512,ST10,SKU00782,CUST00752,3,1731.92,2894.04,In-Store,44.3,PROMO041
2025-02-23,RCPT00000512,ST10,SKU01836,CUST00752,2,1656.58,1845.43,In-Store,44.3,PROMO041
2024-10-18,RCPT00000513,ST07,SKU00027,CUST03911,1,608.24,608.24,In-Store,0.0,
2025-06-12,RCPT00000514,ST23,SKU00910,CUST04999,2,313.65,627.3,Online,0.0,
2025-06-12,RCPT00000514,ST23,SKU02071,CUST04999,3,179.94,539.82,Online,0.0,
2022-02-13,RCPT00000515,ST11,SKU01870,CUST07857,1,226.16,226.16,In-Store,0.0,
2022-02-13,RCPT00000515,ST11,SKU01641,CUST07857,1,759.85,390.56,In-Store,48.6,PROMO037
2023-04-09,RCPT00000516,ST06,SKU01657,CUST02693,1,230.15,179.75,Online,21.9,PROMO046
2025-05-25,RCPT00000517,ST14,SKU00539,CUST04552,3,199.63,598.89,In-Store,0.0,
2025-05-25,RCPT00000517,ST14,SKU04411,CUST04552,1,412.29,412.29,In-Store,0.0,
2025-05-25,RCPT00000517,ST14,SKU04321,CUST04552,1,961.3,961.3,In-Store,0.0,
2025-05-25,RCPT00000517,ST14,SKU01801,CUST04552,1,948.83,948.83,In-Store,0.0,
2022-05-03,RCPT00000518,ST29,SKU03021,CUST08528,1,1165.36,1165.36,In-Store,0.0,
2025-09-18,RCPT00000519,ST19,SKU02994,CUST02289,3,708.55,1889.7,In-Store,11.1,PROMO006
2023-08-14,RCPT00000520,ST12,SKU00535,CUST05544,5,189.1,945.5,Online,0.0,
2023-08-14,RCPT00000520,ST12,SKU03138,CUST05544,2,99.25,198.5,Online,0.0,
2023-08-14,RCPT00000520,ST12,SKU04381,CUST05544,4,192.07,768.28,Online,0.0,
2025-01-25,RCPT00000521,ST26,SKU01775,CUST06692,2,204.15,408.3,Online,0.0,
2025-01-25,RCPT00000521,ST26,SKU03465,CUST06692,3,2905.8,7322.62,Online,16.0,PROMO035
2025-01-25,RCPT00000521,ST26,SKU03233,CUST06692,1,334.11,334.11,Online,0.0,
2025-01-25,RCPT00000521,ST26,SKU03676,CUST06692,1,1392.72,1392.72,Online,0.0,
2025-11-03,RCPT00000522,ST01,SKU00275,CUST07946,2,188.3,376.6,In-Store,0.0,
2024-02-11,RCPT00000523,ST14,SKU03088,CUST06074,2,223.55,447.1,Mobile App,0.0,
2024-02-11,RCPT00000523,ST14,SKU04321,CUST06074,1,961.3,961.3,Mobile App,0.0,
2024-02-11,RCPT00000523,ST14,SKU01057,CUST06074,2,251.59,503.18,Mobile App,0.0,
2024-02-11,RCPT00000523,ST14,SKU03531,CUST06074,1,1772.13,1772.13,Mobile App,0.0,
2024-10-10,RCPT00000524,ST25,SKU04860,CUST04682,3,142.95,322.5,In-Store,24.8,PROMO042
2024-10-10,RCPT00000524,ST25,SKU00201,CUST04682,3,848.32,2544.96,In-Store,0.0,
2023-07-05,RCPT00000525,ST06,SKU04792,CUST01064,1,429.4,429.4,In-Store,0.0,
2023-07-05,RCPT00000525,ST06,SKU04883,CUST01064,1,399.81,399.81,In-Store,0.0,
2023-02-12,RCPT00000526,ST18,SKU02036,CUST03363,1,207.39,207.39,Online,0.0,
2023-02-12,RCPT00000526,ST18,SKU01870,CUST03363,1,226.16,226.16,Online,0.0,
2023-02-12,RCPT00000526,ST18,SKU03727,CUST03363,1,1660.93,1660.93,Online,0.0,
2023-02-12,RCPT00000526,ST18,SKU01898,CUST03363,1,304.55,304.55,Online,0.0,
2023-02-12,RCPT00000526,ST18,SKU00254,CUST03363,1,105.55,105.55,Online,0.0,
2023-05-25,RCPT00000527,ST15,SKU02027,CUST01008,3,152.04,456.12,Online,0.0,
2023-05-25,RCPT00000527,ST15,SKU03471,CUST01008,1,281.87,281.87,Online,0.0,
2023-05-25,RCPT00000527,ST15,SKU02515,CUST01008,2,123.38,246.76,Online,0.0,
2022-10-16,RCPT00000528,ST03,SKU00711,CUST04163,3,107.95,323.85,In-Store,0.0,
2023-05-14,RCPT00000529,ST13,SKU01485,CUST03864,2,476.18,952.36,Online,0.0,
2025-11-16,RCPT00000530,ST10,SKU01530,CUST09634,2,295.91,591.82,In-Store,0.0,
2024-12-10,RCPT00000531,ST21,SKU00554,CUST05340,1,88.32,88.32,In-Store,0.0,
2022-10-09,RCPT00000532,ST07,SKU03972,CUST05310,1,257.16,257.16,In-Store,0.0,
2022-10-09,RCPT00000532,ST07,SKU02833,CUST05310,3,3924.53,11773.59,In-Store,0.0,
2024-06-13,RCPT00000533,ST07,SKU00089,CUST01945,1,316.27,271.68,In-Store,14.1,PROMO023
2024-06-13,RCPT00000533,ST07,SKU02719,CUST01945,3,1796.28,4629.01,In-Store,14.1,PROMO023
2024-04-26,RCPT00000535,ST29,SKU04409,CUST03249,1,2585.87,2585.87,Online,0.0,
2024-04-26,RCPT00000535,ST29,SKU01037,CUST03249,2,178.07,335.13,Online,5.9,PROMO016
2022-05-11,RCPT00000536,ST19,SKU02543,CUST01607,1,1956.24,1956.24,Online,0.0,
2023-06-07,RCPT00000537,ST07,SKU01371,CUST03439,1,1277.61,767.84,In-Store,39.9,PROMO040
2025-06-30,RCPT00000538,ST13,SKU04596,CUST04003,2,335.55,671.1,In-Store,0.0,
2025-11-27,RCPT00000539,ST14,SKU00441,CUST05822,3,2730.45,8191.35,In-Store,0.0,
2025-11-27,RCPT00000539,ST14,SKU03676,CUST05822,1,1392.72,1392.72,In-Store,0.0,
2024-02-09,RCPT00000540,ST11,SKU02404,CUST00991,1,28.16,28.16,Mobile App,0.0,
2022-12-01,RCPT00000541,ST27,SKU02846,CUST01519,2,1875.69,3034.87,In-Store,19.1,PROMO086
2023-01-12,RCPT00000542,ST01,SKU02141,CUST01760,1,471.88,471.88,In-Store,0.0,
2024-08-20,RCPT00000543,ST10,SKU03500,CUST06987,1,1732.5,1732.5,In-Store,0.0,
2024-08-20,RCPT00000543,ST10,SKU00942,CUST06987,3,172.9,518.7,In-Store,0.0,
2024-08-20,RCPT00000543,ST10,SKU04900,CUST06987,1,1236.82,1236.82,In-Store,0.0,
2024-08-08,RCPT00000544,ST03,SKU00079,CUST05505,1,197.9,197.9,Online,0.0,
2022-06-22,RCPT00000545,ST22,SKU02968,CUST05208,1,1011.61,1011.61,In-Store,0.0,
2022-06-22,RCPT00000545,ST22,SKU00272,CUST05208,2,1227.28,2454.56,In-Store,0.0,
2022-11-07,RCPT00000546,ST05,SKU04913,CUST06945,2,466.91,933.82,Mobile App,0.0,
2022-11-07,RCPT00000546,ST05,SKU00776,CUST06945,3,94.31,282.93,Mobile App,0.0,
2022-11-07,RCPT00000546,ST05,SKU00953,CUST06945,1,273.99,273.99,Mobile App,0.0,
2023-01-10,RCPT00000547,ST16,SKU03444,CUST09996,1,386.65,386.65,In-Store,0.0,
2025-03-08,RCPT00000548,ST30,SKU01775,CUST04097,2,204.15,408.3,Mobile App,0.0,
2023-07-09,RCPT00000549,ST18,SKU02819,CUST04777,1,1160.88,1160.88,Mobile App,0.0,
2023-07-09,RCPT00000549,ST18,SKU02140,CUST04777,3,278.82,836.46,Mobile App,0.0,
2023-07-09,RCPT00000549,ST18,SKU02591,CUST04777,1,124.36,124.36,Mobile App,0.0,
2023-07-09,RCPT00000549,ST18,SKU02751,CUST04777,1,648.07,648.07,Mobile App,0.0,
2022-12-15,RCPT00000550,ST03,SKU04194,CUST07280,1,201.25,201.25,In-Store,0.0,
2022-12-15,RCPT00000550,ST03,SKU00800,CUST07280,1,207.83,207.83,In-Store,0.0,
2024-09-02,RCPT00000551,ST29,SKU02068,CUST06693,1,249.89,249.89,Online,0.0,
2022-01-31,RCPT00000552,ST02,SKU02657,CUST01349,1,128.75,128.75,In-Store,0.0,
2024-03-12,RCPT00000553,ST02,SKU04321,CUST08793,1,961.3,540.25,Online,43.8,PROMO075
2025-12-09,RCPT00000554,ST05,SKU02609,CUST04292,1,391.85,391.85,Mobile App,0.0,
2025-12-09,RCPT00000554,ST05,SKU04626,CUST04292,4,468.52,1874.08,Mobile App,0.0,
2025-12-09,RCPT00000554,ST05,SKU01371,CUST04292,1,1277.61,1277.61,Mobile App,0.0,
2022-01-19,RCPT00000555,ST16,SKU03057,CUST02588,3,206.34,619.02,In-Store,0.0,
2022-01-19,RCPT00000555,ST16,SKU00088,CUST02588,4,148.62,594.48,In-Store,0.0,
2022-01-19,RCPT00000555,ST16,SKU02270,CUST02588,1,153.74,153.74,In-Store,0.0,
2022-01-19,RCPT00000555,ST16,SKU02518,CUST02588,2,131.22,262.44,In-Store,0.0,
2022-01-19,RCPT00000555,ST16,SKU04960,CUST02588,1,156.63,156.63,In-Store,0.0,
2025-08-03,RCPT00000556,ST10,SKU00310,CUST01458,4,77.52,310.08,In-Store,0.0,
2025-08-03,RCPT00000556,ST10,SKU04321,CUST01458,1,961.3,496.99,In-Store,48.3,PROMO032
2022-12-06,RCPT00000557,ST22,SKU02706,CUST01704,1,232.82,232.82,In-Store,0.0,
2023-05-18,RCPT00000558,ST27,SKU02693,CUST07615,3,1518.89,4556.67,In-Store,0.0,
2023-05-18,RCPT00000558,ST27,SKU00055,CUST07615,2,409.38,818.76,In-Store,0.0,
2023-05-18,RCPT00000558,ST27,SKU01879,CUST07615,1,415.75,415.75,In-Store,0.0,
2023-05-18,RCPT00000558,ST27,SKU01245,CUST07615,1,38.18,38.18,In-Store,0.0,
2023-05-18,RCPT00000558,ST27,SKU00600,CUST07615,1,107.83,107.83,In-Store,0.0,
2025-11-26,RCPT00000559,ST17,SKU02640,CUST01116,2,1563.22,3126.44,Online,0.0,
2025-05-31,RCPT00000560,ST21,SKU01009,CUST04015,1,223.42,223.42,Online,0.0,
2025-05-31,RCPT00000560,ST21,SKU03692,CUST04015,1,267.69,267.69,Online,0.0,
2022-04-18,RCPT00000561,ST02,SKU00484,CUST03118,1,179.04,179.04,In-Store,0.0,
2022-04-18,RCPT00000561,ST02,SKU04482,CUST03118,1,111.71,111.71,In-Store,0.0,
2022-05-15,RCPT00000562,ST07,SKU01542,CUST07946,1,2612.73,2612.73,In-Store,0.0,
2022-05-15,RCPT00000562,ST07,SKU01254,CUST07946,5,116.86,584.3,In-Store,0.0,
2024-03-29,RCPT00000563,ST07,SKU04321,CUST03438,3,961.3,1620.75,In-Store,43.8,PROMO075
2024-08-14,RCPT00000564,ST15,SKU01281,CUST08196,1,181.51,181.51,Mobile App,0.0,
2024-08-14,RCPT00000564,ST15,SKU04476,CUST08196,4,134.95,539.8,Mobile App,0.0,
2024-08-14,RCPT00000564,ST15,SKU03727,CUST08196,3,1660.93,4982.79,Mobile App,0.0,
2024-08-14,RCPT00000564,ST15,SKU04646,CUST08196,2,82.38,164.76,Mobile App,0.0,
2023-03-31,RCPT00000565,ST07,SKU01130,CUST08756,2,1764.9,3529.8,Mobile App,0.0,
2023-08-31,RCPT00000566,ST25,SKU02312,CUST07006,1,87.19,76.12,Online,12.7,PROMO010
2023-05-13,RCPT00000567,ST28,SKU00806,CUST01832,5,186.07,930.35,In-Store,0.0,
2024-08-27,RCPT00000568,ST30,SKU04806,CUST04136,2,92.11,184.22,Online,0.0,
2024-08-27,RCPT00000568,ST30,SKU03288,CUST04136,1,1290.49,1290.49,Online,0.0,
2022-01-07,RCPT00000569,ST29,SKU00605,CUST06004,1,420.44,420.44,Online,0.0,
2023-05-28,RCPT00000570,ST25,SKU04568,CUST02077,1,278.9,278.9,Online,0.0,
2023-05-28,RCPT00000570,ST25,SKU02368,CUST02077,3,849.39,2548.17,Online,0.0,
2023-06-24,RCPT00000571,ST08,SKU03431,CUST00594,1,738.15,738.15,Online,0.0,
2023-06-24,RCPT00000571,ST08,SKU01830,CUST00594,5,1563.44,7817.2,Online,0.0,
2023-06-24,RCPT00000571,ST08,SKU04531,CUST00594,3,105.09,315.27,Online,0.0,
2024-07-26,RCPT00000572,ST29,SKU02310,CUST00322,2,187.67,219.57,In-Store,41.5,PROMO017
2024-07-26,RCPT00000572,ST29,SKU01315,CUST00322,5,1695.35,8476.75,In-Store,0.0,
2024-07-26,RCPT00000572,ST29,SKU02990,CUST00322,1,321.24,321.24,In-Store,0.0,
2024-07-26,RCPT00000572,ST29,SKU02954,CUST00322,4,603.3,2413.2,In-Store,0.0,
2024-07-26,RCPT00000572,ST29,SKU01874,CUST00322,5,409.33,2046.65,In-Store,0.0,
2025-06-22,RCPT00000573,ST01,SKU01115,CUST05766,1,124.25,124.25,Online,0.0,
2025-06-22,RCPT00000573,ST01,SKU04122,CUST05766,1,499.33,499.33,Online,0.0,
2022-12-12,RCPT00000574,ST11,SKU03348,CUST08846,2,285.9,571.8,Online,0.0,
2023-05-25,RCPT00000575,ST20,SKU01297,CUST03570,4,280.29,1121.16,Online,0.0,
2023-05-25,RCPT00000575,ST20,SKU02612,CUST03570,1,450.0,450.0,Online,0.0,
2023-05-25,RCPT00000575,ST20,SKU03894,CUST03570,1,88.51,88.51,Online,0.0,
2025-02-04,RCPT00000576,ST13,SKU04596,CUST07288,2,335.55,671.1,Mobile App,0.0,
2025-02-04,RCPT00000576,ST13,SKU04381,CUST07288,1,192.07,192.07,Mobile App,0.0,
2025-02-04,RCPT00000576,ST13,SKU03772,CUST07288,1,245.96,245.96,Mobile App,0.0,
2025-02-04,RCPT00000576,ST13,SKU04032,CUST07288,3,203.7,611.1,Mobile App,0.0,
2025-02-04,RCPT00000576,ST13,SKU03587,CUST07288,1,252.72,252.72,Mobile App,0.0,
2024-10-01,RCPT00000577,ST30,SKU00531,CUST02886,2,2949.96,4306.94,Mobile App,27.0,PROMO094
2024-10-01,RCPT00000577,ST30,SKU02368,CUST02886,1,849.39,620.05,Mobile App,27.0,PROMO094
2024-10-01,RCPT00000577,ST30,SKU02111,CUST02886,1,175.31,127.98,Mobile App,27.0,PROMO094
2024-10-01,RCPT00000577,ST30,SKU03275,CUST02886,1,849.13,619.86,Mobile App,27.0,PROMO094
2023-11-10,RCPT00000578,ST29,SKU01523,CUST02993,1,291.48,291.48,Online,0.0,
2022-08-29,RCPT00000579,ST10,SKU00506,CUST04992,3,319.73,872.86,Online,9.0,PROMO033
2022-08-29,RCPT00000579,ST10,SKU04154,CUST04992,1,351.77,320.11,Online,9.0,PROMO033
2022-08-29,RCPT00000579,ST10,SKU04571,CUST04992,1,868.52,790.35,Online,9.0,PROMO033
2022-08-29,RCPT00000579,ST10,SKU02346,CUST04992,1,74.12,67.45,Online,9.0,PROMO033
2024-04-29,RCPT00000580,ST17,SKU03063,CUST04632,1,363.59,363.59,Online,0.0,
2024-04-29,RCPT00000580,ST17,SKU02355,CUST04632,2,321.17,642.34,Online,0.0,
2024-04-29,RCPT00000580,ST17,SKU04596,CUST04632,5,335.55,1677.75,Online,0.0,
2025-01-26,RCPT00000581,ST18,SKU00969,CUST01497,3,1961.81,5885.43,Mobile App,0.0,
2023-12-26,RCPT00000582,ST24,SKU00142,CUST08632,1,135.03,94.66,Online,29.9,PROMO043
2023-12-26,RCPT00000582,ST24,SKU04936,CUST08632,2,328.89,461.1,Online,29.9,PROMO043
2025-10-02,RCPT00000583,ST21,SKU03455,CUST02788,2,309.96,619.92,Online,0.0,
2025-10-02,RCPT00000583,ST21,SKU04293,CUST02788,1,907.97,907.97,Online,0.0,
2025-10-02,RCPT00000583,ST21,SKU00814,CUST02788,1,76.67,76.67,Online,0.0,
2025-10-02,RCPT00000583,ST21,SKU01274,CUST02788,1,558.36,558.36,Online,0.0,
2024-04-20,RCPT00000584,ST07,SKU03951,CUST03530,2,156.85,295.19,In-Store,5.9,PROMO016
2023-08-31,RCPT00000585,ST18,SKU02141,CUST07071,2,471.88,823.9,In-Store,12.7,PROMO010
2024-06-24,RCPT00000586,ST19,SKU03733,CUST03057,2,598.28,861.52,In-Store,28.0,PROMO081
2024-06-24,RCPT00000586,ST19,SKU04321,CUST03057,2,961.3,1488.09,In-Store,22.6,PROMO045
2024-06-24,RCPT00000586,ST19,SKU00278,CUST03057,2,1807.84,2798.54,In-Store,22.6,PROMO045
2022-08-16,RCPT00000587,ST08,SKU04321,CUST09936,1,961.3,961.3,In-Store,0.0,
2022-08-16,RCPT00000587,ST08,SKU03546,CUST09936,3,496.17,1488.51,In-Store,0.0,
2024-08-08,RCPT00000588,ST18,SKU03420,CUST05388,1,143.9,143.9,In-Store,0.0,
2024-08-08,RCPT00000588,ST18,SKU04295,CUST05388,2,2337.99,3764.16,In-Store,19.5,PROMO087
2024-08-08,RCPT00000588,ST18,SKU03246,CUST05388,2,2508.18,5016.36,In-Store,0.0,
2025-07-02,RCPT00000589,ST22,SKU00926,CUST02580,2,285.44,570.88,Online,0.0,
2025-09-26,RCPT00000590,ST27,SKU01387,CUST02392,3,236.41,709.23,In-Store,0.0,
2025-09-26,RCPT00000590,ST27,SKU04046,CUST02392,1,114.83,114.83,In-Store,0.0,
2025-09-26,RCPT00000590,ST27,SKU00832,CUST02392,4,946.53,3786.12,In-Store,0.0,
2024-08-02,RCPT00000591,ST13,SKU04537,CUST07237,4,100.09,400.36,In-Store,0.0,
2024-08-02,RCPT00000591,ST13,SKU03292,CUST07237,3,164.03,492.09,In-Store,0.0,
2024-08-02,RCPT00000591,ST13,SKU03557,CUST07237,2,154.56,309.12,In-Store,0.0,
2022-08-27,RCPT00000592,ST09,SKU00190,CUST09032,1,145.42,132.33,In-Store,9.0,PROMO033
2025-04-04,RCPT00000593,ST18,SKU01214,CUST00872,2,92.73,185.46,In-Store,0.0,
2025-06-30,RCPT00000594,ST07,SKU00195,CUST05083,5,1139.65,5698.25,Online,0.0,
2025-04-01,RCPT00000595,ST29,SKU02334,CUST09543,1,240.73,240.73,Online,0.0,
2025-04-01,RCPT00000595,ST29,SKU04154,CUST09543,1,351.77,351.77,Online,0.0,
2025-03-01,RCPT00000596,ST26,SKU04321,CUST05171,1,961.3,961.3,In-Store,0.0,
2022-12-08,RCPT00000597,ST09,SKU04321,CUST05012,3,961.3,2883.9,In-Store,0.0,
2022-09-21,RCPT00000598,ST01,SKU01418,CUST09777,1,1090.09,1090.09,Mobile App,0.0,
2022-09-21,RCPT00000598,ST01,SKU00631,CUST09777,1,1304.33,1304.33,Mobile App,0.0,
2024-02-01,RCPT00000599,ST05,SKU04321,CUST09687,4,961.3,3845.2,In-Store,0.0,
2024-02-01,RCPT00000599,ST05,SKU02141,CUST09687,1,471.88,471.88,In-Store,0.0,
2024-02-01,RCPT00000599,ST05,SKU04321,CUST09687,1,961.3,961.3,In-Store,0.0,
2024-06-16,RCPT00000600,ST15,SKU04419,CUST02664,1,61.65,52.96,In-Store,14.1,PROMO023
2025-05-31,RCPT00000601,ST15,SKU02074,CUST01490,1,110.03,110.03,In-Store,0.0,
2025-05-31,RCPT00000601,ST15,SKU03727,CUST01490,1,1660.93,1660.93,In-Store,0.0,
2023-08-28,RCPT00000602,ST16,SKU04452,CUST01456,3,240.8,630.66,Online,12.7,PROMO010
2023-08-28,RCPT00000602,ST16,SKU01800,CUST01456,4,144.95,506.17,Online,12.7,PROMO010
2024-03-05,RCPT00000603,ST28,SKU00338,CUST02538,2,741.21,1482.42,In-Store,0.0,
2025-12-23,RCPT00000604,ST26,SKU01440,CUST06295,1,183.65,183.65,In-Store,0.0,
2025-12-23,RCPT00000604,ST26,SKU04126,CUST06295,2,1646.95,3293.9,In-Store,0.0,
2025-05-07,RCPT00000605,ST06,SKU03101,CUST07108,1,242.48,242.48,Mobile App,0.0,
2022-06-30,RCPT00000606,ST21,SKU00942,CUST07631,2,172.9,345.8,Online,0.0,
2022-06-30,RCPT00000606,ST21,SKU00179,CUST07631,1,85.36,85.36,Online,0.0,
2022-06-30,RCPT00000606,ST21,SKU01387,CUST07631,4,236.41,945.64,Online,0.0,
2024-07-01,RCPT00000607,ST13,SKU04100,CUST04344,1,152.37,117.93,In-Store,22.6,PROMO045
2024-07-01,RCPT00000607,ST13,SKU03016,CUST04344,1,233.3,180.57,In-Store,22.6,PROMO045
2025-09-14,RCPT00000608,ST23,SKU04596,CUST07496,1,335.55,335.55,Mobile App,0.0,
2025-09-14,RCPT00000608,ST23,SKU00901,CUST07496,1,653.7,653.7,Mobile App,0.0,
2022-01-03,RCPT00000609,ST19,SKU01242,CUST05715,2,414.93,829.86,In-Store,0.0,
2024-06-21,RCPT00000610,ST29,SKU04321,CUST09173,1,961.3,744.05,Mobile App,22.6,PROMO045
2023-10-08,RCPT00000611,ST20,SKU03726,CUST01351,4,411.19,1644.76,Mobile App,0.0,
2023-10-08,RCPT00000611,ST20,SKU00920,CUST01351,1,114.73,114.73,Mobile App,0.0,
2023-10-08,RCPT00000611,ST20,SKU03587,CUST01351,3,252.72,758.16,Mobile App,0.0,
2022-06-02,RCPT00000612,ST16,SKU02370,CUST06782,1,214.77,122.85,Online,42.8,PROMO022
2025-01-18,RCPT00000613,ST12,SKU00748,CUST00444,1,438.67,307.51,Online,29.9,PROMO092
2022-08-25,RCPT00000614,ST06,SKU00771,CUST00539,1,512.74,512.74,In-Store,0.0,
2023-08-13,RCPT00000615,ST09,SKU00020,CUST08753,2,109.5,219.0,Online,0.0,
2022-08-20,RCPT00000616,ST07,SKU00646,CUST03205,1,232.5,232.5,In-Store,0.0,
2022-08-20,RCPT00000616,ST07,SKU04621,CUST03205,1,270.2,270.2,In-Store,0.0,
2022-04-14,RCPT00000617,ST17,SKU03800,CUST01947,1,114.46,114.46,Online,0.0,
2022-04-14,RCPT00000617,ST17,SKU02016,CUST01947,1,194.97,194.97,Online,0.0,
2022-04-14,RCPT00000617,ST17,SKU00429,CUST01947,3,582.88,1748.64,Online,0.0,
2022-10-25,RCPT00000618,ST06,SKU03030,CUST08247,1,108.63,108.63,Mobile App,0.0,
2025-06-26,RCPT00000619,ST14,SKU02879,CUST02835,3,131.72,395.16,In-Store,0.0,
2022-01-25,RCPT00000620,ST19,SKU01377,CUST07252,1,131.24,131.24,Online,0.0,
2022-01-25,RCPT00000620,ST19,SKU04130,CUST07252,3,710.24,2130.72,Online,0.0,
2022-02-14,RCPT00000621,ST03,SKU04806,CUST04427,5,92.11,460.55,Online,0.0,
2023-04-03,RCPT00000622,ST09,SKU02907,CUST07062,2,1495.16,2060.33,In-Store,31.1,PROMO079
2025-03-23,RCPT00000623,ST01,SKU02231,CUST03286,1,50.54,50.54,In-Store,0.0,
2025-03-23,RCPT00000623,ST01,SKU01127,CUST03286,2,817.54,1635.08,In-Store,0.0,
2025-03-23,RCPT00000623,ST01,SKU04571,CUST03286,1,868.52,737.37,In-Store,15.1,PROMO067
2023-12-10,RCPT00000624,ST07,SKU04592,CUST01773,1,100.25,100.25,In-Store,0.0,
2023-12-10,RCPT00000624,ST07,SKU01000,CUST01773,1,415.22,415.22,In-Store,0.0,
2023-12-25,RCPT00000625,ST19,SKU01067,CUST04943,1,429.35,300.97,Online,29.9,PROMO043
2023-03-22,RCPT00000626,ST27,SKU01503,CUST08880,1,335.94,335.94,In-Store,0.0,
2023-03-22,RCPT00000626,ST27,SKU03461,CUST08880,3,861.75,2585.25,In-Store,0.0,
2023-03-22,RCPT00000626,ST27,SKU03729,CUST08880,1,111.51,111.51,In-Store,0.0,
2024-11-28,RCPT00000627,ST06,SKU00175,CUST07958,1,182.36,182.36,In-Store,0.0,
2024-04-08,RCPT00000628,ST22,SKU02141,CUST06072,1,471.88,236.88,In-Store,49.8,PROMO019
2025-09-02,RCPT00000629,ST29,SKU03855,CUST01965,2,683.9,1367.8,In-Store,0.0,
2025-09-02,RCPT00000629,ST29,SKU00772,CUST01965,5,289.73,1448.65,In-Store,0.0,
2025-04-28,RCPT00000630,ST22,SKU04243,CUST03666,4,86.81,347.24,In-Store,0.0,
2025-08-10,RCPT00000631,ST08,SKU00920,CUST05790,2,114.73,229.46,In-Store,0.0,
2025-08-10,RCPT00000631,ST08,SKU00680,CUST05790,3,154.23,462.69,In-Store,0.0,
2024-01-27,RCPT00000632,ST23,SKU02858,CUST08672,1,90.7,46.98,Online,48.2,PROMO069
2024-01-27,RCPT00000632,ST23,SKU00221,CUST08672,1,578.16,299.49,Online,48.2,PROMO069
2024-01-27,RCPT00000632,ST23,SKU04088,CUST08672,1,146.66,75.97,Online,48.2,PROMO069
2024-01-27,RCPT00000632,ST23,SKU04438,CUST08672,5,146.23,378.74,Online,48.2,PROMO069
2024-01-27,RCPT00000632,ST23,SKU03316,CUST08672,3,1032.58,1604.63,Online,48.2,PROMO069
2022-05-09,RCPT00000633,ST17,SKU00896,CUST09216,5,194.43,972.15,In-Store,0.0,
2022-05-09,RCPT00000633,ST17,SKU04422,CUST09216,4,68.36,273.44,In-Store,0.0,
2022-05-09,RCPT00000633,ST17,SKU00994,CUST09216,2,602.13,1204.26,In-Store,0.0,
2022-05-09,RCPT00000633,ST17,SKU04245,CUST09216,4,217.78,871.12,In-Store,0.0,
2024-03-30,RCPT00000634,ST25,SKU01606,CUST06399,2,187.87,211.17,Mobile App,43.8,PROMO075
2024-03-30,RCPT00000634,ST25,SKU00953,CUST06399,3,273.99,461.95,Mobile App,43.8,PROMO075
2025-11-18,RCPT00000635,ST01,SKU01549,CUST06161,1,235.17,235.17,In-Store,0.0,
2022-12-07,RCPT00000636,ST26,SKU01523,CUST08658,1,291.48,291.48,Online,0.0,
2022-12-07,RCPT00000636,ST26,SKU03840,CUST08658,3,255.12,765.36,Online,0.0,
2023-08-16,RCPT00000637,ST07,SKU04381,CUST06903,1,192.07,192.07,Online,0.0,
2023-08-16,RCPT00000637,ST07,SKU01778,CUST06903,2,125.27,250.54,Online,0.0,
2024-01-02,RCPT00000638,ST17,SKU01284,CUST05502,1,265.24,185.93,In-Store,29.9,PROMO043
2024-01-02,RCPT00000638,ST17,SKU04592,CUST05502,1,100.25,70.28,In-Store,29.9,PROMO043
2025-01-12,RCPT00000639,ST08,SKU02150,CUST03910,3,1382.56,4147.68,In-Store,0.0,
2025-01-12,RCPT00000639,ST08,SKU01420,CUST03910,1,213.65,213.65,In-Store,0.0,
2025-02-16,RCPT00000640,ST13,SKU04407,CUST06000,1,215.04,119.78,In-Store,44.3,PROMO041
2025-02-16,RCPT00000640,ST13,SKU02810,CUST06000,2,159.93,178.16,In-Store,44.3,PROMO041
2025-02-16,RCPT00000640,ST13,SKU03522,CUST06000,2,112.92,125.79,In-Store,44.3,PROMO041
2025-02-16,RCPT00000640,ST13,SKU01357,CUST06000,1,1062.03,591.55,In-Store,44.3,PROMO041
2024-04-20,RCPT00000641,ST16,SKU01059,CUST06837,3,176.99,530.97,Online,0.0,
2025-01-25,RCPT00000642,ST18,SKU01371,CUST02728,1,1277.61,1277.61,Online,0.0,
2023-01-22,RCPT00000643,ST02,SKU04321,CUST06151,1,961.3,961.3,In-Store,0.0,
2023-01-22,RCPT00000643,ST02,SKU04596,CUST06151,1,335.55,335.55,In-Store,0.0,
2024-08-05,RCPT00000644,ST27,SKU02068,CUST07617,5,249.89,1249.45,Online,0.0,
2024-08-05,RCPT00000644,ST27,SKU00845,CUST07617,1,670.83,670.83,Online,0.0,
2024-08-05,RCPT00000644,ST27,SKU00673,CUST07617,4,139.56,558.24,Online,0.0,
2024-08-05,RCPT00000644,ST27,SKU00283,CUST07617,1,560.13,560.13,Online,0.0,
2025-09-25,RCPT00000645,ST21,SKU02720,CUST06052,1,139.98,139.98,Online,0.0,
2025-11-19,RCPT00000646,ST06,SKU04940,CUST02175,5,617.3,3086.5,Online,0.0,
2025-11-19,RCPT00000646,ST06,SKU02868,CUST02175,4,181.68,726.72,Online,0.0,
2025-11-19,RCPT00000646,ST06,SKU00050,CUST02175,2,34.08,68.16,Online,0.0,
2025-11-19,RCPT00000646,ST06,SKU03034,CUST02175,5,232.5,1162.5,Online,0.0,
2025-08-22,RCPT00000647,ST25,SKU01662,CUST05688,2,495.84,991.68,In-Store,0.0,
2025-08-22,RCPT00000647,ST25,SKU00499,CUST05688,1,110.32,55.6,In-Store,49.6,PROMO088
2023-05-29,RCPT00000648,ST02,SKU00970,CUST05434,1,354.04,354.04,In-Store,0.0,
2025-05-18,RCPT00000649,ST29,SKU02968,CUST07646,1,1011.61,1011.61,In-Store,0.0,
2025-05-18,RCPT00000649,ST29,SKU01864,CUST07646,3,228.71,686.13,In-Store,0.0,
2025-11-26,RCPT00000650,ST30,SKU00994,CUST04734,1,602.13,602.13,Mobile App,0.0,
2025-03-27,RCPT00000651,ST14,SKU04321,CUST02626,4,961.3,3264.57,Online,15.1,PROMO067
2025-03-27,RCPT00000651,ST14,SKU02113,CUST02626,2,309.55,619.1,Online,0.0,
2025-08-10,RCPT00000652,ST10,SKU01596,CUST01190,1,251.23,251.23,In-Store,0.0,
2024-11-22,RCPT00000653,ST28,SKU01559,CUST02538,3,82.07,221.84,In-Store,9.9,PROMO009
2024-11-22,RCPT00000653,ST28,SKU02986,CUST02538,1,366.41,366.41,In-Store,0.0,
2025-07-20,RCPT00000654,ST04,SKU00060,CUST05921,3,724.16,2172.48,Mobile App,0.0,
2025-07-20,RCPT00000654,ST04,SKU04571,CUST05921,1,868.52,868.52,Mobile App,0.0,
2023-10-25,RCPT00000655,ST04,SKU03724,CUST09018,1,380.37,380.37,Online,0.0,
2022-05-22,RCPT00000656,ST04,SKU02008,CUST07296,1,935.7,935.7,Online,0.0,
2022-05-22,RCPT00000656,ST04,SKU02833,CUST07296,2,3924.53,7849.06,Online,0.0,
2025-12-07,RCPT00000657,ST22,SKU02919,CUST04216,1,117.84,117.84,Online,0.0,
2022-08-01,RCPT00000658,ST09,SKU03571,CUST04252,3,1043.87,3131.61,Online,0.0,
2025-03-25,RCPT00000659,ST26,SKU02353,CUST03885,3,747.09,2241.27,In-Store,0.0,
2024-12-24,RCPT00000660,ST09,SKU00624,CUST08924,1,2367.38,2367.38,In-Store,0.0,
2023-12-10,RCPT00000661,ST21,SKU03289,CUST05422,5,47.01,235.05,In-Store,0.0,
2023-12-10,RCPT00000661,ST21,SKU03727,CUST05422,3,1660.93,4982.79,In-Store,0.0,
2023-12-10,RCPT00000661,ST21,SKU00364,CUST05422,2,2618.33,5236.66,In-Store,0.0,
2023-12-10,RCPT00000661,ST21,SKU00942,CUST05422,1,172.9,172.9,In-Store,0.0,
2023-12-10,RCPT00000661,ST21,SKU03238,CUST05422,1,1110.29,1110.29,In-Store,0.0,
2024-05-15,RCPT00000662,ST03,SKU01775,CUST07826,2,204.15,274.38,In-Store,32.8,PROMO036
2025-01-14,RCPT00000663,ST16,SKU01993,CUST01834,4,142.17,568.68,Online,0.0,
2025-01-14,RCPT00000663,ST16,SKU00793,CUST01834,1,1050.17,1050.17,Online,0.0,
2023-12-31,RCPT00000664,ST15,SKU03324,CUST01133,4,1776.24,4980.58,In-Store,29.9,PROMO043
2023-12-31,RCPT00000664,ST15,SKU03504,CUST01133,1,847.78,594.29,In-Store,29.9,PROMO043
2022-01-06,RCPT00000665,ST07,SKU01302,CUST02768,3,251.67,755.01,Mobile App,0.0,
2022-08-24,RCPT00000666,ST30,SKU00591,CUST04108,2,721.88,1443.76,In-Store,0.0,
2022-08-24,RCPT00000666,ST30,SKU04596,CUST04108,1,335.55,335.55,In-Store,0.0,
2022-08-24,RCPT00000666,ST30,SKU04816,CUST04108,5,90.49,452.45,In-Store,0.0,
2024-12-05,RCPT00000667,ST20,SKU03066,CUST07481,3,214.65,643.95,Mobile App,0.0,
2024-12-05,RCPT00000667,ST20,SKU04321,CUST07481,1,961.3,961.3,Mobile App,0.0,
2024-12-05,RCPT00000667,ST20,SKU00943,CUST07481,1,2090.49,2090.49,Mobile App,0.0,
2024-12-05,RCPT00000667,ST20,SKU00313,CUST07481,2,878.76,1757.52,Mobile App,0.0,
2023-03-20,RCPT00000668,ST25,SKU00036,CUST01314,1,188.79,175.57,In-Store,7.0,PROMO002
2024-09-08,RCPT00000669,ST09,SKU00362,CUST07999,1,1778.33,1778.33,In-Store,0.0,
2022-02-08,RCPT00000670,ST09,SKU04144,CUST07065,1,66.69,61.42,Online,7.9,PROMO096
2022-02-08,RCPT00000670,ST09,SKU02407,CUST07065,1,496.3,496.3,Online,0.0,
2022-02-08,RCPT00000670,ST09,SKU02046,CUST07065,4,2009.47,8037.88,Online,0.0,
2025-09-22,RCPT00000671,ST09,SKU00635,CUST01633,2,153.34,306.68,In-Store,0.0,
2022-11-11,RCPT00000672,ST11,SKU00030,CUST01866,1,402.34,402.34,In-Store,0.0,
2022-09-30,RCPT00000673,ST19,SKU02275,CUST01927,3,188.12,564.36,Online,0.0,
2022-09-30,RCPT00000673,ST19,SKU02235,CUST01927,2,179.19,358.38,Online,0.0,
2022-09-30,RCPT00000673,ST19,SKU02909,CUST01927,2,592.56,1185.12,Online,0.0,
2022-09-30,RCPT00000673,ST19,SKU03971,CUST01927,2,1736.31,3472.62,Online,0.0,
2022-09-30,RCPT00000673,ST19,SKU01670,CUST01927,1,280.78,280.78,Online,0.0,
2024-01-07,RCPT00000674,ST14,SKU04713,CUST00788,1,1913.4,1913.4,In-Store,0.0,
2024-07-02,RCPT00000675,ST17,SKU04321,CUST01357,1,961.3,744.05,In-Store,22.6,PROMO045
2024-07-02,RCPT00000675,ST17,SKU03282,CUST01357,3,1550.85,3601.07,In-Store,22.6,PROMO045
2023-11-17,RCPT00000676,ST13,SKU04321,CUST03993,2,961.3,1922.6,Online,0.0,
2024-04-14,RCPT00000677,ST18,SKU03292,CUST08431,4,164.03,329.37,Mobile App,49.8,PROMO019
2024-04-14,RCPT00000677,ST18,SKU04421,CUST08431,2,3670.67,3685.35,Mobile App,49.8,PROMO019
2022-10-17,RCPT00000678,ST25,SKU04321,CUST04647,1,961.3,961.3,Online,0.0,
2025-01-07,RCPT00000679,ST04,SKU02494,CUST02587,2,102.3,204.6,Online,0.0,
2025-09-06,RCPT00000680,ST06,SKU04562,CUST01891,4,1316.91,5267.64,In-Store,0.0,
2025-09-06,RCPT00000680,ST06,SKU02348,CUST01891,2,1458.3,2916.6,In-Store,0.0,
2024-12-30,RCPT00000681,ST03,SKU03936,CUST08235,1,1559.07,1559.07,Mobile App,0.0,
2024-01-20,RCPT00000682,ST22,SKU03609,CUST04783,3,139.89,419.67,Mobile App,0.0,
2024-01-20,RCPT00000682,ST22,SKU03214,CUST04783,2,1764.51,3529.02,Mobile App,0.0,
2025-08-08,RCPT00000683,ST20,SKU03646,CUST07084,4,342.83,1371.32,In-Store,0.0,
2023-05-18,RCPT00000684,ST29,SKU00293,CUST01727,2,132.02,264.04,In-Store,0.0,
2023-11-09,RCPT00000685,ST15,SKU02250,CUST05665,4,2070.86,8283.44,Mobile App,0.0,
2023-11-09,RCPT00000685,ST15,SKU01170,CUST05665,4,365.5,1462.0,Mobile App,0.0,
2023-11-09,RCPT00000685,ST15,SKU01045,CUST05665,2,451.29,902.58,Mobile App,0.0,
2023-11-09,RCPT00000685,ST15,SKU02740,CUST05665,1,104.22,104.22,Mobile App,0.0,
2023-11-09,RCPT00000685,ST15,SKU01072,CUST05665,1,827.35,827.35,Mobile App,0.0,
2022-09-18,RCPT00000686,ST30,SKU03579,CUST00023,1,573.52,573.52,Online,0.0,
2022-09-18,RCPT00000686,ST30,SKU02382,CUST00023,3,1233.79,3701.37,Online,0.0,
2022-09-18,RCPT00000686,ST30,SKU04321,CUST00023,3,961.3,2883.9,Online,0.0,
2022-09-18,RCPT00000686,ST30,SKU01527,CUST00023,2,82.54,165.08,Online,0.0,
2025-12-11,RCPT00000687,ST22,SKU04321,CUST09689,1,961.3,961.3,In-Store,0.0,
2025-12-11,RCPT00000687,ST22,SKU04321,CUST09689,3,961.3,2883.9,In-Store,0.0,
2023-05-16,RCPT00000688,ST12,SKU02141,CUST06237,1,471.88,471.88,Online,0.0,
2025-07-25,RCPT00000689,ST18,SKU01337,CUST00037,2,226.99,453.98,Mobile App,0.0,
2025-07-25,RCPT00000689,ST18,SKU04321,CUST00037,1,961.3,496.99,Mobile App,48.3,PROMO032
2025-07-25,RCPT00000689,ST18,SKU03217,CUST00037,1,683.2,683.2,Mobile App,0.0,
2025-07-25,RCPT00000689,ST18,SKU01609,CUST00037,1,600.87,600.87,Mobile App,0.0,
2025-07-25,RCPT00000689,ST18,SKU01950,CUST00037,1,104.93,104.93,Mobile App,0.0,
2023-03-04,RCPT00000690,ST01,SKU03545,CUST07003,2,401.05,802.1,Online,0.0,
2023-03-04,RCPT00000690,ST01,SKU03724,CUST07003,1,380.37,380.37,Online,0.0,
2023-03-04,RCPT00000690,ST01,SKU02931,CUST07003,3,127.7,383.1,Online,0.0,
2023-03-04,RCPT00000690,ST01,SKU02072,CUST07003,1,91.41,91.41,Online,0.0,
2023-01-17,RCPT00000691,ST26,SKU01075,CUST02056,1,382.05,382.05,In-Store,0.0,
2025-08-08,RCPT00000692,ST22,SKU02089,CUST04023,4,410.86,1643.44,Online,0.0,
2025-07-04,RCPT00000693,ST06,SKU04410,CUST06464,1,1439.57,1439.57,In-Store,0.0,
2025-07-04,RCPT00000693,ST06,SKU01420,CUST06464,2,213.65,427.3,In-Store,0.0,
2025-07-04,RCPT00000693,ST06,SKU03566,CUST06464,1,120.06,120.06,In-Store,0.0,
2025-07-04,RCPT00000693,ST06,SKU02462,CUST06464,1,171.89,171.89,In-Store,0.0,
2025-07-04,RCPT00000693,ST06,SKU00976,CUST06464,3,268.42,805.26,In-Store,0.0,
2025-03-04,RCPT00000694,ST02,SKU04646,CUST02164,1,82.38,82.38,Mobile App,0.0,
2025-03-04,RCPT00000694,ST02,SKU04028,CUST02164,1,2080.9,2080.9,Mobile App,0.0,
2025-03-04,RCPT00000694,ST02,SKU04626,CUST02164,1,468.52,468.52,Mobile App,0.0,
2025-06-10,RCPT00000695,ST29,SKU03055,CUST07916,1,130.59,130.59,Online,0.0,
2025-06-10,RCPT00000695,ST29,SKU01803,CUST07916,1,316.1,316.1,Online,0.0,
2025-06-07,RCPT00000696,ST01,SKU00716,CUST01071,1,1636.45,1636.45,Mobile App,0.0,
2025-06-07,RCPT00000696,ST01,SKU04185,CUST01071,2,79.83,159.66,Mobile App,0.0,
2025-06-07,RCPT00000696,ST01,SKU02970,CUST01071,3,562.41,1687.23,Mobile App,0.0,
2023-01-08,RCPT00000697,ST01,SKU04321,CUST03663,2,961.3,1922.6,In-Store,0.0,
2023-01-08,RCPT00000697,ST01,SKU03077,CUST03663,1,377.75,377.75,In-Store,0.0,
2024-11-21,RCPT00000698,ST04,SKU04846,CUST00885,1,118.61,106.87,Online,9.9,PROMO009
2024-11-21,RCPT00000698,ST04,SKU04964,CUST00885,1,295.19,295.19,Online,0.0,
2024-11-21,RCPT00000698,ST04,SKU04592,CUST00885,3,100.25,300.75,Online,0.0,
2023-09-25,RCPT00000699,ST29,SKU01764,CUST00921,5,2017.27,10086.35,In-Store,0.0,
2023-09-25,RCPT00000699,ST29,SKU03702,CUST00921,4,473.65,1894.6,In-Store,0.0,
2025-12-19,RCPT00000700,ST21,SKU02930,CUST08732,3,170.16,510.48,Mobile App,0.0,
2025-12-19,RCPT00000700,ST21,SKU04321,CUST08732,1,961.3,961.3,Mobile App,0.0,
2024-02-12,RCPT00000701,ST03,SKU02544,CUST09919,5,231.91,1159.55,Online,0.0,
2024-02-12,RCPT00000701,ST03,SKU04467,CUST09919,2,263.78,527.56,Online,0.0,
2024-10-14,RCPT00000702,ST10,SKU01153,CUST05009,1,897.4,897.4,In-Store,0.0,
2025-11-28,RCPT00000703,ST27,SKU00690,CUST07466,1,492.94,492.94,In-Store,0.0,
2022-08-15,RCPT00000704,ST11,SKU03786,CUST00328,1,1371.52,1371.52,Mobile App,0.0,
2022-08-15,RCPT00000704,ST11,SKU02074,CUST00328,1,110.03,110.03,Mobile App,0.0,
2022-08-15,RCPT00000704,ST11,SKU03285,CUST00328,4,61.67,246.68,Mobile App,0.0,
2022-09-03,RCPT00000705,ST13,SKU02415,CUST07373,1,441.21,401.5,Online,9.0,PROMO033
2022-09-03,RCPT00000705,ST13,SKU01953,CUST07373,4,309.85,1127.85,Online,9.0,PROMO033
2022-09-03,RCPT00000705,ST13,SKU02766,CUST07373,2,225.53,410.46,Online,9.0,PROMO033
2022-08-17,RCPT00000706,ST30,SKU00794,CUST07718,1,120.35,120.35,In-Store,0.0,
2023-05-29,RCPT00000707,ST07,SKU04329,CUST02803,1,2452.07,2452.07,Online,0.0,
2023-05-29,RCPT00000707,ST07,SKU04924,CUST02803,1,2799.28,2799.28,Online,0.0,
2023-05-29,RCPT00000707,ST07,SKU03469,CUST02803,1,539.19,539.19,Online,0.0,
2024-03-14,RCPT00000708,ST12,SKU04840,CUST02320,1,639.65,359.48,Online,43.8,PROMO075
2024-03-14,RCPT00000708,ST12,SKU01843,CUST02320,1,407.44,228.98,Online,43.8,PROMO075
2024-03-14,RCPT00000708,ST12,SKU01402,CUST02320,1,1239.24,696.45,Online,43.8,PROMO075
2022-03-09,RCPT00000709,ST20,SKU03578,CUST01049,2,225.73,451.46,In-Store,0.0,
2023-03-14,RCPT00000710,ST10,SKU02265,CUST01069,4,846.76,3149.95,In-Store,7.0,PROMO002
2022-01-10,RCPT00000711,ST14,SKU04321,CUST06692,4,961.3,3845.2,Online,0.0,
2022-01-10,RCPT00000711,ST14,SKU02145,CUST06692,3,716.15,2148.45,Online,0.0,
2022-01-10,RCPT00000711,ST14,SKU02083,CUST06692,2,133.13,266.26,Online,0.0,
2022-07-11,RCPT00000712,ST17,SKU01264,CUST06245,4,1108.95,4435.8,In-Store,0.0,
2022-05-25,RCPT00000713,ST20,SKU04799,CUST00865,2,161.33,322.66,Online,0.0,
2022-10-10,RCPT00000714,ST08,SKU00190,CUST04867,2,145.42,290.84,Mobile App,0.0,
2022-05-06,RCPT00000715,ST21,SKU01048,CUST04023,1,96.18,96.18,Online,0.0,
2022-05-06,RCPT00000715,ST21,SKU04329,CUST04023,2,2452.07,4904.14,Online,0.0,
2022-11-06,RCPT00000716,ST03,SKU04756,CUST00776,2,665.32,984.67,Mobile App,26.0,PROMO050
2022-02-16,RCPT00000717,ST11,SKU00363,CUST04133,4,1103.75,4415.0,In-Store,0.0,
2022-02-16,RCPT00000717,ST11,SKU00994,CUST04133,2,602.13,1204.26,In-Store,0.0,
2022-02-16,RCPT00000717,ST11,SKU00710,CUST04133,4,1549.12,6196.48,In-Store,0.0,
2022-02-22,RCPT00000718,ST21,SKU03299,CUST04603,1,1035.55,1035.55,Online,0.0,
2022-02-22,RCPT00000718,ST21,SKU03088,CUST04603,3,223.55,670.65,Online,0.0,
2022-02-22,RCPT00000718,ST21,SKU01339,CUST04603,1,241.91,241.91,Online,0.0,
2022-02-22,RCPT00000718,ST21,SKU00606,CUST04603,3,566.73,1700.19,Online,0.0,
2024-09-21,RCPT00000719,ST15,SKU00121,CUST01291,1,195.28,195.28,In-Store,0.0,
2024-09-21,RCPT00000719,ST15,SKU02622,CUST01291,1,346.96,346.96,In-Store,0.0,
2024-09-21,RCPT00000719,ST15,SKU00079,CUST01291,1,197.9,197.9,In-Store,0.0,
2024-09-21,RCPT00000719,ST15,SKU01274,CUST01291,2,558.36,1116.72,In-Store,0.0,
2022-04-19,RCPT00000720,ST06,SKU04596,CUST08907,1,335.55,335.55,In-Store,0.0,
2024-08-26,RCPT00000721,ST22,SKU03193,CUST08466,3,259.16,777.48,In-Store,0.0,
2025-12-28,RCPT00000722,ST07,SKU04412,CUST05801,1,520.37,520.37,In-Store,0.0,
2023-05-01,RCPT00000723,ST04,SKU04321,CUST00167,1,961.3,961.3,Online,0.0,
2024-09-25,RCPT00000724,ST16,SKU01045,CUST07428,3,451.29,988.33,Mobile App,27.0,PROMO094
2025-01-02,RCPT00000725,ST07,SKU01194,CUST01466,1,620.84,620.84,Online,0.0,
2025-11-27,RCPT00000726,ST20,SKU02385,CUST05646,3,2269.28,6807.84,In-Store,0.0,
2025-11-27,RCPT00000726,ST20,SKU03166,CUST05646,1,333.83,333.83,In-Store,0.0,
2025-11-27,RCPT00000726,ST20,SKU02333,CUST05646,1,53.1,53.1,In-Store,0.0,
2022-06-12,RCPT00000727,ST20,SKU03184,CUST01351,1,1264.26,723.16,Online,42.8,PROMO022
2022-06-12,RCPT00000727,ST20,SKU03889,CUST01351,3,291.44,500.11,Online,42.8,PROMO022
2022-06-08,RCPT00000728,ST15,SKU03088,CUST08805,1,223.55,127.87,In-Store,42.8,PROMO022
2022-12-04,RCPT00000729,ST06,SKU04939,CUST07822,1,173.32,173.32,In-Store,0.0,
2025-12-08,RCPT00000730,ST05,SKU02372,CUST08545,2,401.1,802.2,Online,0.0,
2025-12-08,RCPT00000730,ST05,SKU01045,CUST08545,2,451.29,902.58,Online,0.0,
2024-11-15,RCPT00000731,ST27,SKU01723,CUST04476,2,156.57,313.14,In-Store,0.0,
2024-11-15,RCPT00000731,ST27,SKU00420,CUST04476,2,438.73,877.46,In-Store,0.0,
2025-11-19,RCPT00000732,ST21,SKU00920,CUST09778,1,114.73,114.73,In-Store,0.0,
2025-10-14,RCPT00000733,ST13,SKU04321,CUST02581,3,961.3,2883.9,Mobile App,0.0,
2025-10-14,RCPT00000733,ST13,SKU01045,CUST02581,1,451.29,451.29,Mobile App,0.0,
2025-10-14,RCPT00000733,ST13,SKU02470,CUST02581,3,163.41,490.23,Mobile App,0.0,
2023-03-27,RCPT00000734,ST15,SKU00595,CUST09467,1,2693.97,1856.15,Mobile App,31.1,PROMO079
2023-03-27,RCPT00000734,ST15,SKU04596,CUST09467,4,335.55,1342.2,Mobile App,0.0,
2022-06-21,RCPT00000735,ST08,SKU01988,CUST01420,2,331.12,662.24,In-Store,0.0,
2022-06-21,RCPT00000735,ST08,SKU02350,CUST01420,2,194.08,388.16,In-Store,0.0,
2024-01-12,RCPT00000736,ST21,SKU01557,CUST06063,1,93.65,93.65,Online,0.0,
2025-11-22,RCPT00000737,ST08,SKU04350,CUST09868,5,394.93,1974.65,In-Store,0.0,
2025-02-25,RCPT00000738,ST30,SKU01679,CUST08578,2,1739.03,3478.06,In-Store,0.0,
2024-09-17,RCPT00000739,ST03,SKU01775,CUST01140,2,204.15,408.3,Online,0.0,
2024-09-17,RCPT00000739,ST03,SKU03000,CUST01140,2,172.96,345.92,Online,0.0,
2022-10-11,RCPT00000740,ST26,SKU00254,CUST05271,1,105.55,105.55,In-Store,0.0,
2022-10-11,RCPT00000740,ST26,SKU04596,CUST05271,2,335.55,671.1,In-Store,0.0,
2022-09-03,RCPT00000741,ST11,SKU01783,CUST03447,1,396.76,361.05,In-Store,9.0,PROMO033
2025-04-06,RCPT00000742,ST09,SKU01045,CUST00981,1,451.29,451.29,Online,0.0,
2024-07-31,RCPT00000743,ST22,SKU04198,CUST00086,1,122.84,122.84,In-Store,0.0,
2024-07-31,RCPT00000743,ST22,SKU04564,CUST00086,1,88.51,88.51,In-Store,0.0,
2024-07-31,RCPT00000743,ST22,SKU03224,CUST00086,1,318.78,318.78,In-Store,0.0,
2024-07-31,RCPT00000743,ST22,SKU03950,CUST00086,2,318.71,637.42,In-Store,0.0,
2024-07-31,RCPT00000743,ST22,SKU00201,CUST00086,2,848.32,1696.64,In-Store,0.0,
2023-07-14,RCPT00000744,ST09,SKU04321,CUST09202,3,961.3,2883.9,Online,0.0,
2025-12-03,RCPT00000745,ST11,SKU04708,CUST00099,1,1333.42,1333.42,In-Store,0.0,
2025-12-03,RCPT00000745,ST11,SKU00540,CUST00099,2,3406.69,6813.38,In-Store,0.0,
2023-04-27,RCPT00000746,ST14,SKU04596,CUST08730,4,335.55,1342.2,In-Store,0.0,
2023-04-27,RCPT00000746,ST14,SKU00484,CUST08730,1,179.04,179.04,In-Store,0.0,
2023-04-27,RCPT00000746,ST14,SKU04857,CUST08730,3,451.19,1353.57,In-Store,0.0,
2023-04-27,RCPT00000746,ST14,SKU03292,CUST08730,2,164.03,328.06,In-Store,0.0,
2023-05-14,RCPT00000747,ST04,SKU00994,CUST08133,1,602.13,602.13,Online,0.0,
2023-05-14,RCPT00000747,ST04,SKU03546,CUST08133,2,496.17,992.34,Online,0.0,
2023-05-14,RCPT00000747,ST04,SKU04596,CUST08133,1,335.55,335.55,Online,0.0,
2022-05-28,RCPT00000748,ST22,SKU00610,CUST05355,3,1954.6,3354.09,In-Store,42.8,PROMO022
2024-12-21,RCPT00000749,ST18,SKU04240,CUST04126,3,701.01,2103.03,In-Store,0.0,
2024-12-21,RCPT00000749,ST18,SKU01420,CUST04126,5,213.65,1068.25,In-Store,0.0,
2022-08-20,RCPT00000750,ST15,SKU03070,CUST08356,1,524.48,524.48,Online,0.0,
2022-08-20,RCPT00000750,ST15,SKU00921,CUST08356,1,3363.82,3363.82,Online,0.0,
2022-12-16,RCPT00000751,ST29,SKU03743,CUST07860,3,253.24,759.72,Mobile App,0.0,
2022-12-16,RCPT00000751,ST29,SKU00436,CUST07860,2,146.23,292.46,Mobile App,0.0,
2023-08-16,RCPT00000752,ST11,SKU01555,CUST07762,1,110.36,83.76,In-Store,24.1,PROMO093
2024-11-22,RCPT00000753,ST04,SKU02132,CUST06472,3,428.85,1286.55,Mobile App,0.0,
2024-10-01,RCPT00000754,ST28,SKU01045,CUST01083,3,451.29,988.33,In-Store,27.0,PROMO094
2024-10-01,RCPT00000754,ST28,SKU02129,CUST01083,2,227.28,331.83,In-Store,27.0,PROMO094
2024-10-01,RCPT00000754,ST28,SKU03665,CUST01083,1,311.73,227.56,In-Store,27.0,PROMO094
2023-02-21,RCPT00000755,ST03,SKU02840,CUST06030,1,267.04,267.04,Online,0.0,
2023-02-21,RCPT00000755,ST03,SKU04321,CUST06030,2,961.3,1922.6,Online,0.0,
2024-07-28,RCPT00000756,ST18,SKU00694,CUST05411,1,179.71,105.13,In-Store,41.5,PROMO017
2025-03-02,RCPT00000757,ST11,SKU04816,CUST01048,2,90.49,180.98,Online,0.0,
2025-03-02,RCPT00000757,ST11,SKU01369,CUST01048,1,137.32,137.32,Online,0.0,
2023-06-29,RCPT00000758,ST17,SKU00530,CUST09832,1,66.34,66.34,In-Store,0.0,
2024-03-31,RCPT00000759,ST11,SKU01843,CUST08966,4,407.44,915.93,Online,43.8,PROMO075
2023-09-03,RCPT00000760,ST01,SKU04437,CUST01626,4,24.41,85.24,Mobile App,12.7,PROMO010
2025-03-05,RCPT00000761,ST26,SKU02529,CUST00457,2,577.42,1154.84,Online,0.0,
2025-12-30,RCPT00000762,ST08,SKU02898,CUST03626,3,989.39,2968.17,In-Store,0.0,
2025-12-30,RCPT00000762,ST08,SKU04109,CUST03626,1,345.6,345.6,In-Store,0.0,
2025-12-30,RCPT00000762,ST08,SKU00922,CUST03626,1,60.32,60.32,In-Store,0.0,
2025-12-30,RCPT00000762,ST08,SKU00893,CUST03626,1,690.66,690.66,In-Store,0.0,
2023-05-28,RCPT00000763,ST14,SKU00538,CUST04344,3,1101.07,3303.21,In-Store,0.0,
2023-05-28,RCPT00000763,ST14,SKU02297,CUST04344,2,1276.77,2553.54,In-Store,0.0,
2023-09-27,RCPT00000764,ST23,SKU00770,CUST04863,1,994.68,994.68,In-Store,0.0,
2023-08-12,RCPT00000765,ST20,SKU04027,CUST07906,2,118.29,236.58,In-Store,0.0,
2023-08-12,RCPT00000765,ST20,SKU02095,CUST07906,1,463.44,463.44,In-Store,0.0,
2022-01-01,RCPT00000766,ST27,SKU01706,CUST07656,1,1068.65,1068.65,Online,0.0,
2022-01-01,RCPT00000766,ST27,SKU02048,CUST07656,2,520.27,1040.54,Online,0.0,
2024-06-14,RCPT00000767,ST10,SKU01000,CUST08287,1,415.22,356.67,In-Store,14.1,PROMO023
2024-06-14,RCPT00000767,ST10,SKU04932,CUST08287,2,311.93,535.9,In-Store,14.1,PROMO023
2023-06-14,RCPT00000768,ST12,SKU02740,CUST06801,2,104.22,208.44,Mobile App,0.0,
2023-08-22,RCPT00000769,ST17,SKU04934,CUST09713,1,223.16,194.82,Mobile App,12.7,PROMO010
2023-08-22,RCPT00000769,ST17,SKU02046,CUST09713,4,2009.47,6148.98,Mobile App,23.5,PROMO051
2024-09-18,RCPT00000770,ST20,SKU04103,CUST05815,1,104.71,104.71,In-Store,0.0,
2024-09-18,RCPT00000770,ST20,SKU00229,CUST05815,1,421.82,421.82,In-Store,0.0,
2024-09-18,RCPT00000770,ST20,SKU00831,CUST05815,3,950.49,2851.47,In-Store,0.0,
2024-11-12,RCPT00000771,ST23,SKU00079,CUST03695,1,197.9,197.9,In-Store,0.0,
2024-11-12,RCPT00000771,ST23,SKU00509,CUST03695,2,238.23,476.46,In-Store,0.0,
2022-04-02,RCPT00000772,ST29,SKU02052,CUST07913,1,277.43,277.43,In-Store,0.0,
2022-04-02,RCPT00000772,ST29,SKU04509,CUST07913,3,307.91,923.73,In-Store,0.0,
2023-08-11,RCPT00000773,ST04,SKU04381,CUST09791,1,192.07,192.07,In-Store,0.0,
2024-12-11,RCPT00000774,ST14,SKU00238,CUST09301,2,1766.09,3532.18,Mobile App,0.0,
2025-07-03,RCPT00000775,ST17,SKU04382,CUST00626,2,75.31,150.62,In-Store,0.0,
2024-10-14,RCPT00000776,ST19,SKU00251,CUST03831,1,143.83,143.83,Mobile App,0.0,
2024-10-14,RCPT00000776,ST19,SKU04273,CUST03831,1,1786.15,1786.15,Mobile App,0.0,
2024-10-14,RCPT00000776,ST19,SKU02776,CUST03831,3,234.93,704.79,Mobile App,0.0,
2023-06-23,RCPT00000777,ST30,SKU02717,CUST06295,1,188.3,188.3,In-Store,0.0,
2023-06-23,RCPT00000777,ST30,SKU04550,CUST06295,1,155.92,155.92,In-Store,0.0,
2023-06-23,RCPT00000777,ST30,SKU00942,CUST06295,1,172.9,172.9,In-Store,0.0,
2023-06-23,RCPT00000777,ST30,SKU03519,CUST06295,1,140.28,140.28,In-Store,0.0,
2024-12-06,RCPT00000778,ST16,SKU04596,CUST03240,1,335.55,335.55,Online,0.0,
2022-07-08,RCPT00000779,ST13,SKU02930,CUST03461,2,170.16,340.32,Online,0.0,
2022-07-08,RCPT00000779,ST13,SKU04130,CUST03461,4,710.24,2840.96,Online,0.0,
2022-08-24,RCPT00000780,ST13,SKU04475,CUST03557,4,146.88,587.52,In-Store,0.0,
2022-08-24,RCPT00000780,ST13,SKU02614,CUST03557,4,118.14,472.56,In-Store,0.0,
2022-02-25,RCPT00000781,ST06,SKU00349,CUST04892,2,240.42,480.84,In-Store,0.0,
2022-02-25,RCPT00000781,ST06,SKU04321,CUST04892,1,961.3,961.3,In-Store,0.0,
2024-08-17,RCPT00000782,ST17,SKU03616,CUST04419,2,372.86,745.72,Mobile App,0.0,
2024-03-12,RCPT00000783,ST18,SKU04521,CUST02174,1,46.06,25.89,Mobile App,43.8,PROMO075
2022-08-22,RCPT00000784,ST02,SKU02285,CUST06380,1,215.0,215.0,Online,0.0,
2022-08-22,RCPT00000784,ST02,SKU04596,CUST06380,4,335.55,1342.2,Online,0.0,
2025-08-18,RCPT00000785,ST21,SKU04675,CUST02186,1,116.52,116.52,In-Store,0.0,
2025-08-18,RCPT00000785,ST21,SKU02683,CUST02186,4,371.82,1487.28,In-Store,0.0,
2023-08-13,RCPT00000786,ST01,SKU01669,CUST04222,1,133.62,133.62,Online,0.0,
2023-08-13,RCPT00000786,ST01,SKU01481,CUST04222,2,746.72,1493.44,Online,0.0,
2024-03-26,RCPT00000787,ST27,SKU00169,CUST03240,4,95.37,214.39,In-Store,43.8,PROMO075
2025-10-24,RCPT00000788,ST07,SKU03690,CUST04542,1,312.29,312.29,Online,0.0,
2025-10-24,RCPT00000788,ST07,SKU03292,CUST04542,2,164.03,328.06,Online,0.0,
2025-03-10,RCPT00000789,ST10,SKU03897,CUST09169,4,97.07,388.28,In-Store,0.0,
2023-09-24,RCPT00000790,ST07,SKU04449,CUST08859,1,220.79,220.79,In-Store,0.0,
2023-09-24,RCPT00000790,ST07,SKU04308,CUST08859,1,149.95,149.95,In-Store,0.0,
2024-01-27,RCPT00000791,ST13,SKU04321,CUST03895,1,961.3,497.95,Online,48.2,PROMO069
2024-01-27,RCPT00000791,ST13,SKU04893,CUST03895,1,764.67,396.1,Online,48.2,PROMO069
2024-01-27,RCPT00000791,ST13,SKU00002,CUST03895,2,70.38,72.91,Online,48.2,PROMO069
2024-01-27,RCPT00000791,ST13,SKU02460,CUST03895,2,1639.93,1698.97,Online,48.2,PROMO069
2023-08-17,RCPT00000792,ST12,SKU04321,CUST02770,2,961.3,1922.6,Online,0.0,
2023-08-17,RCPT00000792,ST12,SKU01851,CUST02770,3,1282.27,3846.81,Online,0.0,
2023-08-17,RCPT00000792,ST12,SKU04321,CUST02770,1,961.3,961.3,Online,0.0,
2025-07-09,RCPT00000793,ST22,SKU02960,CUST04454,2,61.77,123.54,In-Store,0.0,
2023-10-30,RCPT00000794,ST30,SKU02954,CUST06421,1,603.3,603.3,Online,0.0,
2025-04-13,RCPT00000795,ST30,SKU01170,CUST07703,2,365.5,731.0,In-Store,0.0,
2025-04-13,RCPT00000795,ST30,SKU00055,CUST07703,2,409.38,818.76,In-Store,0.0,
2025-04-13,RCPT00000795,ST30,SKU04427,CUST07703,3,149.59,448.77,In-Store,0.0,
2024-09-13,RCPT00000796,ST22,SKU02969,CUST04428,1,125.0,125.0,Online,0.0,
2024-09-13,RCPT00000796,ST22,SKU00912,CUST04428,1,1248.26,1248.26,Online,0.0,
2024-09-13,RCPT00000796,ST22,SKU03206,CUST04428,1,293.85,293.85,Online,0.0,
2024-09-13,RCPT00000796,ST22,SKU04929,CUST04428,3,745.44,2236.32,Online,0.0,
2023-11-13,RCPT00000797,ST17,SKU01871,CUST02965,1,155.25,155.25,In-Store,0.0,
2023-11-13,RCPT00000797,ST17,SKU00535,CUST02965,2,189.1,378.2,In-Store,0.0,
2023-11-13,RCPT00000797,ST17,SKU00558,CUST02965,3,917.53,2752.59,In-Store,0.0,
2022-03-22,RCPT00000798,ST25,SKU01677,CUST08603,2,127.3,254.6,In-Store,0.0,
2022-03-22,RCPT00000798,ST25,SKU03302,CUST08603,1,426.07,251.38,In-Store,41.0,PROMO076
2022-06-06,RCPT00000799,ST28,SKU04926,CUST03521,2,458.92,525.0,In-Store,42.8,PROMO022
2022-06-06,RCPT00000799,ST28,SKU04596,CUST03521,2,335.55,383.87,In-Store,42.8,PROMO022
2025-01-16,RCPT00000800,ST06,SKU01079,CUST07804,1,125.88,125.88,In-Store,0.0,
2025-01-16,RCPT00000800,ST06,SKU00918,CUST07804,1,1559.59,1559.59,In-Store,0.0,
2025-09-18,RCPT00000801,ST22,SKU00076,CUST01099,3,306.25,918.75,Mobile App,0.0,
2023-10-31,RCPT00000802,ST17,SKU02605,CUST06711,1,67.28,67.28,Online,0.0,
2024-06-19,RCPT00000803,ST20,SKU02023,CUST05983,2,133.8,229.87,In-Store,14.1,PROMO023
2023-06-23,RCPT00000804,ST29,SKU03854,CUST04922,1,482.43,482.43,In-Store,0.0,
2023-06-23,RCPT00000804,ST29,SKU04284,CUST04922,1,89.66,89.66,In-Store,0.0,
2023-10-20,RCPT00000805,ST28,SKU01373,CUST08981,1,74.0,74.0,In-Store,0.0,
2024-12-13,RCPT00000806,ST25,SKU01993,CUST04217,2,142.17,284.34,In-Store,0.0,
2023-02-01,RCPT00000807,ST30,SKU04155,CUST04653,1,2612.22,2612.22,In-Store,0.0,
2023-02-01,RCPT00000807,ST30,SKU00520,CUST04653,5,47.04,235.2,In-Store,0.0,
2023-02-01,RCPT00000807,ST30,SKU04937,CUST04653,3,1504.37,4513.11,In-Store,0.0,
2023-02-01,RCPT00000807,ST30,SKU00407,CUST04653,2,2769.83,5539.66,In-Store,0.0,
2023-02-01,RCPT00000807,ST30,SKU01032,CUST04653,5,242.61,1213.05,In-Store,0.0,
2023-09-08,RCPT00000808,ST20,SKU03907,CUST02741,3,876.73,2296.16,Online,12.7,PROMO010
2022-01-09,RCPT00000809,ST06,SKU02357,CUST07760,1,170.99,170.99,In-Store,0.0,
2025-11-18,RCPT00000810,ST21,SKU03080,CUST00132,2,524.39,1048.78,In-Store,0.0,
2025-11-18,RCPT00000810,ST21,SKU02912,CUST00132,4,156.0,624.0,In-Store,0.0,
2025-11-18,RCPT00000810,ST21,SKU02481,CUST00132,1,130.24,130.24,In-Store,0.0,
2024-11-18,RCPT00000811,ST07,SKU00007,CUST08993,4,129.75,519.0,Online,0.0,
2024-05-27,RCPT00000812,ST28,SKU03812,CUST04593,1,1167.25,952.48,Online,18.4,PROMO089
2024-05-27,RCPT00000812,ST28,SKU01134,CUST04593,3,1312.85,3938.55,Online,0.0,
2023-03-04,RCPT00000813,ST07,SKU03922,CUST02812,3,2095.66,6286.98,Online,0.0,
2022-03-18,RCPT00000814,ST14,SKU00376,CUST09586,3,207.45,622.35,Online,0.0,
2023-12-08,RCPT00000815,ST16,SKU00887,CUST05663,1,470.11,470.11,In-Store,0.0,
2023-12-08,RCPT00000815,ST16,SKU00027,CUST05663,4,608.24,2432.96,In-Store,0.0,
2025-05-09,RCPT00000816,ST15,SKU00832,CUST07493,1,946.53,849.98,Online,10.2,PROMO003
2025-05-09,RCPT00000816,ST15,SKU01367,CUST07493,1,673.36,673.36,Online,0.0,
2025-05-09,RCPT00000816,ST15,SKU02046,CUST07493,1,2009.47,2009.47,Online,0.0,
2025-07-12,RCPT00000817,ST29,SKU04321,CUST07433,1,961.3,961.3,Mobile App,0.0,
2024-07-20,RCPT00000818,ST29,SKU03203,CUST01286,5,182.62,706.74,Online,22.6,PROMO045
2024-07-20,RCPT00000818,ST29,SKU04012,CUST01286,4,631.0,1953.58,Online,22.6,PROMO045
2023-11-25,RCPT00000819,ST10,SKU00190,CUST07341,1,145.42,145.42,In-Store,0.0,
2022-05-27,RCPT00000820,ST15,SKU01357,CUST08230,1,1062.03,1062.03,Online,0.0,
2022-09-19,RCPT00000821,ST22,SKU00552,CUST03245,1,775.4,775.4,In-Store,0.0,
2022-09-19,RCPT00000821,ST22,SKU04321,CUST03245,1,961.3,961.3,In-Store,0.0,
2022-09-19,RCPT00000821,ST22,SKU00685,CUST03245,1,2583.23,2583.23,In-Store,0.0,
2023-04-26,RCPT00000822,ST19,SKU04408,CUST02237,2,667.56,1335.12,Mobile App,0.0,
2023-04-26,RCPT00000822,ST19,SKU02345,CUST02237,2,335.5,671.0,Mobile App,0.0,
2023-04-26,RCPT00000822,ST19,SKU01798,CUST02237,1,146.72,146.72,Mobile App,0.0,
2025-11-21,RCPT00000823,ST29,SKU04206,CUST04435,1,667.18,367.62,In-Store,44.9,PROMO084
2025-11-21,RCPT00000823,ST29,SKU03026,CUST04435,1,747.22,747.22,In-Store,0.0,
2022-01-10,RCPT00000824,ST20,SKU00953,CUST05493,3,273.99,821.97,In-Store,0.0,
2024-03-06,RCPT00000825,ST16,SKU03195,CUST01525,1,610.08,342.86,In-Store,43.8,PROMO075
2024-03-06,RCPT00000825,ST16,SKU01775,CUST01525,1,204.15,114.73,In-Store,43.8,PROMO075
2024-03-06,RCPT00000825,ST16,SKU00952,CUST01525,1,288.12,161.92,In-Store,43.8,PROMO075
2024-03-06,RCPT00000825,ST16,SKU02416,CUST01525,2,105.53,118.62,In-Store,43.8,PROMO075
2024-03-06,RCPT00000825,ST16,SKU02898,CUST01525,2,989.39,1112.07,In-Store,43.8,PROMO075
2023-08-15,RCPT00000826,ST30,SKU01706,CUST09361,2,1068.65,2137.3,In-Store,0.0,
2023-08-15,RCPT00000826,ST30,SKU04596,CUST09361,2,335.55,671.1,In-Store,0.0,
2025-02-01,RCPT00000827,ST10,SKU00901,CUST08666,2,653.7,1307.4,Online,0.0,
2025-02-01,RCPT00000827,ST10,SKU03781,CUST08666,2,1471.19,2942.38,Online,0.0,
2025-02-01,RCPT00000827,ST10,SKU02663,CUST08666,1,92.66,92.66,Online,0.0,
2025-02-01,RCPT00000827,ST10,SKU02861,CUST08666,1,585.54,585.54,Online,0.0,
2023-10-06,RCPT00000828,ST18,SKU00263,CUST04743,5,443.51,2217.55,In-Store,0.0,
2023-10-06,RCPT00000828,ST18,SKU03848,CUST04743,2,1270.1,2540.2,In-Store,0.0,
2023-10-06,RCPT00000828,ST18,SKU04880,CUST04743,1,134.41,125.27,In-Store,6.8,PROMO063
2023-10-06,RCPT00000828,ST18,SKU02651,CUST04743,2,851.41,1702.82,In-Store,0.0,
2023-10-06,RCPT00000828,ST18,SKU00816,CUST04743,3,169.52,508.56,In-Store,0.0,
2025-06-16,RCPT00000829,ST05,SKU04097,CUST04078,2,405.48,810.96,Online,0.0,
2025-06-16,RCPT00000829,ST05,SKU00694,CUST04078,2,179.71,359.42,Online,0.0,
2025-06-16,RCPT00000829,ST05,SKU00169,CUST04078,2,95.37,190.74,Online,0.0,
2025-06-16,RCPT00000829,ST05,SKU00895,CUST04078,3,2043.22,6129.66,Online,0.0,
2025-11-06,RCPT00000830,ST09,SKU02605,CUST03587,1,67.28,67.28,Online,0.0,
2025-11-06,RCPT00000830,ST09,SKU01165,CUST03587,1,996.52,996.52,Online,0.0,
2024-08-16,RCPT00000831,ST19,SKU03147,CUST03051,2,151.39,302.78,Mobile App,0.0,
2023-06-28,RCPT00000832,ST12,SKU02333,CUST08957,1,53.1,48.8,In-Store,8.1,PROMO058
2023-06-28,RCPT00000832,ST12,SKU02956,CUST08957,2,261.17,522.34,In-Store,0.0,
2025-11-27,RCPT00000833,ST09,SKU04321,CUST04908,1,961.3,961.3,In-Store,0.0,
2025-11-27,RCPT00000833,ST09,SKU00085,CUST04908,1,372.68,372.68,In-Store,0.0,
2025-09-28,RCPT00000834,ST30,SKU03727,CUST02015,2,1660.93,3321.86,In-Store,0.0,
2025-09-28,RCPT00000834,ST30,SKU01299,CUST02015,4,2565.74,10262.96,In-Store,0.0,
2024-08-13,RCPT00000835,ST16,SKU04214,CUST04931,3,34.09,102.27,Mobile App,0.0,
2024-08-13,RCPT00000835,ST16,SKU04516,CUST04931,1,1767.67,1767.67,Mobile App,0.0,
2024-08-13,RCPT00000835,ST16,SKU03082,CUST04931,1,29.69,29.69,Mobile App,0.0,
2022-06-20,RCPT00000836,ST09,SKU00285,CUST06464,1,505.67,505.67,Online,0.0,
2022-06-20,RCPT00000836,ST09,SKU00078,CUST06464,1,820.53,772.94,Online,5.8,PROMO021
2022-06-20,RCPT00000836,ST09,SKU02176,CUST06464,1,989.87,989.87,Online,0.0,
2025-04-02,RCPT00000837,ST01,SKU01784,CUST04279,3,168.81,506.43,In-Store,0.0,
2024-01-20,RCPT00000838,ST15,SKU02247,CUST02503,2,179.3,358.6,Online,0.0,
2024-11-23,RCPT00000839,ST29,SKU02612,CUST03287,3,450.0,1350.0,In-Store,0.0,
2024-11-23,RCPT00000839,ST29,SKU00409,CUST03287,1,1557.01,1557.01,In-Store,0.0,
2024-11-23,RCPT00000839,ST29,SKU01276,CUST03287,5,1990.24,9951.2,In-Store,0.0,
2024-11-23,RCPT00000839,ST29,SKU02840,CUST03287,1,267.04,267.04,In-Store,0.0,
2024-04-22,RCPT00000840,ST06,SKU01048,CUST06809,2,96.18,192.36,In-Store,0.0,
2023-03-07,RCPT00000841,ST21,SKU01813,CUST02014,3,154.92,464.76,In-Store,0.0,
2023-03-07,RCPT00000841,ST21,SKU03088,CUST02014,1,223.55,175.26,In-Store,21.6,PROMO066
2025-12-18,RCPT00000842,ST25,SKU03907,CUST09243,1,876.73,876.73,In-Store,0.0,
2025-12-18,RCPT00000842,ST25,SKU02858,CUST09243,1,90.7,90.7,In-Store,0.0,
2025-12-18,RCPT00000842,ST25,SKU03077,CUST09243,2,377.75,755.5,In-Store,0.0,
2024-03-01,RCPT00000843,ST19,SKU00092,CUST02051,3,809.88,2429.64,In-Store,0.0,
2024-03-01,RCPT00000843,ST19,SKU02026,CUST02051,1,1823.87,1823.87,In-Store,0.0,
2024-03-01,RCPT00000843,ST19,SKU02125,CUST02051,3,112.77,338.31,In-Store,0.0,
2025-09-22,RCPT00000844,ST07,SKU01000,CUST04129,2,415.22,830.44,Mobile App,0.0,
2025-09-22,RCPT00000844,ST07,SKU02858,CUST04129,3,90.7,272.1,Mobile App,0.0,
2025-09-22,RCPT00000844,ST07,SKU00341,CUST04129,3,95.64,286.92,Mobile App,0.0,
2024-10-10,RCPT00000845,ST18,SKU00190,CUST05750,2,145.42,290.84,In-Store,0.0,
2022-02-28,RCPT00000846,ST12,SKU04265,CUST02313,3,83.19,249.57,Online,0.0,
2025-04-30,RCPT00000847,ST03,SKU01359,CUST06573,1,303.38,231.48,In-Store,23.7,PROMO013
2025-04-30,RCPT00000847,ST03,SKU01162,CUST06573,2,154.8,309.6,In-Store,0.0,
2025-04-30,RCPT00000847,ST03,SKU00885,CUST06573,1,188.68,188.68,In-Store,0.0,
2023-07-04,RCPT00000848,ST20,SKU03402,CUST04790,1,612.66,612.66,Mobile App,0.0,
2023-07-04,RCPT00000848,ST20,SKU02660,CUST04790,2,81.91,163.82,Mobile App,0.0,
2023-07-04,RCPT00000848,ST20,SKU02162,CUST04790,1,400.99,400.99,Mobile App,0.0,
2023-07-04,RCPT00000848,ST20,SKU00478,CUST04790,3,449.91,1349.73,Mobile App,0.0,
2022-08-24,RCPT00000849,ST28,SKU00586,CUST05495,1,2458.28,2458.28,Online,0.0,
2022-08-24,RCPT00000849,ST28,SKU01072,CUST05495,4,827.35,3309.4,Online,0.0,
2022-08-24,RCPT00000849,ST28,SKU03567,CUST05495,2,458.98,917.96,Online,0.0,
2022-08-24,RCPT00000849,ST28,SKU00904,CUST05495,1,161.57,161.57,Online,0.0,
2025-12-31,RCPT00000850,ST20,SKU04321,CUST05346,1,961.3,961.3,In-Store,0.0,
2025-12-31,RCPT00000850,ST20,SKU04508,CUST05346,3,375.55,1126.65,In-Store,0.0,
2025-12-31,RCPT00000850,ST20,SKU01771,CUST05346,1,336.08,336.08,In-Store,0.0,
2025-09-30,RCPT00000851,ST13,SKU00953,CUST07255,2,273.99,547.98,Online,0.0,
2025-04-02,RCPT00000852,ST14,SKU04871,CUST08367,5,761.27,3806.35,In-Store,0.0,
2025-04-02,RCPT00000852,ST14,SKU00427,CUST08367,1,290.82,290.82,In-Store,0.0,
2023-07-07,RCPT00000853,ST26,SKU04596,CUST04372,3,335.55,1006.65,In-Store,0.0,
2023-07-07,RCPT00000853,ST26,SKU01101,CUST04372,1,126.22,126.22,In-Store,0.0,
2023-02-02,RCPT00000854,ST18,SKU02614,CUST01892,3,118.14,354.42,Mobile App,0.0,
2025-04-10,RCPT00000855,ST24,SKU00263,CUST07947,1,443.51,443.51,In-Store,0.0,
2025-04-10,RCPT00000855,ST24,SKU04321,CUST07947,1,961.3,961.3,In-Store,0.0,
2024-05-19,RCPT00000856,ST06,SKU04321,CUST07276,2,961.3,1291.99,Online,32.8,PROMO036
2022-10-24,RCPT00000857,ST20,SKU04508,CUST00898,2,375.55,751.1,Online,0.0,
2022-10-24,RCPT00000857,ST20,SKU02046,CUST00898,2,2009.47,4018.94,Online,0.0,
2024-09-22,RCPT00000858,ST14,SKU04913,CUST00859,2,466.91,933.82,In-Store,0.0,
2024-09-22,RCPT00000858,ST14,SKU03358,CUST00859,3,1876.25,5628.75,In-Store,0.0,
2024-09-22,RCPT00000858,ST14,SKU00361,CUST00859,1,150.12,150.12,In-Store,0.0,
2024-11-04,RCPT00000859,ST25,SKU03843,CUST00243,4,125.55,502.2,In-Store,0.0,
2024-11-04,RCPT00000859,ST25,SKU02532,CUST00243,1,115.67,115.67,In-Store,0.0,
2025-02-20,RCPT00000860,ST24,SKU00369,CUST01306,2,368.93,410.99,Online,44.3,PROMO041
2025-02-20,RCPT00000860,ST24,SKU04907,CUST01306,4,198.11,517.46,Online,34.7,PROMO057
2025-03-29,RCPT00000861,ST25,SKU02323,CUST03317,4,422.47,1689.88,In-Store,0.0,
2025-03-29,RCPT00000861,ST25,SKU04755,CUST03317,2,176.07,352.14,In-Store,0.0,
2022-07-27,RCPT00000862,ST02,SKU04321,CUST09488,2,961.3,1922.6,In-Store,0.0,
2022-07-27,RCPT00000862,ST02,SKU00572,CUST09488,3,299.2,897.6,In-Store,0.0,
2024-11-21,RCPT00000863,ST30,SKU00127,CUST02591,3,223.69,671.07,Mobile App,0.0,
2023-09-03,RCPT00000864,ST08,SKU00285,CUST02342,2,505.67,882.9,In-Store,12.7,PROMO010
2024-10-17,RCPT00000865,ST02,SKU03906,CUST00290,5,125.53,627.65,In-Store,0.0,
2024-10-17,RCPT00000865,ST02,SKU04596,CUST00290,1,335.55,335.55,In-Store,0.0,
2023-12-03,RCPT00000866,ST22,SKU04830,CUST07836,2,258.35,516.7,Mobile App,0.0,
2024-08-31,RCPT00000867,ST01,SKU02141,CUST09039,2,471.88,943.76,In-Store,0.0,
2024-08-31,RCPT00000867,ST01,SKU04845,CUST09039,1,1000.23,1000.23,In-Store,0.0,
2024-08-31,RCPT00000867,ST01,SKU02930,CUST09039,2,170.16,340.32,In-Store,0.0,
2024-08-31,RCPT00000867,ST01,SKU04379,CUST09039,1,375.7,375.7,In-Store,0.0,
2023-02-17,RCPT00000868,ST21,SKU03355,CUST06434,5,127.47,637.35,Online,0.0,
2023-09-20,RCPT00000869,ST15,SKU03518,CUST00530,3,126.26,378.78,In-Store,0.0,
2022-01-22,RCPT00000870,ST29,SKU02442,CUST03774,5,507.66,2538.3,Online,0.0,
2022-10-12,RCPT00000871,ST28,SKU01988,CUST02871,1,331.12,331.12,In-Store,0.0,
2023-11-06,RCPT00000872,ST07,SKU01177,CUST06536,1,1402.34,1402.34,Online,0.0,
2023-11-06,RCPT00000872,ST07,SKU00863,CUST06536,2,183.57,367.14,Online,0.0,
2023-05-19,RCPT00000873,ST16,SKU04478,CUST00485,2,165.95,331.9,Online,0.0,
2023-05-19,RCPT00000873,ST16,SKU02585,CUST00485,2,322.59,645.18,Online,0.0,
2023-12-22,RCPT00000874,ST03,SKU04719,CUST09342,4,240.75,963.0,Online,0.0,
2023-12-22,RCPT00000874,ST03,SKU00445,CUST09342,1,87.15,87.15,Online,0.0,
2022-08-22,RCPT00000875,ST14,SKU03661,CUST04651,1,195.37,195.37,In-Store,0.0,
2022-08-22,RCPT00000875,ST14,SKU00263,CUST04651,1,443.51,443.51,In-Store,0.0,
2022-08-22,RCPT00000875,ST14,SKU04321,CUST04651,4,961.3,3845.2,In-Store,0.0,
2022-08-22,RCPT00000875,ST14,SKU01302,CUST04651,4,251.67,1006.68,In-Store,0.0,
2024-07-14,RCPT00000876,ST01,SKU04405,CUST04909,3,1244.17,2888.96,In-Store,22.6,PROMO045
2024-05-30,RCPT00000877,ST21,SKU01297,CUST09702,1,280.29,280.29,In-Store,0.0,
2024-05-30,RCPT00000877,ST21,SKU00166,CUST09702,1,830.77,830.77,In-Store,0.0,
2024-10-18,RCPT00000878,ST06,SKU02119,CUST06775,3,161.61,484.83,In-Store,0.0,
2024-10-18,RCPT00000878,ST06,SKU01649,CUST06775,1,433.36,433.36,In-Store,0.0,
2024-10-18,RCPT00000878,ST06,SKU04820,CUST06775,3,1659.68,4979.04,In-Store,0.0,
2024-12-22,RCPT00000879,ST13,SKU04321,CUST09567,4,961.3,3845.2,Online,0.0,
2024-12-22,RCPT00000879,ST13,SKU00296,CUST09567,5,685.29,3426.45,Online,0.0,
2023-11-13,RCPT00000880,ST13,SKU04321,CUST04313,1,961.3,961.3,Online,0.0,
2025-01-01,RCPT00000881,ST20,SKU03546,CUST01435,1,496.17,496.17,In-Store,0.0,
2025-01-01,RCPT00000881,ST20,SKU02908,CUST01435,4,326.35,1305.4,In-Store,0.0,
2023-12-25,RCPT00000882,ST03,SKU02258,CUST04252,1,2619.48,1836.26,Online,29.9,PROMO043
2023-12-25,RCPT00000882,ST03,SKU03385,CUST04252,1,153.8,107.81,Online,29.9,PROMO043
2023-12-25,RCPT00000882,ST03,SKU00994,CUST04252,1,602.13,422.09,Online,29.9,PROMO043
2024-11-28,RCPT00000883,ST30,SKU04191,CUST03190,3,106.7,320.1,Online,0.0,
2024-11-28,RCPT00000883,ST30,SKU03121,CUST03190,1,50.11,50.11,Online,0.0,
2024-11-28,RCPT00000883,ST30,SKU04321,CUST03190,1,961.3,961.3,Online,0.0,
2024-11-28,RCPT00000883,ST30,SKU01775,CUST03190,4,204.15,816.6,Online,0.0,
2024-11-28,RCPT00000883,ST30,SKU04227,CUST03190,1,283.28,283.28,Online,0.0,
2025-09-22,RCPT00000884,ST15,SKU04302,CUST06412,1,174.83,174.83,Online,0.0,
2025-06-08,RCPT00000885,ST11,SKU03509,CUST07181,1,493.07,493.07,In-Store,0.0,
2023-07-17,RCPT00000886,ST23,SKU01370,CUST03741,3,195.01,585.03,In-Store,0.0,
2023-07-17,RCPT00000886,ST23,SKU01872,CUST03741,1,577.52,577.52,In-Store,0.0,
2024-07-17,RCPT00000887,ST09,SKU02896,CUST07179,2,1512.83,2341.86,Mobile App,22.6,PROMO045
2024-07-17,RCPT00000887,ST09,SKU04458,CUST07179,1,159.55,123.49,Mobile App,22.6,PROMO045
2022-03-26,RCPT00000888,ST19,SKU02503,CUST01469,2,280.9,561.8,In-Store,0.0,
2022-03-26,RCPT00000888,ST19,SKU00942,CUST01469,1,172.9,172.9,In-Store,0.0,
2022-03-26,RCPT00000888,ST19,SKU04598,CUST01469,1,312.26,312.26,In-Store,0.0,
2025-09-28,RCPT00000889,ST18,SKU04162,CUST09020,2,364.89,729.78,Online,0.0,
2025-09-28,RCPT00000889,ST18,SKU03374,CUST09020,3,70.93,212.79,Online,0.0,
2025-09-28,RCPT00000889,ST18,SKU01469,CUST09020,1,69.23,69.23,Online,0.0,
2025-09-28,RCPT00000889,ST18,SKU00699,CUST09020,1,562.89,562.89,Online,0.0,
2025-09-28,RCPT00000889,ST18,SKU04149,CUST09020,2,229.63,459.26,Online,0.0,
2025-06-09,RCPT00000890,ST19,SKU01507,CUST03756,1,220.84,220.84,In-Store,0.0,
2025-06-09,RCPT00000890,ST19,SKU01109,CUST03756,2,486.1,972.2,In-Store,0.0,
2025-06-09,RCPT00000890,ST19,SKU01729,CUST03756,1,2438.69,2438.69,In-Store,0.0,
2025-06-09,RCPT00000890,ST19,SKU04139,CUST03756,1,1671.05,1671.05,In-Store,0.0,
2023-03-07,RCPT00000891,ST17,SKU01470,CUST03621,3,138.68,326.18,Online,21.6,PROMO066
2022-07-11,RCPT00000892,ST27,SKU04321,CUST03959,3,961.3,2883.9,In-Store,0.0,
2025-12-01,RCPT00000893,ST26,SKU04992,CUST03087,4,108.64,434.56,In-Store,0.0,
2024-12-15,RCPT00000894,ST30,SKU01028,CUST04838,1,120.24,120.24,Online,0.0,
2025-04-03,RCPT00000895,ST16,SKU04235,CUST04974,3,205.43,616.29,Online,0.0,
2024-12-13,RCPT00000896,ST05,SKU01200,CUST05746,1,973.91,973.91,Online,0.0,
2024-12-13,RCPT00000896,ST05,SKU00678,CUST05746,1,627.15,627.15,Online,0.0,
2024-12-13,RCPT00000896,ST05,SKU04609,CUST05746,1,575.8,575.8,Online,0.0,
2024-12-13,RCPT00000896,ST05,SKU03289,CUST05746,3,47.01,141.03,Online,0.0,
2025-03-06,RCPT00000897,ST04,SKU02614,CUST01746,2,118.14,236.28,In-Store,0.0,
2023-12-31,RCPT00000898,ST07,SKU03937,CUST09267,2,235.76,330.54,In-Store,29.9,PROMO043
2022-07-07,RCPT00000899,ST30,SKU00417,CUST07030,2,40.43,80.86,In-Store,0.0,
2022-07-07,RCPT00000899,ST30,SKU02482,CUST07030,2,1297.95,2595.9,In-Store,0.0,
2022-05-22,RCPT00000900,ST29,SKU02442,CUST09030,1,507.66,507.66,Online,0.0,
2022-05-22,RCPT00000900,ST29,SKU02737,CUST09030,1,315.14,315.14,Online,0.0,
2022-05-22,RCPT00000900,ST29,SKU01371,CUST09030,2,1277.61,2555.22,Online,0.0,
2023-12-26,RCPT00000901,ST03,SKU04321,CUST08125,1,961.3,673.87,In-Store,29.9,PROMO043
2023-12-26,RCPT00000901,ST03,SKU03236,CUST08125,2,160.9,225.58,In-Store,29.9,PROMO043
2023-12-26,RCPT00000901,ST03,SKU01889,CUST08125,3,83.31,175.2,In-Store,29.9,PROMO043
2023-12-26,RCPT00000901,ST03,SKU02618,CUST08125,1,245.99,172.44,In-Store,29.9,PROMO043
2023-12-26,RCPT00000901,ST03,SKU01164,CUST08125,2,241.81,339.02,In-Store,29.9,PROMO043
2024-09-10,RCPT00000902,ST17,SKU02486,CUST09307,2,279.85,559.7,Mobile App,0.0,
2024-09-10,RCPT00000902,ST17,SKU00764,CUST09307,2,31.66,63.32,Mobile App,0.0,
2025-04-02,RCPT00000903,ST08,SKU04778,CUST02326,1,485.82,485.82,Online,0.0,
2025-04-02,RCPT00000903,ST08,SKU04321,CUST02326,1,961.3,816.14,Online,15.1,PROMO067
2022-07-24,RCPT00000904,ST30,SKU03476,CUST02121,5,681.44,3407.2,In-Store,0.0,
2022-07-24,RCPT00000904,ST30,SKU03030,CUST02121,2,108.63,217.26,In-Store,0.0,
2022-07-24,RCPT00000904,ST30,SKU03063,CUST02121,1,363.59,363.59,In-Store,0.0,
2022-07-24,RCPT00000904,ST30,SKU00264,CUST02121,2,242.74,485.48,In-Store,0.0,
2022-12-06,RCPT00000905,ST12,SKU03292,CUST05106,1,164.03,164.03,In-Store,0.0,
2022-12-06,RCPT00000905,ST12,SKU02611,CUST05106,1,191.87,191.87,In-Store,0.0,
2023-11-18,RCPT00000906,ST07,SKU02785,CUST02787,1,1136.58,1136.58,In-Store,0.0,
2022-04-04,RCPT00000907,ST24,SKU03688,CUST06134,2,671.66,1343.32,In-Store,0.0,
2022-04-04,RCPT00000907,ST24,SKU03084,CUST06134,2,114.28,228.56,In-Store,0.0,
2022-01-07,RCPT00000908,ST16,SKU00050,CUST03195,5,34.08,170.4,In-Store,0.0,
2022-01-07,RCPT00000908,ST16,SKU01370,CUST03195,4,195.01,780.04,In-Store,0.0,
2023-06-11,RCPT00000909,ST08,SKU04783,CUST05942,2,1943.37,2977.24,In-Store,23.4,PROMO034
2022-09-29,RCPT00000910,ST27,SKU01103,CUST08020,1,222.82,222.82,In-Store,0.0,
2022-09-29,RCPT00000910,ST27,SKU01291,CUST08020,1,629.45,629.45,In-Store,0.0,
2024-03-28,RCPT00000911,ST13,SKU01982,CUST04783,1,88.35,49.65,Mobile App,43.8,PROMO075
2024-03-28,RCPT00000911,ST13,SKU01105,CUST04783,1,718.64,403.88,Mobile App,43.8,PROMO075
2025-03-21,RCPT00000912,ST12,SKU04126,CUST04986,1,1646.95,1646.95,Mobile App,0.0,
2022-02-13,RCPT00000913,ST06,SKU02920,CUST00973,4,68.47,273.88,Online,0.0,
2022-02-13,RCPT00000913,ST06,SKU03854,CUST00973,2,482.43,964.86,Online,0.0,
2022-02-13,RCPT00000913,ST06,SKU00692,CUST00973,2,235.52,242.11,Online,48.6,PROMO037
2025-08-08,RCPT00000914,ST12,SKU03727,CUST03173,1,1660.93,1016.49,In-Store,38.8,PROMO056
2022-08-21,RCPT00000915,ST18,SKU03193,CUST03079,1,259.16,259.16,In-Store,0.0,
2023-06-04,RCPT00000916,ST12,SKU04849,CUST08396,1,1457.98,876.25,In-Store,39.9,PROMO040
2023-06-04,RCPT00000916,ST12,SKU01931,CUST08396,1,1441.93,866.6,In-Store,39.9,PROMO040
2023-06-04,RCPT00000916,ST12,SKU04350,CUST08396,4,394.93,949.41,In-Store,39.9,PROMO040
2023-06-04,RCPT00000916,ST12,SKU00717,CUST08396,2,2112.64,2539.39,In-Store,39.9,PROMO040
2023-06-04,RCPT00000916,ST12,SKU00238,CUST08396,1,1766.09,1061.42,In-Store,39.9,PROMO040
2025-06-21,RCPT00000917,ST14,SKU04362,CUST03938,1,233.42,233.42,In-Store,0.0,
2022-03-29,RCPT00000918,ST30,SKU02657,CUST08237,2,128.75,257.5,In-Store,0.0,
2023-08-12,RCPT00000919,ST20,SKU00361,CUST07926,1,150.12,113.94,In-Store,24.1,PROMO093
2023-08-12,RCPT00000919,ST20,SKU01371,CUST07926,1,1277.61,1277.61,In-Store,0.0,
2022-10-13,RCPT00000920,ST24,SKU04281,CUST05569,1,234.97,234.97,Online,0.0,
2023-01-18,RCPT00000921,ST22,SKU03460,CUST09711,4,3034.93,12139.72,In-Store,0.0,
2025-07-17,RCPT00000922,ST12,SKU04166,CUST02410,1,263.67,263.67,In-Store,0.0,
2025-07-17,RCPT00000922,ST12,SKU04337,CUST02410,1,508.17,508.17,In-Store,0.0,
2025-07-17,RCPT00000922,ST12,SKU00403,CUST02410,3,878.1,2634.3,In-Store,0.0,
2024-07-02,RCPT00000923,ST18,SKU00640,CUST04386,1,180.34,139.58,In-Store,22.6,PROMO045
2024-07-02,RCPT00000923,ST18,SKU04547,CUST04386,1,343.88,266.16,In-Store,22.6,PROMO045
2024-07-02,RCPT00000923,ST18,SKU04321,CUST04386,1,961.3,744.05,In-Store,22.6,PROMO045
2023-11-07,RCPT00000924,ST07,SKU02178,CUST01240,5,188.27,941.35,In-Store,0.0,
2025-02-09,RCPT00000925,ST20,SKU00974,CUST08900,2,47.34,52.74,Online,44.3,PROMO041
2025-02-09,RCPT00000925,ST20,SKU03053,CUST08900,1,4086.72,2276.3,Online,44.3,PROMO041
2025-02-09,RCPT00000925,ST20,SKU02702,CUST08900,1,342.08,190.54,Online,44.3,PROMO041
2025-02-09,RCPT00000925,ST20,SKU04321,CUST08900,1,961.3,535.44,Online,44.3,PROMO041
2024-07-02,RCPT00000926,ST06,SKU01793,CUST02405,1,2230.84,1726.67,Online,22.6,PROMO045
2024-07-02,RCPT00000926,ST06,SKU04079,CUST02405,1,226.24,175.11,Online,22.6,PROMO045
2024-07-02,RCPT00000926,ST06,SKU04992,CUST02405,3,108.64,252.26,Online,22.6,PROMO045
2022-09-17,RCPT00000927,ST20,SKU03718,CUST07498,1,2305.93,2305.93,Online,0.0,
2022-09-17,RCPT00000927,ST20,SKU04321,CUST07498,1,961.3,961.3,Online,0.0,
2022-09-17,RCPT00000927,ST20,SKU03769,CUST07498,2,96.33,192.66,Online,0.0,
2025-04-19,RCPT00000928,ST07,SKU04909,CUST00364,4,190.96,763.84,In-Store,0.0,
2025-04-19,RCPT00000928,ST07,SKU04426,CUST00364,3,2055.78,6167.34,In-Store,0.0,
2024-11-27,RCPT00000929,ST28,SKU03812,CUST07431,2,1167.25,2334.5,In-Store,0.0,
2024-11-27,RCPT00000929,ST28,SKU03796,CUST07431,1,1839.46,1839.46,In-Store,0.0,
2024-11-27,RCPT00000929,ST28,SKU04321,CUST07431,1,961.3,961.3,In-Store,0.0,
2022-12-08,RCPT00000930,ST22,SKU01248,CUST04012,1,381.79,308.87,In-Store,19.1,PROMO086
2022-01-08,RCPT00000931,ST29,SKU03974,CUST05693,1,228.41,228.41,Online,0.0,
2023-04-28,RCPT00000932,ST19,SKU00390,CUST00658,5,437.62,2188.1,In-Store,0.0,
2024-06-26,RCPT00000933,ST17,SKU02954,CUST06603,1,603.3,466.95,Online,22.6,PROMO045
2024-06-26,RCPT00000933,ST17,SKU03837,CUST06603,1,197.06,152.52,Online,22.6,PROMO045
2022-04-28,RCPT00000934,ST08,SKU02691,CUST07176,1,309.21,309.21,Online,0.0,
2022-04-28,RCPT00000934,ST08,SKU01232,CUST07176,1,416.45,416.45,Online,0.0,
2022-04-28,RCPT00000934,ST08,SKU00196,CUST07176,2,90.98,181.96,Online,0.0,
2024-02-26,RCPT00000935,ST02,SKU03193,CUST02805,2,259.16,518.32,Mobile App,0.0,
2025-09-10,RCPT00000936,ST05,SKU00190,CUST05750,3,145.42,436.26,In-Store,0.0,
2024-08-12,RCPT00000937,ST21,SKU04210,CUST04760,2,41.89,83.78,In-Store,0.0,
2024-08-12,RCPT00000937,ST21,SKU00079,CUST04760,2,197.9,395.8,In-Store,0.0,
2025-09-08,RCPT00000938,ST23,SKU00808,CUST03933,1,1221.51,1221.51,In-Store,0.0,
2022-11-16,RCPT00000940,ST26,SKU01775,CUST07519,1,204.15,204.15,Online,0.0,
2022-11-16,RCPT00000940,ST26,SKU00086,CUST07519,1,2786.01,2786.01,Online,0.0,
2023-10-26,RCPT00000941,ST13,SKU02026,CUST01592,1,1823.87,1823.87,In-Store,0.0,
2025-11-22,RCPT00000942,ST29,SKU01280,CUST09566,1,593.19,593.19,Online,0.0,
2025-11-22,RCPT00000942,ST29,SKU01683,CUST09566,3,513.45,1540.35,Online,0.0,
2022-11-01,RCPT00000943,ST13,SKU02858,CUST05253,3,90.7,272.1,Mobile App,0.0,
2024-04-11,RCPT00000944,ST03,SKU04574,CUST08353,1,71.96,36.12,Mobile App,49.8,PROMO019
2024-04-11,RCPT00000944,ST03,SKU02162,CUST08353,1,400.99,201.3,Mobile App,49.8,PROMO019
2022-12-17,RCPT00000945,ST22,SKU00014,CUST03219,2,161.5,323.0,Mobile App,0.0,
2022-01-18,RCPT00000946,ST22,SKU02141,CUST03102,2,471.88,943.76,Online,0.0,
2022-01-18,RCPT00000946,ST22,SKU00983,CUST03102,2,1292.33,2584.66,Online,0.0,
2022-01-18,RCPT00000946,ST22,SKU02827,CUST03102,1,129.22,129.22,Online,0.0,
2023-02-28,RCPT00000947,ST19,SKU02060,CUST00030,1,214.74,214.74,In-Store,0.0,
2023-02-28,RCPT00000947,ST19,SKU04677,CUST00030,1,167.85,167.85,In-Store,0.0,
2023-02-28,RCPT00000947,ST19,SKU03648,CUST00030,5,312.11,1560.55,In-Store,0.0,
2023-09-03,RCPT00000948,ST22,SKU00175,CUST06766,1,182.36,159.2,In-Store,12.7,PROMO010
2022-10-09,RCPT00000949,ST20,SKU01840,CUST05219,1,117.69,117.69,Mobile App,0.0,
2025-12-01,RCPT00000950,ST20,SKU00746,CUST04495,1,1030.75,1030.75,In-Store,0.0,
2025-03-01,RCPT00000951,ST21,SKU01454,CUST05926,2,115.42,230.84,In-Store,0.0,
2022-10-28,RCPT00000952,ST06,SKU04934,CUST00822,1,223.16,223.16,Online,0.0,
2022-10-28,RCPT00000952,ST06,SKU04016,CUST00822,4,1492.65,5970.6,Online,0.0,
2022-10-28,RCPT00000952,ST06,SKU02986,CUST00822,2,366.41,732.82,Online,0.0,
2025-06-29,RCPT00000953,ST06,SKU03326,CUST08886,3,42.13,126.39,In-Store,0.0,
2025-06-29,RCPT00000953,ST06,SKU00672,CUST08886,2,756.53,1513.06,In-Store,0.0,
2025-06-29,RCPT00000953,ST06,SKU03011,CUST08886,2,109.09,218.18,In-Store,0.0,
2025-03-03,RCPT00000954,ST12,SKU04778,CUST08494,2,485.82,971.64,In-Store,0.0,
2025-10-30,RCPT00000955,ST27,SKU01169,CUST00851,1,146.46,146.46,In-Store,0.0,
2025-10-30,RCPT00000955,ST27,SKU04685,CUST00851,1,173.01,173.01,In-Store,0.0,
2025-03-11,RCPT00000956,ST28,SKU02954,CUST00590,2,603.3,1206.6,Mobile App,0.0,
2025-03-11,RCPT00000956,ST28,SKU03766,CUST00590,1,268.44,268.44,Mobile App,0.0,
2025-03-11,RCPT00000956,ST28,SKU03720,CUST00590,2,2020.2,4040.4,Mobile App,0.0,
2022-12-30,RCPT00000957,ST06,SKU01420,CUST09722,2,213.65,427.3,Online,0.0,
2022-03-14,RCPT00000958,ST10,SKU00436,CUST08578,2,146.23,292.46,In-Store,0.0,
2025-09-12,RCPT00000959,ST15,SKU03727,CUST04153,1,1660.93,1660.93,In-Store,0.0,
2025-09-12,RCPT00000959,ST15,SKU02858,CUST04153,1,90.7,90.7,In-Store,0.0,
2025-09-12,RCPT00000959,ST15,SKU04084,CUST04153,2,89.59,179.18,In-Store,0.0,
2022-12-17,RCPT00000960,ST05,SKU01559,CUST04355,1,82.07,64.67,Mobile App,21.2,PROMO091
2022-12-29,RCPT00000961,ST30,SKU02988,CUST05227,1,252.98,252.98,Online,0.0,
2023-03-10,RCPT00000962,ST30,SKU01578,CUST09006,3,540.35,1507.58,Mobile App,7.0,PROMO002
2025-11-10,RCPT00000963,ST06,SKU04321,CUST09242,1,961.3,961.3,In-Store,0.0,
2025-05-13,RCPT00000964,ST07,SKU04321,CUST04604,1,961.3,961.3,Online,0.0,
2025-07-20,RCPT00000965,ST28,SKU04368,CUST01695,1,303.19,303.19,In-Store,0.0,
2025-07-20,RCPT00000965,ST28,SKU02930,CUST01695,1,170.16,170.16,In-Store,0.0,
2025-11-13,RCPT00000966,ST30,SKU00781,CUST01142,1,459.08,459.08,In-Store,0.0,
2025-11-13,RCPT00000966,ST30,SKU04063,CUST01142,4,471.49,1885.96,In-Store,0.0,
2025-11-13,RCPT00000966,ST30,SKU00171,CUST01142,1,253.93,253.93,In-Store,0.0,
2023-07-05,RCPT00000967,ST19,SKU00758,CUST04090,1,109.39,109.39,In-Store,0.0,
2024-11-04,RCPT00000968,ST19,SKU02143,CUST09977,1,88.64,79.86,In-Store,9.9,PROMO009
2024-09-01,RCPT00000969,ST14,SKU01609,CUST02811,2,600.87,1201.74,In-Store,0.0,
2024-09-01,RCPT00000969,ST14,SKU04825,CUST02811,1,1503.66,1503.66,In-Store,0.0,
2025-07-22,RCPT00000970,ST05,SKU00537,CUST08941,3,183.18,549.54,Mobile App,0.0,
2025-07-22,RCPT00000970,ST05,SKU04596,CUST08941,5,335.55,1677.75,Mobile App,0.0,
2024-12-31,RCPT00000971,ST30,SKU04261,CUST06120,1,100.41,100.41,In-Store,0.0,
2024-12-31,RCPT00000971,ST30,SKU04736,CUST06120,1,143.03,143.03,In-Store,0.0,
2024-12-31,RCPT00000971,ST30,SKU04314,CUST06120,5,567.99,2839.95,In-Store,0.0,
2022-12-10,RCPT00000972,ST20,SKU01047,CUST07550,1,778.4,711.46,In-Store,8.6,PROMO095
2022-12-10,RCPT00000972,ST20,SKU00391,CUST07550,1,1207.83,1103.96,In-Store,8.6,PROMO095
2022-12-10,RCPT00000972,ST20,SKU00942,CUST07550,2,172.9,345.8,In-Store,0.0,
2022-11-04,RCPT00000973,ST14,SKU04221,CUST03186,1,443.13,443.13,In-Store,0.0,
2022-11-04,RCPT00000973,ST14,SKU04168,CUST03186,1,701.3,701.3,In-Store,0.0,
2022-10-11,RCPT00000974,ST12,SKU01149,CUST01710,1,500.46,500.46,In-Store,0.0,
2022-10-11,RCPT00000974,ST12,SKU00438,CUST01710,1,90.72,90.72,In-Store,0.0,
2024-10-16,RCPT00000975,ST24,SKU03001,CUST04895,5,2715.32,13576.6,Online,0.0,
2024-10-16,RCPT00000975,ST24,SKU04321,CUST04895,1,961.3,961.3,Online,0.0,
2024-09-15,RCPT00000976,ST28,SKU04627,CUST06901,1,630.47,630.47,In-Store,0.0,
2025-01-24,RCPT00000977,ST26,SKU04341,CUST05503,1,67.39,67.39,Online,0.0,
2025-01-24,RCPT00000977,ST26,SKU04243,CUST05503,2,86.81,173.62,Online,0.0,
2025-01-24,RCPT00000977,ST26,SKU02954,CUST05503,1,603.3,603.3,Online,0.0,
2025-01-16,RCPT00000978,ST03,SKU04596,CUST05150,1,335.55,190.59,Mobile App,43.2,PROMO098
2023-09-06,RCPT00000979,ST27,SKU02838,CUST08094,1,655.85,572.56,In-Store,12.7,PROMO010
2025-08-08,RCPT00000980,ST11,SKU04924,CUST04784,5,2799.28,13996.4,Mobile App,0.0,
2024-12-25,RCPT00000981,ST11,SKU03601,CUST05222,2,790.24,1580.48,In-Store,0.0,
2024-12-25,RCPT00000981,ST11,SKU03259,CUST05222,1,602.04,602.04,In-Store,0.0,
2024-12-25,RCPT00000981,ST11,SKU04321,CUST05222,3,961.3,2883.9,In-Store,0.0,
2023-07-19,RCPT00000982,ST24,SKU01751,CUST02270,1,459.81,459.81,In-Store,0.0,
2023-07-19,RCPT00000982,ST24,SKU04551,CUST02270,1,2498.23,2498.23,In-Store,0.0,
2023-07-19,RCPT00000982,ST24,SKU02668,CUST02270,1,1122.49,1122.49,In-Store,0.0,
2023-07-19,RCPT00000982,ST24,SKU00002,CUST02270,1,70.38,70.38,In-Store,0.0,
2023-07-19,RCPT00000982,ST24,SKU03150,CUST02270,1,3570.59,3570.59,In-Store,0.0,
2023-02-03,RCPT00000983,ST01,SKU00155,CUST04860,2,585.78,1171.56,Online,0.0,
2024-12-23,RCPT00000984,ST22,SKU02132,CUST06180,1,428.85,428.85,Mobile App,0.0,
2022-04-19,RCPT00000985,ST13,SKU04599,CUST08459,4,1987.33,7949.32,In-Store,0.0,
2025-11-09,RCPT00000986,ST04,SKU03965,CUST02159,1,81.54,81.54,Online,0.0,
2025-11-09,RCPT00000986,ST04,SKU04453,CUST02159,5,265.58,1327.9,Online,0.0,
2024-11-13,RCPT00000987,ST19,SKU03383,CUST09216,1,214.46,214.46,In-Store,0.0,
2024-11-13,RCPT00000987,ST19,SKU04734,CUST09216,1,159.5,159.5,In-Store,0.0,
2024-05-08,RCPT00000988,ST10,SKU03100,CUST02147,1,403.04,403.04,Online,0.0,
2024-02-06,RCPT00000989,ST05,SKU04381,CUST06493,3,192.07,576.21,In-Store,0.0,
2024-02-06,RCPT00000989,ST05,SKU01359,CUST06493,1,303.38,303.38,In-Store,0.0,
2022-09-19,RCPT00000990,ST04,SKU00974,CUST03201,1,47.34,47.34,In-Store,0.0,
2022-09-19,RCPT00000990,ST04,SKU03662,CUST03201,1,275.54,275.54,In-Store,0.0,
2022-09-19,RCPT00000990,ST04,SKU04596,CUST03201,2,335.55,671.1,In-Store,0.0,
2022-09-19,RCPT00000990,ST04,SKU02532,CUST03201,3,115.67,347.01,In-Store,0.0,
2022-09-19,RCPT00000990,ST04,SKU02657,CUST03201,2,128.75,257.5,In-Store,0.0,
2022-12-14,RCPT00000991,ST30,SKU00291,CUST00896,2,190.44,380.88,In-Store,0.0,
2025-05-30,RCPT00000992,ST06,SKU02314,CUST09665,1,471.33,471.33,Online,0.0,
2025-05-30,RCPT00000992,ST06,SKU01684,CUST09665,4,170.29,681.16,Online,0.0,
2022-08-31,RCPT00000993,ST27,SKU04321,CUST07041,4,961.3,3499.13,In-Store,9.0,PROMO033
2024-12-31,RCPT00000994,ST30,SKU04551,CUST04566,2,2498.23,4996.46,Online,0.0,
2024-12-31,RCPT00000994,ST30,SKU00519,CUST04566,2,71.95,143.9,Online,0.0,
2024-03-14,RCPT00000995,ST23,SKU04321,CUST08800,1,961.3,540.25,In-Store,43.8,PROMO075
2024-03-14,RCPT00000995,ST23,SKU04596,CUST08800,2,335.55,377.16,In-Store,43.8,PROMO075
2025-08-12,RCPT00000996,ST28,SKU01489,CUST01228,3,110.32,330.96,Online,0.0,
2025-08-12,RCPT00000996,ST28,SKU04460,CUST01228,5,322.19,1610.95,Online,0.0,
2023-11-20,RCPT00000997,ST21,SKU04571,CUST00986,2,868.52,1737.04,In-Store,0.0,
2023-11-20,RCPT00000997,ST21,SKU01833,CUST00986,4,62.59,250.36,In-Store,0.0,
2022-06-03,RCPT00000998,ST21,SKU03106,CUST05387,1,127.35,72.84,Online,42.8,PROMO022
2022-06-03,RCPT00000998,ST21,SKU04321,CUST05387,2,961.3,1099.73,Online,42.8,PROMO022
2022-06-03,RCPT00000998,ST21,SKU01644,CUST05387,1,68.26,39.04,Online,42.8,PROMO022
2025-10-03,RCPT00000999,ST01,SKU01137,CUST01936,3,1286.53,3859.59,Online,0.0,
2023-09-12,RCPT00001000,ST05,SKU03902,CUST03828,1,342.12,298.67,In-Store,12.7,PROMO010
2025-10-23,RCPT00001001,ST25,SKU01584,CUST08063,1,1356.9,1356.9,In-Store,0.0,
2022-07-19,RCPT00001002,ST07,SKU00601,CUST06553,1,208.17,208.17,In-Store,0.0,
2023-08-28,RCPT00001003,ST24,SKU00569,CUST01937,1,44.86,39.16,Mobile App,12.7,PROMO010
2023-08-28,RCPT00001003,ST24,SKU02663,CUST01937,4,92.66,323.57,Mobile App,12.7,PROMO010
2023-08-28,RCPT00001003,ST24,SKU01352,CUST01937,3,149.83,392.4,Mobile App,12.7,PROMO010
2023-08-28,RCPT00001003,ST24,SKU03386,CUST01937,4,290.62,1014.85,Mobile App,12.7,PROMO010
2024-12-26,RCPT00001004,ST14,SKU03323,CUST08482,1,3001.52,3001.52,In-Store,0.0,
2025-03-04,RCPT00001005,ST01,SKU00205,CUST04851,2,222.89,291.09,In-Store,34.7,PROMO057
2025-03-04,RCPT00001005,ST01,SKU02720,CUST04851,1,139.98,139.98,In-Store,0.0,
2024-10-24,RCPT00001006,ST19,SKU03028,CUST08944,3,242.32,726.96,Online,0.0,
2025-11-08,RCPT00001007,ST04,SKU02396,CUST07361,1,672.42,672.42,In-Store,0.0,
2025-03-17,RCPT00001008,ST28,SKU04321,CUST02102,1,961.3,816.14,Mobile App,15.1,PROMO067
2025-03-17,RCPT00001008,ST28,SKU04084,CUST02102,1,89.59,89.59,Mobile App,0.0,
2025-03-17,RCPT00001008,ST28,SKU04183,CUST02102,3,764.94,2294.82,Mobile App,0.0,
2025-03-17,RCPT00001008,ST28,SKU01435,CUST02102,1,1037.9,1037.9,Mobile App,0.0,
2023-03-10,RCPT00001009,ST08,SKU00553,CUST08124,4,159.88,594.75,In-Store,7.0,PROMO002
2023-03-10,RCPT00001009,ST08,SKU00062,CUST08124,1,499.45,464.49,In-Store,7.0,PROMO002
2023-12-20,RCPT00001010,ST29,SKU02682,CUST03418,1,2202.3,2202.3,Mobile App,0.0,
2025-09-12,RCPT00001011,ST28,SKU02690,CUST04009,3,249.77,749.31,In-Store,0.0,
2025-09-12,RCPT00001011,ST28,SKU04321,CUST04009,1,961.3,961.3,In-Store,0.0,
2023-03-21,RCPT00001012,ST23,SKU01544,CUST04124,2,131.34,244.29,In-Store,7.0,PROMO002
2024-09-01,RCPT00001013,ST21,SKU01779,CUST05782,2,130.19,260.38,Online,0.0,
2024-09-01,RCPT00001013,ST21,SKU02587,CUST05782,1,499.23,499.23,Online,0.0,
2024-09-01,RCPT00001013,ST21,SKU00044,CUST05782,2,525.77,1051.54,Online,0.0,
2024-09-01,RCPT00001013,ST21,SKU02852,CUST05782,1,1937.58,1937.58,Online,0.0,
2023-07-08,RCPT00001014,ST05,SKU02705,CUST02029,2,3268.55,6537.1,In-Store,0.0,
2023-07-08,RCPT00001014,ST05,SKU03948,CUST02029,2,68.23,136.46,In-Store,0.0,
2024-08-01,RCPT00001015,ST05,SKU01073,CUST06669,1,332.78,332.78,In-Store,0.0,
2023-01-07,RCPT00001016,ST09,SKU04596,CUST03581,1,335.55,335.55,Mobile App,0.0,
2024-03-27,RCPT00001017,ST13,SKU04321,CUST00536,1,961.3,540.25,Mobile App,43.8,PROMO075
2025-08-06,RCPT00001018,ST08,SKU00917,CUST08797,1,182.25,182.25,In-Store,0.0,
2025-08-06,RCPT00001018,ST08,SKU03478,CUST08797,3,66.84,200.52,In-Store,0.0,
2025-08-06,RCPT00001018,ST08,SKU02526,CUST08797,1,698.11,351.85,In-Store,49.6,PROMO088
2025-08-06,RCPT00001018,ST08,SKU04325,CUST08797,2,2888.57,5777.14,In-Store,0.0,
2023-02-16,RCPT00001019,ST07,SKU04096,CUST04523,2,155.65,311.3,Mobile App,0.0,
2025-12-15,RCPT00001020,ST12,SKU00575,CUST02102,1,2920.7,2920.7,Mobile App,0.0,
2024-11-21,RCPT00001021,ST15,SKU00054,CUST02953,1,2079.97,2079.97,Online,0.0,
2023-07-02,RCPT00001022,ST17,SKU00022,CUST07694,1,201.01,201.01,Mobile App,0.0,
2023-07-02,RCPT00001022,ST17,SKU00325,CUST07694,4,631.5,2526.0,Mobile App,0.0,
2022-12-21,RCPT00001023,ST24,SKU04596,CUST04414,1,335.55,335.55,Online,0.0,
2022-12-21,RCPT00001023,ST24,SKU01103,CUST04414,4,222.82,891.28,Online,0.0,
2025-06-24,RCPT00001024,ST11,SKU00982,CUST09221,1,1475.54,1475.54,In-Store,0.0,
2023-07-26,RCPT00001025,ST27,SKU01189,CUST09049,4,2299.8,4627.2,In-Store,49.7,PROMO030
2023-07-26,RCPT00001025,ST27,SKU01103,CUST09049,2,222.82,224.16,In-Store,49.7,PROMO030
2023-07-26,RCPT00001025,ST27,SKU04321,CUST09049,2,961.3,1445.8,In-Store,24.8,PROMO061
2024-02-29,RCPT00001026,ST06,SKU04599,CUST09799,1,1987.33,1987.33,In-Store,0.0,
2024-02-29,RCPT00001026,ST06,SKU01743,CUST09799,1,1398.86,1398.86,In-Store,0.0,
2024-02-29,RCPT00001026,ST06,SKU04734,CUST09799,2,159.5,319.0,In-Store,0.0,
2024-02-29,RCPT00001026,ST06,SKU04479,CUST09799,1,1328.83,1328.83,In-Store,0.0,
2022-03-26,RCPT00001027,ST01,SKU04321,CUST04109,1,961.3,961.3,In-Store,0.0,
2022-03-26,RCPT00001027,ST01,SKU00994,CUST04109,3,602.13,1806.39,In-Store,0.0,
2025-12-13,RCPT00001028,ST29,SKU03721,CUST03807,1,300.22,300.22,In-Store,0.0,
2022-10-03,RCPT00001029,ST05,SKU03984,CUST06500,4,331.05,1324.2,Online,0.0,
2022-10-03,RCPT00001029,ST05,SKU02355,CUST06500,3,321.17,963.51,Online,0.0,
2022-10-03,RCPT00001029,ST05,SKU01983,CUST06500,1,530.92,530.92,Online,0.0,
2025-08-09,RCPT00001030,ST11,SKU01058,CUST08750,2,642.99,787.02,In-Store,38.8,PROMO056
2025-08-12,RCPT00001031,ST18,SKU04306,CUST02167,3,162.94,488.82,In-Store,0.0,
2025-08-12,RCPT00001031,ST18,SKU00774,CUST02167,2,94.61,189.22,In-Store,0.0,
2024-12-08,RCPT00001032,ST21,SKU02743,CUST09980,1,459.4,459.4,In-Store,0.0,
2024-12-08,RCPT00001032,ST21,SKU03556,CUST09980,3,656.88,1970.64,In-Store,0.0,
2024-03-18,RCPT00001033,ST05,SKU02422,CUST07568,2,377.53,424.34,In-Store,43.8,PROMO075
2024-03-18,RCPT00001033,ST05,SKU02325,CUST07568,2,166.16,186.76,In-Store,43.8,PROMO075
2022-08-22,RCPT00001034,ST30,SKU04321,CUST07172,2,961.3,1922.6,In-Store,0.0,
2023-12-17,RCPT00001035,ST21,SKU02840,CUST00330,1,267.04,267.04,In-Store,0.0,
2023-12-17,RCPT00001035,ST21,SKU02741,CUST00330,1,86.2,86.2,In-Store,0.0,
2023-10-31,RCPT00001036,ST29,SKU03040,CUST03599,1,2390.56,1331.54,In-Store,44.3,PROMO048
2022-10-18,RCPT00001037,ST04,SKU01541,CUST06062,1,932.0,932.0,In-Store,0.0,
2022-10-18,RCPT00001037,ST04,SKU00251,CUST06062,4,143.83,575.32,In-Store,0.0,
2022-10-18,RCPT00001037,ST04,SKU04084,CUST06062,1,89.59,89.59,In-Store,0.0,
2025-01-30,RCPT00001038,ST29,SKU01380,CUST04840,1,261.81,261.81,Online,0.0,
2025-04-26,RCPT00001039,ST21,SKU02891,CUST09480,2,514.58,1029.16,In-Store,0.0,
2025-04-26,RCPT00001039,ST21,SKU00994,CUST09480,1,602.13,602.13,In-Store,0.0,
2022-08-11,RCPT00001040,ST18,SKU04601,CUST03537,4,346.35,1385.4,In-Store,0.0,
2022-04-20,RCPT00001041,ST22,SKU00836,CUST07482,3,765.01,2295.03,In-Store,0.0,
2022-04-20,RCPT00001041,ST22,SKU02840,CUST07482,2,267.04,534.08,In-Store,0.0,
2022-10-24,RCPT00001042,ST09,SKU02158,CUST02397,2,96.52,193.04,Online,0.0,
2022-10-24,RCPT00001042,ST09,SKU02369,CUST02397,2,162.77,325.54,Online,0.0,
2024-10-20,RCPT00001043,ST11,SKU02575,CUST06046,1,1652.6,1652.6,Mobile App,0.0,
2024-10-20,RCPT00001043,ST11,SKU02543,CUST06046,3,1956.24,5868.72,Mobile App,0.0,
2025-02-22,RCPT00001044,ST21,SKU01749,CUST07399,3,1682.32,2811.16,In-Store,44.3,PROMO041
2024-06-24,RCPT00001045,ST29,SKU00416,CUST03993,3,75.12,174.43,Mobile App,22.6,PROMO045
2024-06-24,RCPT00001045,ST29,SKU02892,CUST03993,1,77.05,59.64,Mobile App,22.6,PROMO045
2024-06-24,RCPT00001045,ST29,SKU04191,CUST03993,1,106.7,82.59,Mobile App,22.6,PROMO045
2023-03-03,RCPT00001046,ST22,SKU02428,CUST01148,3,151.98,455.94,Online,0.0,
2025-12-29,RCPT00001047,ST21,SKU01507,CUST02190,2,220.84,441.68,In-Store,0.0,
2025-12-29,RCPT00001047,ST21,SKU03530,CUST02190,4,2126.37,8505.48,In-Store,0.0,
2025-12-29,RCPT00001047,ST21,SKU03632,CUST02190,1,87.25,87.25,In-Store,0.0,
2024-11-11,RCPT00001048,ST18,SKU00286,CUST09579,2,64.45,128.9,In-Store,0.0,
2024-02-03,RCPT00001049,ST15,SKU02372,CUST07123,3,401.1,1203.3,Online,0.0,
2024-02-03,RCPT00001049,ST15,SKU03914,CUST07123,1,268.05,268.05,Online,0.0,
2024-02-03,RCPT00001049,ST15,SKU04596,CUST07123,1,335.55,335.55,Online,0.0,
2023-01-31,RCPT00001050,ST09,SKU02954,CUST08279,2,603.3,1206.6,In-Store,0.0,
2022-02-25,RCPT00001051,ST14,SKU01489,CUST06478,2,110.32,220.64,In-Store,0.0,
2022-02-25,RCPT00001051,ST14,SKU04676,CUST06478,2,398.8,797.6,In-Store,0.0,
2022-02-25,RCPT00001051,ST14,SKU02462,CUST06478,3,171.89,515.67,In-Store,0.0,
2022-02-25,RCPT00001051,ST14,SKU02897,CUST06478,1,2337.3,2096.56,In-Store,10.3,PROMO052
2025-01-10,RCPT00001052,ST30,SKU03551,CUST03626,3,177.14,531.42,In-Store,0.0,
2022-12-14,RCPT00001053,ST08,SKU03392,CUST06413,2,1170.37,2340.74,In-Store,0.0,
2023-12-17,RCPT00001054,ST11,SKU03995,CUST08486,1,177.76,177.76,Mobile App,0.0,
2025-07-13,RCPT00001055,ST01,SKU04714,CUST04223,3,2007.28,6021.84,In-Store,0.0,
2025-07-13,RCPT00001055,ST01,SKU04127,CUST04223,2,97.29,194.58,In-Store,0.0,
2025-07-13,RCPT00001055,ST01,SKU04871,CUST04223,1,761.27,761.27,In-Store,0.0,
2022-05-11,RCPT00001056,ST12,SKU02930,CUST00008,2,170.16,340.32,In-Store,0.0,
2025-09-15,RCPT00001057,ST20,SKU04168,CUST05038,3,701.3,2103.9,In-Store,0.0,
2024-12-12,RCPT00001058,ST05,SKU00374,CUST01344,1,1189.97,1189.97,In-Store,0.0,
2025-06-04,RCPT00001059,ST23,SKU03928,CUST03594,3,501.18,1503.54,In-Store,0.0,
2024-06-30,RCPT00001060,ST22,SKU01033,CUST02897,3,1645.61,3821.11,Mobile App,22.6,PROMO045
2024-06-30,RCPT00001060,ST22,SKU02983,CUST02897,1,1062.71,822.54,Mobile App,22.6,PROMO045
2024-06-30,RCPT00001060,ST22,SKU04383,CUST02897,1,1576.66,1220.33,Mobile App,22.6,PROMO045
2025-07-12,RCPT00001061,ST14,SKU03030,CUST05654,1,108.63,108.63,In-Store,0.0,
2022-06-12,RCPT00001062,ST23,SKU01045,CUST05315,2,451.29,516.28,In-Store,42.8,PROMO022
2023-09-17,RCPT00001063,ST22,SKU02596,CUST05086,1,264.7,264.7,Mobile App,0.0,
2023-12-03,RCPT00001064,ST22,SKU00859,CUST08151,1,2293.14,2293.14,Mobile App,0.0,
2023-12-03,RCPT00001064,ST22,SKU01240,CUST08151,1,1130.44,1130.44,Mobile App,0.0,
2023-12-03,RCPT00001064,ST22,SKU02141,CUST08151,1,471.88,471.88,Mobile App,0.0,
2023-10-16,RCPT00001065,ST08,SKU03800,CUST06406,1,114.46,114.46,In-Store,0.0,
2023-10-16,RCPT00001065,ST08,SKU03938,CUST06406,4,132.09,528.36,In-Store,0.0,
2023-05-21,RCPT00001066,ST18,SKU01363,CUST01577,1,3184.6,3184.6,Online,0.0,
2023-05-21,RCPT00001066,ST18,SKU03840,CUST01577,2,255.12,510.24,Online,0.0,
2023-05-21,RCPT00001066,ST18,SKU00472,CUST01577,1,342.83,342.83,Online,0.0,
2023-05-07,RCPT00001067,ST16,SKU00290,CUST07684,1,235.81,235.81,Online,0.0,
2023-05-07,RCPT00001067,ST16,SKU03079,CUST07684,1,1312.41,1312.41,Online,0.0,
2023-10-26,RCPT00001068,ST28,SKU01993,CUST06810,1,142.17,142.17,Online,0.0,
2025-10-16,RCPT00001069,ST08,SKU02130,CUST07516,1,749.78,749.78,Online,0.0,
2024-07-16,RCPT00001070,ST30,SKU03604,CUST00900,4,122.62,379.63,In-Store,22.6,PROMO045
2024-07-16,RCPT00001070,ST30,SKU01136,CUST00900,3,306.5,711.69,In-Store,22.6,PROMO045
2024-07-16,RCPT00001070,ST30,SKU00942,CUST00900,1,172.9,133.82,In-Store,22.6,PROMO045
2024-08-25,RCPT00001071,ST23,SKU04575,CUST01838,2,80.19,160.38,In-Store,0.0,
2023-05-21,RCPT00001072,ST23,SKU02950,CUST09636,2,251.09,502.18,In-Store,0.0,
2023-05-21,RCPT00001072,ST23,SKU01858,CUST09636,1,74.37,74.37,In-Store,0.0,
2023-05-21,RCPT00001072,ST23,SKU00726,CUST09636,1,974.67,974.67,In-Store,0.0,
2023-05-21,RCPT00001072,ST23,SKU01275,CUST09636,4,96.57,386.28,In-Store,0.0,
2024-11-30,RCPT00001073,ST14,SKU02724,CUST06611,1,44.98,44.98,Online,0.0,
2022-11-12,RCPT00001074,ST17,SKU04233,CUST09487,1,271.64,271.64,In-Store,0.0,
2022-11-12,RCPT00001074,ST17,SKU01045,CUST09487,2,451.29,902.58,In-Store,0.0,
2022-12-26,RCPT00001075,ST30,SKU02141,CUST03703,1,471.88,471.88,In-Store,0.0,
2023-12-23,RCPT00001076,ST21,SKU04350,CUST02298,2,394.93,553.69,In-Store,29.9,PROMO043
2023-12-23,RCPT00001076,ST21,SKU04321,CUST02298,1,961.3,673.87,In-Store,29.9,PROMO043
2023-12-23,RCPT00001076,ST21,SKU01354,CUST02298,2,99.58,139.61,In-Store,29.9,PROMO043
2022-06-20,RCPT00001077,ST26,SKU00893,CUST03722,1,690.66,690.66,Mobile App,0.0,
2024-08-01,RCPT00001078,ST23,SKU02856,CUST07333,1,211.45,211.45,In-Store,0.0,
2025-02-10,RCPT00001079,ST19,SKU02930,CUST04096,1,170.16,94.78,Online,44.3,PROMO041
2025-02-10,RCPT00001079,ST19,SKU04596,CUST04096,2,335.55,373.8,Online,44.3,PROMO041
2022-11-03,RCPT00001080,ST05,SKU04115,CUST02251,2,1344.22,2688.44,In-Store,0.0,
2023-11-11,RCPT00001081,ST06,SKU04206,CUST01255,1,667.18,667.18,Mobile App,0.0,
2023-11-11,RCPT00001081,ST06,SKU02428,CUST01255,2,151.98,303.96,Mobile App,0.0,
2025-06-13,RCPT00001082,ST21,SKU01159,CUST01934,1,361.28,361.28,Online,0.0,
2023-01-07,RCPT00001083,ST01,SKU00823,CUST09913,1,183.03,183.03,In-Store,0.0,
2023-01-07,RCPT00001083,ST01,SKU02198,CUST09913,3,734.76,2204.28,In-Store,0.0,
2022-11-17,RCPT00001084,ST08,SKU01603,CUST02750,1,1540.86,1540.86,In-Store,0.0,
2022-11-17,RCPT00001084,ST08,SKU04649,CUST02750,1,541.59,541.59,In-Store,0.0,
2024-10-19,RCPT00001085,ST21,SKU04184,CUST01662,3,853.17,2559.51,Mobile App,0.0,
2022-12-24,RCPT00001086,ST06,SKU02692,CUST08223,2,2095.03,3829.71,In-Store,8.6,PROMO095
2022-12-24,RCPT00001086,ST06,SKU02841,CUST08223,3,271.96,815.88,In-Store,0.0,
2022-12-09,RCPT00001087,ST29,SKU04165,CUST07640,2,2295.86,4591.72,In-Store,0.0,
2022-12-09,RCPT00001087,ST29,SKU01449,CUST07640,2,2232.35,4464.7,In-Store,0.0,
2022-06-16,RCPT00001088,ST03,SKU04321,CUST06686,4,961.3,2199.45,In-Store,42.8,PROMO022
2022-06-16,RCPT00001088,ST03,SKU02648,CUST06686,1,883.45,505.33,In-Store,42.8,PROMO022
2022-06-16,RCPT00001088,ST03,SKU04668,CUST06686,1,116.64,66.72,In-Store,42.8,PROMO022
2022-06-16,RCPT00001088,ST03,SKU00079,CUST06686,3,197.9,339.6,In-Store,42.8,PROMO022
2023-02-06,RCPT00001089,ST26,SKU01624,CUST07499,1,498.35,498.35,Online,0.0,
2025-12-19,RCPT00001090,ST30,SKU04280,CUST03724,2,318.92,637.84,In-Store,0.0,
2025-07-08,RCPT00001091,ST22,SKU04903,CUST07785,1,237.98,237.98,In-Store,0.0,
2024-05-29,RCPT00001092,ST21,SKU01731,CUST09871,1,224.15,224.15,Mobile App,0.0,
2024-04-15,RCPT00001093,ST29,SKU02152,CUST08301,3,134.44,202.47,In-Store,49.8,PROMO019
2022-03-16,RCPT00001094,ST13,SKU04508,CUST05155,4,375.55,1502.2,In-Store,0.0,
2022-10-05,RCPT00001095,ST12,SKU00509,CUST05207,1,238.23,238.23,Online,0.0,
2022-10-05,RCPT00001095,ST12,SKU03570,CUST05207,1,208.44,208.44,Online,0.0,
2022-10-05,RCPT00001095,ST12,SKU02656,CUST05207,1,188.76,188.76,Online,0.0,
2022-03-09,RCPT00001096,ST30,SKU00870,CUST06993,3,272.85,818.55,In-Store,0.0,
2023-12-11,RCPT00001097,ST11,SKU04318,CUST07340,2,205.5,411.0,Online,0.0,
2025-01-10,RCPT00001098,ST20,SKU03296,CUST00780,1,3683.62,3683.62,In-Store,0.0,
2022-07-06,RCPT00001099,ST09,SKU04247,CUST08444,1,74.64,74.64,In-Store,0.0,
2024-07-16,RCPT00001100,ST30,SKU02027,CUST07981,1,152.04,117.68,Mobile App,22.6,PROMO045
2024-07-16,RCPT00001100,ST30,SKU03943,CUST07981,2,216.19,334.66,Mobile App,22.6,PROMO045
2024-07-16,RCPT00001100,ST30,SKU00027,CUST07981,3,608.24,1412.33,Mobile App,22.6,PROMO045
2023-06-15,RCPT00001101,ST29,SKU03217,CUST03178,2,683.2,1366.4,Online,0.0,
2023-06-15,RCPT00001101,ST29,SKU01937,CUST03178,1,1685.23,1685.23,Online,0.0,
2025-10-13,RCPT00001102,ST25,SKU00749,CUST02751,2,148.59,297.18,Online,0.0,
2025-10-13,RCPT00001102,ST25,SKU01265,CUST02751,5,1099.45,5497.25,Online,0.0,
2025-10-13,RCPT00001102,ST25,SKU02169,CUST02751,1,1126.93,1126.93,Online,0.0,
2022-12-05,RCPT00001103,ST20,SKU00791,CUST04108,4,565.04,2260.16,In-Store,0.0,
2022-12-05,RCPT00001103,ST20,SKU01269,CUST04108,5,2876.02,14380.1,In-Store,0.0,
2023-03-24,RCPT00001104,ST28,SKU03570,CUST01797,1,208.44,208.44,Online,0.0,
2023-03-24,RCPT00001104,ST28,SKU02968,CUST01797,2,1011.61,2023.22,Online,0.0,
2022-07-12,RCPT00001105,ST26,SKU03088,CUST08142,2,223.55,447.1,In-Store,0.0,
2023-04-02,RCPT00001106,ST19,SKU00863,CUST09791,2,183.57,367.14,In-Store,0.0,
2023-04-02,RCPT00001106,ST19,SKU04081,CUST09791,1,115.77,115.77,In-Store,0.0,
2023-04-02,RCPT00001106,ST19,SKU01507,CUST09791,1,220.84,220.84,In-Store,0.0,
2024-10-27,RCPT00001107,ST14,SKU04575,CUST03765,4,80.19,320.76,In-Store,0.0,
2025-02-17,RCPT00001108,ST29,SKU03826,CUST01175,2,3319.6,3698.03,Online,44.3,PROMO041
2025-02-17,RCPT00001108,ST29,SKU01711,CUST01175,1,867.52,483.21,Online,44.3,PROMO041
2025-02-17,RCPT00001108,ST29,SKU01621,CUST01175,1,876.03,487.95,Online,44.3,PROMO041
2022-04-15,RCPT00001109,ST14,SKU02792,CUST04698,2,333.39,666.78,In-Store,0.0,
2022-04-15,RCPT00001109,ST14,SKU02519,CUST04698,1,421.03,421.03,In-Store,0.0,
2022-04-15,RCPT00001109,ST14,SKU03333,CUST04698,3,1220.63,3661.89,In-Store,0.0,
2023-05-03,RCPT00001110,ST12,SKU00296,CUST09132,4,685.29,2741.16,In-Store,0.0,
2024-08-12,RCPT00001111,ST03,SKU00589,CUST08761,1,529.72,529.72,In-Store,0.0,
2024-08-12,RCPT00001111,ST03,SKU00056,CUST08761,1,79.8,79.8,In-Store,0.0,
2024-05-15,RCPT00001112,ST28,SKU01122,CUST07454,1,145.52,97.79,In-Store,32.8,PROMO036
2024-10-15,RCPT00001113,ST07,SKU01370,CUST04142,1,195.01,195.01,In-Store,0.0,
2024-10-15,RCPT00001113,ST07,SKU01794,CUST04142,1,397.99,397.99,In-Store,0.0,
2024-10-15,RCPT00001113,ST07,SKU04295,CUST04142,2,2337.99,4675.98,In-Store,0.0,
2024-12-14,RCPT00001114,ST27,SKU03050,CUST00617,4,274.23,1096.92,In-Store,0.0,
2025-05-14,RCPT00001115,ST14,SKU01631,CUST02049,1,301.59,301.59,In-Store,0.0,
2025-05-14,RCPT00001115,ST14,SKU02781,CUST02049,1,35.59,35.59,In-Store,0.0,
2025-05-14,RCPT00001115,ST14,SKU02442,CUST02049,1,507.66,507.66,In-Store,0.0,
2025-05-14,RCPT00001115,ST14,SKU01760,CUST02049,2,257.59,515.18,In-Store,0.0,
2025-05-14,RCPT00001115,ST14,SKU00079,CUST02049,1,197.9,197.9,In-Store,0.0,
2023-05-12,RCPT00001116,ST08,SKU00960,CUST06837,1,173.87,173.87,In-Store,0.0,
2023-05-12,RCPT00001116,ST08,SKU04538,CUST06837,2,215.34,430.68,In-Store,0.0,
2023-05-12,RCPT00001116,ST08,SKU00236,CUST06837,1,104.24,104.24,In-Store,0.0,
2023-05-12,RCPT00001116,ST08,SKU03434,CUST06837,3,108.68,326.04,In-Store,0.0,
2023-09-07,RCPT00001117,ST20,SKU00953,CUST00382,1,273.99,239.19,Online,12.7,PROMO010
2023-09-07,RCPT00001117,ST20,SKU00430,CUST00382,3,146.59,383.92,Online,12.7,PROMO010
2023-09-07,RCPT00001117,ST20,SKU01250,CUST00382,2,56.55,98.74,Online,12.7,PROMO010
2025-06-25,RCPT00001119,ST06,SKU03546,CUST01326,1,496.17,496.17,Online,0.0,
2025-06-25,RCPT00001119,ST06,SKU03386,CUST01326,1,290.62,229.01,Online,21.2,PROMO060
2025-06-25,RCPT00001119,ST06,SKU00920,CUST01326,1,114.73,90.41,Online,21.2,PROMO060
2025-06-25,RCPT00001119,ST06,SKU00388,CUST01326,1,63.62,63.62,Online,0.0,
2025-06-25,RCPT00001119,ST06,SKU00200,CUST01326,1,134.99,134.99,Online,0.0,
2022-12-21,RCPT00001120,ST30,SKU03629,CUST08523,1,190.67,190.67,Online,0.0,
2022-12-21,RCPT00001120,ST30,SKU02601,CUST08523,1,34.52,27.2,Online,21.2,PROMO091
2023-03-22,RCPT00001121,ST20,SKU04321,CUST00570,5,961.3,4806.5,Mobile App,0.0,
2023-03-22,RCPT00001121,ST20,SKU03984,CUST00570,3,331.05,993.15,Mobile App,0.0,
2023-07-07,RCPT00001122,ST16,SKU01469,CUST07109,1,69.23,59.95,In-Store,13.4,PROMO055
2024-12-29,RCPT00001123,ST30,SKU01371,CUST05615,5,1277.61,6388.05,In-Store,0.0,
2024-12-29,RCPT00001123,ST30,SKU00681,CUST05615,2,80.86,161.72,In-Store,0.0,
2024-12-29,RCPT00001123,ST30,SKU02340,CUST05615,1,234.67,234.67,In-Store,0.0,
2023-04-27,RCPT00001124,ST16,SKU04508,CUST07206,1,375.55,375.55,In-Store,0.0,
2022-02-03,RCPT00001125,ST15,SKU04157,CUST04140,1,2678.35,2678.35,Mobile App,0.0,
2024-11-09,RCPT00001126,ST10,SKU04154,CUST08832,1,351.77,351.77,In-Store,0.0,
2023-01-10,RCPT00001127,ST20,SKU01738,CUST00681,1,676.75,676.75,In-Store,0.0,
2023-01-10,RCPT00001127,ST20,SKU03870,CUST00681,1,301.78,301.78,In-Store,0.0,
2023-01-10,RCPT00001127,ST20,SKU04575,CUST00681,3,80.19,240.57,In-Store,0.0,
2023-01-10,RCPT00001127,ST20,SKU00994,CUST00681,1,602.13,602.13,In-Store,0.0,
2023-06-15,RCPT00001128,ST15,SKU04321,CUST05433,4,961.3,3845.2,In-Store,0.0,
2025-03-25,RCPT00001129,ST01,SKU03937,CUST09842,1,235.76,235.76,Mobile App,0.0,
2024-10-08,RCPT00001130,ST21,SKU00469,CUST05617,1,152.95,111.65,Online,27.0,PROMO094
2024-07-25,RCPT00001131,ST16,SKU00893,CUST08224,1,690.66,690.66,In-Store,0.0,
2024-07-25,RCPT00001131,ST16,SKU02391,CUST08224,5,120.15,600.75,In-Store,0.0,
2025-03-18,RCPT00001132,ST09,SKU00731,CUST04170,3,83.14,249.42,In-Store,0.0,
2025-03-18,RCPT00001132,ST09,SKU02449,CUST04170,3,137.83,413.49,In-Store,0.0,
2025-03-18,RCPT00001132,ST09,SKU01086,CUST04170,2,123.82,247.64,In-Store,0.0,
2023-06-12,RCPT00001133,ST23,SKU04321,CUST02400,1,961.3,961.3,Mobile App,0.0,
2025-11-11,RCPT00001134,ST26,SKU04189,CUST01100,5,1301.46,6507.3,In-Store,0.0,
2024-07-10,RCPT00001135,ST07,SKU02389,CUST02779,1,830.82,598.19,In-Store,28.0,PROMO081
2024-07-10,RCPT00001135,ST07,SKU00620,CUST02779,2,273.51,423.39,In-Store,22.6,PROMO045
2022-03-12,RCPT00001136,ST02,SKU00175,CUST04878,3,182.36,547.08,Mobile App,0.0,
2022-03-12,RCPT00001136,ST02,SKU01344,CUST04878,1,219.4,219.4,Mobile App,0.0,
2023-12-12,RCPT00001137,ST15,SKU03057,CUST07459,1,206.34,206.34,Online,0.0,
2023-12-12,RCPT00001137,ST15,SKU01784,CUST07459,1,168.81,168.81,Online,0.0,
2023-12-12,RCPT00001137,ST15,SKU04255,CUST07459,2,285.12,570.24,Online,0.0,
2024-04-03,RCPT00001138,ST30,SKU01576,CUST05275,4,709.54,1424.76,In-Store,49.8,PROMO019
2023-12-16,RCPT00001139,ST16,SKU01045,CUST06702,4,451.29,1805.16,In-Store,0.0,
2023-12-16,RCPT00001139,ST16,SKU04348,CUST06702,1,274.76,274.76,In-Store,0.0,
2025-10-19,RCPT00001140,ST10,SKU02298,CUST09379,3,759.4,2278.2,In-Store,0.0,
2022-06-29,RCPT00001141,ST16,SKU04903,CUST07294,1,237.98,237.98,In-Store,0.0,
2022-06-29,RCPT00001141,ST16,SKU00793,CUST07294,1,1050.17,1050.17,In-Store,0.0,
2022-06-29,RCPT00001141,ST16,SKU04069,CUST07294,2,485.51,971.02,In-Store,0.0,
2022-04-26,RCPT00001142,ST19,SKU04283,CUST04614,1,1868.67,1868.67,Online,0.0,
2022-04-26,RCPT00001142,ST19,SKU01572,CUST04614,1,1183.62,1183.62,Online,0.0,
2023-08-05,RCPT00001143,ST22,SKU01501,CUST07691,3,99.7,150.45,Online,49.7,PROMO030
2023-08-05,RCPT00001143,ST22,SKU01198,CUST07691,4,3669.7,7383.44,Online,49.7,PROMO030
2023-08-13,RCPT00001144,ST29,SKU01156,CUST05892,1,2106.88,2106.88,In-Store,0.0,
2023-08-13,RCPT00001144,ST29,SKU04321,CUST05892,3,961.3,2883.9,In-Store,0.0,
2023-08-13,RCPT00001144,ST29,SKU04064,CUST05892,2,3845.32,7690.64,In-Store,0.0,
2023-08-13,RCPT00001144,ST29,SKU00752,CUST05892,2,417.09,834.18,In-Store,0.0,
2024-03-10,RCPT00001145,ST20,SKU04321,CUST03257,3,961.3,1620.75,Online,43.8,PROMO075
2025-03-27,RCPT00001146,ST13,SKU01775,CUST09994,2,204.15,408.3,Online,0.0,
2024-09-20,RCPT00001147,ST06,SKU04321,CUST02305,2,961.3,1922.6,In-Store,0.0,
2024-09-20,RCPT00001147,ST06,SKU00002,CUST02305,1,70.38,70.38,In-Store,0.0,
2022-08-04,RCPT00001148,ST29,SKU02710,CUST06286,1,460.43,460.43,Online,0.0,
2025-09-02,RCPT00001149,ST24,SKU03030,CUST08471,1,108.63,108.63,In-Store,0.0,
2025-09-02,RCPT00001149,ST24,SKU04321,CUST08471,1,961.3,961.3,In-Store,0.0,
2025-01-19,RCPT00001150,ST29,SKU04961,CUST07413,3,217.61,652.83,In-Store,0.0,
2025-04-30,RCPT00001151,ST14,SKU04508,CUST00007,1,375.55,375.55,In-Store,0.0,
2024-06-18,RCPT00001152,ST11,SKU04321,CUST00345,3,961.3,2477.27,In-Store,14.1,PROMO023
2024-06-18,RCPT00001152,ST11,SKU04269,CUST00345,1,2740.73,2354.29,In-Store,14.1,PROMO023
2025-10-09,RCPT00001153,ST19,SKU02200,CUST04196,3,866.94,2600.82,Online,0.0,
2025-10-26,RCPT00001154,ST17,SKU00728,CUST05693,1,3555.73,3555.73,Online,0.0,
2025-10-26,RCPT00001154,ST17,SKU04199,CUST05693,1,1729.75,1729.75,Online,0.0,
2025-04-09,RCPT00001155,ST14,SKU01184,CUST05163,1,891.4,891.4,In-Store,0.0,
2025-04-09,RCPT00001155,ST14,SKU03696,CUST05163,2,211.56,423.12,In-Store,0.0,
2025-04-09,RCPT00001155,ST14,SKU02683,CUST05163,1,371.82,371.82,In-Store,0.0,
2025-04-09,RCPT00001155,ST14,SKU02468,CUST05163,1,174.85,174.85,In-Store,0.0,
2025-04-09,RCPT00001155,ST14,SKU02685,CUST05163,1,296.83,296.83,In-Store,0.0,
2025-02-09,RCPT00001156,ST20,SKU03912,CUST03887,2,181.63,202.34,In-Store,44.3,PROMO041
2022-11-08,RCPT00001157,ST01,SKU00188,CUST01609,1,201.41,201.41,In-Store,0.0,
2024-12-02,RCPT00001158,ST27,SKU04321,CUST09601,1,961.3,961.3,Online,0.0,
2025-08-23,RCPT00001159,ST20,SKU00286,CUST09279,2,64.45,128.9,Online,0.0,
2025-08-23,RCPT00001159,ST20,SKU04677,CUST09279,1,167.85,167.85,Online,0.0,
2025-08-23,RCPT00001159,ST20,SKU01554,CUST09279,3,228.02,684.06,Online,0.0,
2025-12-29,RCPT00001160,ST04,SKU04707,CUST01412,3,978.23,2934.69,In-Store,0.0,
2025-12-29,RCPT00001160,ST04,SKU00126,CUST01412,2,253.44,506.88,In-Store,0.0,
2023-03-09,RCPT00001161,ST27,SKU03461,CUST04269,2,861.75,1602.85,In-Store,7.0,PROMO002
2023-03-09,RCPT00001161,ST27,SKU00596,CUST04269,2,468.99,872.32,In-Store,7.0,PROMO002
2025-11-13,RCPT00001162,ST29,SKU01248,CUST04865,1,381.79,381.79,Mobile App,0.0,
2025-05-02,RCPT00001163,ST18,SKU03175,CUST08855,1,160.68,144.29,Online,10.2,PROMO003
2025-05-02,RCPT00001163,ST18,SKU03459,CUST08855,1,797.02,797.02,Online,0.0,
2025-05-02,RCPT00001163,ST18,SKU02840,CUST08855,2,267.04,534.08,Online,0.0,
2025-05-02,RCPT00001163,ST18,SKU02954,CUST08855,4,603.3,2413.2,Online,0.0,
2025-08-07,RCPT00001164,ST23,SKU02821,CUST03591,1,965.81,545.68,Online,43.5,PROMO020
2025-08-07,RCPT00001164,ST23,SKU00454,CUST03591,1,79.58,79.58,Online,0.0,
2023-11-22,RCPT00001165,ST28,SKU03954,CUST09895,4,378.57,1514.28,In-Store,0.0,
2025-08-24,RCPT00001166,ST19,SKU02930,CUST04758,4,170.16,680.64,In-Store,0.0,
2025-08-24,RCPT00001166,ST19,SKU02213,CUST04758,2,187.12,374.24,In-Store,0.0,
2022-08-31,RCPT00001167,ST21,SKU04321,CUST04203,2,961.3,1749.57,In-Store,9.0,PROMO033
2022-08-31,RCPT00001167,ST21,SKU04154,CUST04203,5,351.77,1600.55,In-Store,9.0,PROMO033
2025-12-12,RCPT00001168,ST20,SKU04333,CUST04183,1,777.72,777.72,Mobile App,0.0,
2025-12-12,RCPT00001168,ST20,SKU02614,CUST04183,2,118.14,236.28,Mobile App,0.0,
2023-02-05,RCPT00001169,ST29,SKU02635,CUST06854,2,546.93,1093.86,In-Store,0.0,
2023-02-05,RCPT00001169,ST29,SKU03456,CUST06854,1,234.0,234.0,In-Store,0.0,
2022-12-25,RCPT00001170,ST08,SKU03062,CUST01089,1,250.47,250.47,Online,0.0,
2022-12-25,RCPT00001170,ST08,SKU04309,CUST01089,1,126.84,126.84,Online,0.0,
2023-01-15,RCPT00001171,ST17,SKU04657,CUST00746,1,395.47,395.47,In-Store,0.0,
2024-01-30,RCPT00001172,ST27,SKU02569,CUST08788,1,826.91,428.34,Online,48.2,PROMO069
2024-01-30,RCPT00001172,ST27,SKU02201,CUST08788,1,1064.05,551.18,Online,48.2,PROMO069
2024-01-30,RCPT00001172,ST27,SKU04321,CUST08788,2,961.3,995.91,Online,48.2,PROMO069
2022-04-19,RCPT00001173,ST03,SKU01982,CUST00722,1,88.35,88.35,In-Store,0.0,
2022-04-19,RCPT00001173,ST03,SKU04120,CUST00722,1,185.88,185.88,In-Store,0.0,
2022-04-19,RCPT00001173,ST03,SKU04321,CUST00722,1,961.3,961.3,In-Store,0.0,
2022-04-19,RCPT00001173,ST03,SKU00243,CUST00722,3,483.9,1451.7,In-Store,0.0,
2022-04-19,RCPT00001173,ST03,SKU01960,CUST00722,1,98.1,98.1,In-Store,0.0,
2024-05-15,RCPT00001174,ST29,SKU01820,CUST07357,1,89.1,59.88,In-Store,32.8,PROMO036
2022-06-15,RCPT00001175,ST23,SKU03233,CUST03901,4,334.11,764.44,In-Store,42.8,PROMO022
2022-06-15,RCPT00001175,ST23,SKU04804,CUST03901,2,229.19,262.19,In-Store,42.8,PROMO022
2022-08-11,RCPT00001176,ST06,SKU02984,CUST09742,2,365.1,730.2,Mobile App,0.0,
2022-08-11,RCPT00001176,ST06,SKU02155,CUST09742,1,1113.48,1113.48,Mobile App,0.0,
2024-03-28,RCPT00001177,ST07,SKU01832,CUST01098,4,193.39,434.74,Online,43.8,PROMO075
2023-05-05,RCPT00001178,ST17,SKU02974,CUST05474,4,817.03,3268.12,In-Store,0.0,
2023-05-05,RCPT00001178,ST17,SKU03425,CUST05474,1,202.48,202.48,In-Store,0.0,
2023-05-05,RCPT00001178,ST17,SKU00772,CUST05474,2,289.73,579.46,In-Store,0.0,
2025-05-12,RCPT00001179,ST06,SKU00845,CUST08024,2,670.83,1204.81,In-Store,10.2,PROMO003
2025-03-24,RCPT00001180,ST08,SKU03298,CUST00523,1,380.92,380.92,In-Store,0.0,
2025-03-24,RCPT00001180,ST08,SKU00972,CUST00523,1,232.47,162.26,In-Store,30.2,PROMO090
2025-03-24,RCPT00001180,ST08,SKU04381,CUST00523,1,192.07,192.07,In-Store,0.0,
2025-03-24,RCPT00001180,ST08,SKU03907,CUST00523,1,876.73,876.73,In-Store,0.0,
2025-11-15,RCPT00001181,ST07,SKU02521,CUST07138,1,1790.1,986.35,Online,44.9,PROMO084
2025-11-15,RCPT00001181,ST07,SKU00864,CUST07138,1,223.39,223.39,Online,0.0,
2025-11-15,RCPT00001181,ST07,SKU01917,CUST07138,2,986.08,1972.16,Online,0.0,
2025-11-15,RCPT00001181,ST07,SKU02950,CUST07138,1,251.09,251.09,Online,0.0,
2025-11-15,RCPT00001181,ST07,SKU04154,CUST07138,3,351.77,1055.31,Online,0.0,
2025-04-29,RCPT00001182,ST30,SKU01371,CUST05755,2,1277.61,2555.22,Mobile App,0.0,
2024-04-16,RCPT00001183,ST21,SKU00584,CUST02929,3,2331.51,3511.25,In-Store,49.8,PROMO019
2024-04-16,RCPT00001183,ST21,SKU02812,CUST02929,3,300.07,451.91,In-Store,49.8,PROMO019
2024-03-01,RCPT00001184,ST06,SKU02850,CUST07459,1,261.58,261.58,In-Store,0.0,
2023-02-06,RCPT00001185,ST04,SKU02368,CUST03475,1,849.39,849.39,Online,0.0,
2022-11-04,RCPT00001186,ST15,SKU02033,CUST07460,3,939.05,2817.15,In-Store,0.0,
2024-01-17,RCPT00001187,ST24,SKU04978,CUST07259,1,230.93,230.93,In-Store,0.0,
2022-12-24,RCPT00001188,ST05,SKU02740,CUST09711,1,104.22,82.13,Online,21.2,PROMO091
2022-08-07,RCPT00001189,ST05,SKU04321,CUST09747,2,961.3,1922.6,In-Store,0.0,
2024-03-11,RCPT00001190,ST29,SKU04318,CUST00871,2,205.5,230.98,Mobile App,43.8,PROMO075
2022-12-26,RCPT00001191,ST14,SKU02858,CUST09758,4,90.7,362.8,Mobile App,0.0,
2022-12-26,RCPT00001191,ST14,SKU04836,CUST09758,1,370.47,370.47,Mobile App,0.0,
2022-12-26,RCPT00001191,ST14,SKU03799,CUST09758,2,272.04,544.08,Mobile App,0.0,
2023-11-20,RCPT00001192,ST15,SKU00660,CUST01085,1,304.22,304.22,Mobile App,0.0,
2023-11-20,RCPT00001192,ST15,SKU03628,CUST01085,3,914.74,2329.84,Mobile App,15.1,PROMO064
2023-01-17,RCPT00001193,ST28,SKU04995,CUST00558,1,1081.35,1081.35,Online,0.0,
2025-04-21,RCPT00001194,ST08,SKU01438,CUST01688,2,298.01,596.02,Mobile App,0.0,
2024-05-02,RCPT00001195,ST29,SKU00959,CUST01480,2,33.01,66.02,In-Store,0.0,
2023-04-22,RCPT00001196,ST23,SKU02526,CUST06701,1,698.11,698.11,Online,0.0,
2022-03-09,RCPT00001197,ST10,SKU00320,CUST03266,1,136.66,136.66,In-Store,0.0,
2022-04-13,RCPT00001198,ST24,SKU03789,CUST03947,1,1048.14,1048.14,In-Store,0.0,
2022-04-13,RCPT00001198,ST24,SKU02141,CUST03947,2,471.88,943.76,In-Store,0.0,
2025-07-28,RCPT00001199,ST29,SKU04321,CUST09994,2,961.3,993.98,Online,48.3,PROMO032
2023-02-09,RCPT00001200,ST28,SKU02737,CUST00526,2,315.14,630.28,Online,0.0,
2023-02-09,RCPT00001200,ST28,SKU02482,CUST00526,4,1297.95,5191.8,Online,0.0,
2025-08-27,RCPT00001201,ST21,SKU00903,CUST00088,1,413.75,413.75,In-Store,0.0,
2025-08-27,RCPT00001201,ST21,SKU02270,CUST00088,4,153.74,614.96,In-Store,0.0,
2025-08-27,RCPT00001201,ST21,SKU00191,CUST00088,4,590.87,2363.48,In-Store,0.0,
2022-07-25,RCPT00001202,ST25,SKU02141,CUST05532,1,471.88,471.88,In-Store,0.0,
2022-07-25,RCPT00001202,ST25,SKU01993,CUST05532,3,142.17,426.51,In-Store,0.0,
2023-11-20,RCPT00001203,ST29,SKU04586,CUST05804,1,481.38,481.38,In-Store,0.0,
2023-11-20,RCPT00001203,ST29,SKU00524,CUST05804,1,353.73,353.73,In-Store,0.0,
2022-09-05,RCPT00001204,ST07,SKU01226,CUST01648,5,148.05,673.63,In-Store,9.0,PROMO033
2024-06-04,RCPT00001205,ST13,SKU01331,CUST02107,4,87.75,351.0,Online,0.0,
2025-12-01,RCPT00001206,ST03,SKU00760,CUST08551,1,54.33,54.33,Online,0.0,
2023-10-24,RCPT00001207,ST29,SKU01030,CUST01515,1,224.5,224.5,In-Store,0.0,
2023-10-24,RCPT00001207,ST29,SKU02930,CUST01515,4,170.16,680.64,In-Store,0.0,
2024-06-24,RCPT00001208,ST21,SKU04105,CUST07439,1,464.78,359.74,Mobile App,22.6,PROMO045
2024-06-24,RCPT00001208,ST21,SKU00824,CUST07439,4,391.75,1212.86,Mobile App,22.6,PROMO045
2024-06-24,RCPT00001208,ST21,SKU00188,CUST07439,4,201.41,623.57,Mobile App,22.6,PROMO045
2024-06-24,RCPT00001208,ST21,SKU01483,CUST07439,2,152.56,236.16,Mobile App,22.6,PROMO045
2022-10-07,RCPT00001209,ST10,SKU02141,CUST02291,3,471.88,1415.64,Online,0.0,
2022-08-09,RCPT00001210,ST30,SKU01301,CUST07069,1,478.27,478.27,Online,0.0,
2025-01-29,RCPT00001211,ST30,SKU00190,CUST04706,2,145.42,290.84,In-Store,0.0,
2024-02-20,RCPT00001212,ST11,SKU04105,CUST03656,1,464.78,464.78,Mobile App,0.0,
2025-03-29,RCPT00001213,ST24,SKU02192,CUST01133,1,616.15,616.15,In-Store,0.0,
2023-02-26,RCPT00001214,ST29,SKU01551,CUST00801,3,179.55,538.65,In-Store,0.0,
2023-12-17,RCPT00001215,ST04,SKU02900,CUST06791,1,1839.94,1839.94,Online,0.0,
2023-12-17,RCPT00001215,ST04,SKU01706,CUST06791,1,1068.65,1068.65,Online,0.0,
2022-05-11,RCPT00001216,ST27,SKU00254,CUST07550,2,105.55,211.1,In-Store,0.0,
2022-05-11,RCPT00001216,ST27,SKU01778,CUST07550,3,125.27,375.81,In-Store,0.0,
2025-10-31,RCPT00001217,ST29,SKU03461,CUST01963,2,861.75,1723.5,In-Store,0.0,
2024-12-02,RCPT00001218,ST18,SKU00845,CUST02147,3,670.83,2012.49,Online,0.0,
2024-12-02,RCPT00001218,ST18,SKU01115,CUST02147,2,124.25,248.5,Online,0.0,
2024-12-02,RCPT00001218,ST18,SKU04264,CUST02147,1,2568.45,2568.45,Online,0.0,
2022-07-21,RCPT00001219,ST28,SKU01363,CUST06518,1,3184.6,3184.6,In-Store,0.0,
2025-12-09,RCPT00001220,ST21,SKU02132,CUST09107,3,428.85,1286.55,In-Store,0.0,
2023-03-02,RCPT00001221,ST22,SKU01902,CUST02211,1,65.43,65.43,In-Store,0.0,
2023-03-02,RCPT00001221,ST22,SKU01919,CUST02211,1,88.6,88.6,In-Store,0.0,
2023-03-02,RCPT00001221,ST22,SKU03355,CUST02211,1,127.47,127.47,In-Store,0.0,
2022-09-16,RCPT00001222,ST14,SKU01481,CUST05196,3,746.72,2240.16,Online,0.0,
2022-09-16,RCPT00001222,ST14,SKU02950,CUST05196,4,251.09,1004.36,Online,0.0,
2022-09-16,RCPT00001222,ST14,SKU02184,CUST05196,1,2231.8,2231.8,Online,0.0,
2022-09-16,RCPT00001222,ST14,SKU04321,CUST05196,1,961.3,961.3,Online,0.0,
2024-05-29,RCPT00001223,ST20,SKU00079,CUST05533,2,197.9,218.09,In-Store,44.9,PROMO065
2024-05-29,RCPT00001223,ST20,SKU00595,CUST05533,3,2693.97,8081.91,In-Store,0.0,
2023-08-29,RCPT00001224,ST01,SKU01889,CUST08618,1,83.31,72.73,Online,12.7,PROMO010
2023-08-29,RCPT00001224,ST01,SKU02111,CUST08618,2,175.31,306.09,Online,12.7,PROMO010
2022-02-12,RCPT00001225,ST18,SKU04751,CUST03303,5,210.56,1052.8,In-Store,0.0,
2025-04-06,RCPT00001226,ST08,SKU00936,CUST06439,2,1788.45,3576.9,In-Store,0.0,
2025-04-06,RCPT00001226,ST08,SKU02077,CUST06439,4,448.21,1792.84,In-Store,0.0,
2024-06-08,RCPT00001227,ST27,SKU00694,CUST07143,3,179.71,539.13,In-Store,0.0,
2025-12-10,RCPT00001228,ST13,SKU04321,CUST07266,1,961.3,961.3,In-Store,0.0,
2025-12-10,RCPT00001228,ST13,SKU02515,CUST07266,5,123.38,616.9,In-Store,0.0,
2022-05-08,RCPT00001229,ST23,SKU03979,CUST01232,2,823.95,1647.9,Online,0.0,
2023-12-09,RCPT00001230,ST04,SKU01487,CUST05368,1,63.13,63.13,In-Store,0.0,
2022-07-03,RCPT00001231,ST09,SKU04205,CUST01196,2,318.36,636.72,In-Store,0.0,
2023-05-27,RCPT00001232,ST08,SKU01136,CUST01041,1,306.5,306.5,Online,0.0,
2023-05-27,RCPT00001232,ST08,SKU02862,CUST01041,1,684.84,684.84,Online,0.0,
2023-12-13,RCPT00001233,ST14,SKU04449,CUST07829,1,220.79,220.79,Mobile App,0.0,
2023-12-13,RCPT00001233,ST14,SKU01958,CUST07829,1,94.8,94.8,Mobile App,0.0,
2023-12-13,RCPT00001233,ST14,SKU03135,CUST07829,1,393.82,393.82,Mobile App,0.0,
2023-12-13,RCPT00001233,ST14,SKU01598,CUST07829,1,333.41,333.41,Mobile App,0.0,
2024-11-11,RCPT00001234,ST15,SKU04467,CUST05708,3,263.78,791.34,Online,0.0,
2024-11-11,RCPT00001234,ST15,SKU04985,CUST05708,1,1179.22,1179.22,Online,0.0,
2023-11-30,RCPT00001235,ST02,SKU01363,CUST08689,3,3184.6,9553.8,In-Store,0.0,
2023-11-30,RCPT00001235,ST02,SKU04239,CUST08689,1,460.95,460.95,In-Store,0.0,
2023-09-24,RCPT00001236,ST21,SKU02152,CUST04733,4,134.44,537.76,Online,0.0,
2024-08-31,RCPT00001237,ST20,SKU04129,CUST08372,1,823.72,823.72,In-Store,0.0,
2024-08-31,RCPT00001237,ST20,SKU01414,CUST08372,1,193.44,193.44,In-Store,0.0,
2024-08-31,RCPT00001237,ST20,SKU02693,CUST08372,3,1518.89,4556.67,In-Store,0.0,
2024-08-31,RCPT00001237,ST20,SKU01503,CUST08372,2,335.94,671.88,In-Store,0.0,
2023-12-04,RCPT00001238,ST28,SKU02954,CUST06809,1,603.3,603.3,In-Store,0.0,
2023-12-04,RCPT00001238,ST28,SKU01489,CUST06809,4,110.32,441.28,In-Store,0.0,
2023-12-04,RCPT00001238,ST28,SKU03663,CUST06809,2,2474.65,4949.3,In-Store,0.0,
2025-11-13,RCPT00001239,ST21,SKU03101,CUST05392,2,242.48,484.96,In-Store,0.0,
2025-11-13,RCPT00001239,ST21,SKU04381,CUST05392,2,192.07,384.14,In-Store,0.0,
2025-11-13,RCPT00001239,ST21,SKU00285,CUST05392,3,505.67,1517.01,In-Store,0.0,
2025-11-13,RCPT00001239,ST21,SKU01251,CUST05392,1,2613.85,2613.85,In-Store,0.0,
2024-12-16,RCPT00001240,ST22,SKU04804,CUST03866,1,229.19,229.19,Online,0.0,
2024-12-16,RCPT00001240,ST22,SKU04596,CUST03866,1,335.55,335.55,Online,0.0,
2024-12-16,RCPT00001240,ST22,SKU00569,CUST03866,2,44.86,89.72,Online,0.0,
2024-11-18,RCPT00001241,ST29,SKU04321,CUST08438,1,961.3,961.3,In-Store,0.0,
2023-10-18,RCPT00001242,ST26,SKU00756,CUST02947,2,2637.39,5274.78,In-Store,0.0,
2024-10-16,RCPT00001243,ST09,SKU01345,CUST06659,3,344.03,1032.09,Online,0.0,
2022-08-10,RCPT00001244,ST27,SKU04154,CUST08245,2,351.77,703.54,In-Store,0.0,
2022-08-10,RCPT00001244,ST27,SKU04140,CUST08245,2,331.4,662.8,In-Store,0.0,
2025-05-14,RCPT00001245,ST30,SKU00845,CUST08143,2,670.83,1204.81,In-Store,10.2,PROMO003
2022-11-23,RCPT00001246,ST07,SKU04596,CUST03530,3,335.55,1006.65,Online,0.0,
2022-11-23,RCPT00001246,ST07,SKU01050,CUST03530,2,1245.06,2014.51,Online,19.1,PROMO086
2023-10-15,RCPT00001247,ST20,SKU00484,CUST05167,1,179.04,179.04,In-Store,0.0,
2023-10-15,RCPT00001247,ST20,SKU03114,CUST05167,1,513.11,285.8,In-Store,44.3,PROMO048
2023-10-15,RCPT00001247,ST20,SKU01351,CUST05167,1,488.78,488.78,In-Store,0.0,
2023-10-15,RCPT00001247,ST20,SKU01730,CUST05167,3,100.9,302.7,In-Store,0.0,
2023-10-15,RCPT00001247,ST20,SKU01784,CUST05167,2,168.81,337.62,In-Store,0.0,
2022-08-06,RCPT00001248,ST19,SKU04574,CUST06721,1,71.96,71.96,In-Store,0.0,
2022-08-06,RCPT00001248,ST19,SKU02283,CUST06721,2,87.82,175.64,In-Store,0.0,
2022-08-06,RCPT00001248,ST19,SKU01153,CUST06721,1,897.4,897.4,In-Store,0.0,
2023-04-20,RCPT00001249,ST05,SKU01036,CUST04093,2,132.2,264.4,Mobile App,0.0,
2023-04-20,RCPT00001249,ST05,SKU00595,CUST04093,1,2693.97,2693.97,Mobile App,0.0,
2023-11-30,RCPT00001250,ST29,SKU00243,CUST04776,2,483.9,967.8,Online,0.0,
2025-10-26,RCPT00001251,ST01,SKU04575,CUST03074,2,80.19,160.38,In-Store,0.0,
2025-10-26,RCPT00001251,ST01,SKU02247,CUST03074,2,179.3,358.6,In-Store,0.0,
2023-07-06,RCPT00001252,ST27,SKU04321,CUST05568,1,961.3,961.3,Mobile App,0.0,
2023-07-06,RCPT00001252,ST27,SKU01905,CUST05568,1,2021.49,2021.49,Mobile App,0.0,
2024-09-10,RCPT00001253,ST28,SKU01602,CUST01479,1,614.85,614.85,In-Store,0.0,
2024-09-10,RCPT00001253,ST28,SKU01859,CUST01479,1,1895.5,1895.5,In-Store,0.0,
2024-09-10,RCPT00001253,ST28,SKU02692,CUST01479,1,2095.03,2095.03,In-Store,0.0,
2022-05-20,RCPT00001254,ST19,SKU04830,CUST05638,1,258.35,258.35,Mobile App,0.0,
2022-05-20,RCPT00001254,ST19,SKU03507,CUST05638,2,695.35,1390.7,Mobile App,0.0,
2023-02-05,RCPT00001255,ST06,SKU01371,CUST03818,2,1277.61,2555.22,In-Store,0.0,
2023-02-05,RCPT00001255,ST06,SKU04574,CUST03818,1,71.96,71.96,In-Store,0.0,
2023-02-05,RCPT00001255,ST06,SKU04596,CUST03818,1,335.55,335.55,In-Store,0.0,
2023-02-05,RCPT00001255,ST06,SKU00942,CUST03818,1,172.9,172.9,In-Store,0.0,
2022-04-22,RCPT00001256,ST30,SKU04321,CUST08498,2,961.3,1922.6,In-Store,0.0,
2022-04-22,RCPT00001256,ST30,SKU02954,CUST08498,1,603.3,603.3,In-Store,0.0,
2022-04-22,RCPT00001256,ST30,SKU03830,CUST08498,3,136.62,409.86,In-Store,0.0,
2022-04-22,RCPT00001256,ST30,SKU02247,CUST08498,1,179.3,179.3,In-Store,0.0,
2024-06-09,RCPT00001257,ST30,SKU00254,CUST08853,2,105.55,211.1,In-Store,0.0,
2024-06-09,RCPT00001257,ST30,SKU02449,CUST08853,3,137.83,413.49,In-Store,0.0,
2025-10-23,RCPT00001258,ST09,SKU02117,CUST01523,1,3413.2,3413.2,Mobile App,0.0,
2025-10-23,RCPT00001258,ST09,SKU03347,CUST01523,1,90.7,90.7,Mobile App,0.0,
2025-10-23,RCPT00001258,ST09,SKU04485,CUST01523,1,280.12,280.12,Mobile App,0.0,
2025-10-23,RCPT00001258,ST09,SKU01601,CUST01523,3,137.22,411.66,Mobile App,0.0,
2023-01-28,RCPT00001259,ST01,SKU03490,CUST07140,1,1217.06,1217.06,Mobile App,0.0,
2023-01-28,RCPT00001259,ST01,SKU01775,CUST07140,2,204.15,408.3,Mobile App,0.0,
2025-10-08,RCPT00001260,ST18,SKU04345,CUST01600,4,144.23,576.92,Online,0.0,
2025-10-08,RCPT00001260,ST18,SKU04560,CUST01600,1,262.25,262.25,Online,0.0,
2024-11-27,RCPT00001261,ST28,SKU01138,CUST03367,1,181.15,181.15,Online,0.0,
2024-11-27,RCPT00001261,ST28,SKU03088,CUST03367,1,223.55,223.55,Online,0.0,
2023-11-02,RCPT00001262,ST19,SKU02141,CUST02910,2,471.88,943.76,In-Store,0.0,
2023-12-06,RCPT00001263,ST12,SKU04720,CUST02559,1,2230.86,2230.86,Mobile App,0.0,
2025-06-10,RCPT00001264,ST20,SKU00863,CUST00132,2,183.57,367.14,In-Store,0.0,
2025-06-10,RCPT00001264,ST20,SKU01317,CUST00132,1,644.83,644.83,In-Store,0.0,
2024-08-30,RCPT00001265,ST19,SKU04321,CUST00110,2,961.3,1922.6,In-Store,0.0,
2024-08-30,RCPT00001265,ST19,SKU00554,CUST00110,1,88.32,88.32,In-Store,0.0,
2024-08-30,RCPT00001265,ST19,SKU01755,CUST00110,1,158.5,158.5,In-Store,0.0,
2024-08-30,RCPT00001265,ST19,SKU02430,CUST00110,4,690.87,2763.48,In-Store,0.0,
2024-08-30,RCPT00001265,ST19,SKU03500,CUST00110,2,1732.5,3465.0,In-Store,0.0,
2025-12-08,RCPT00001266,ST13,SKU04170,CUST05894,1,393.34,393.34,Online,0.0,
2025-12-08,RCPT00001266,ST13,SKU01232,CUST05894,3,416.45,1249.35,Online,0.0,
2025-12-08,RCPT00001266,ST13,SKU01635,CUST05894,1,1048.53,1048.53,Online,0.0,
2024-02-18,RCPT00001267,ST22,SKU03991,CUST08795,1,2711.33,2711.33,In-Store,0.0,
2023-05-22,RCPT00001268,ST20,SKU01973,CUST00139,2,317.96,635.92,In-Store,0.0,
2023-05-22,RCPT00001268,ST20,SKU02469,CUST00139,1,1489.36,1489.36,In-Store,0.0,
2023-05-22,RCPT00001268,ST20,SKU00685,CUST00139,1,2583.23,2583.23,In-Store,0.0,
2025-01-22,RCPT00001269,ST18,SKU03384,CUST09719,1,150.88,150.88,In-Store,0.0,
2022-12-30,RCPT00001270,ST12,SKU02189,CUST03240,1,100.87,100.87,In-Store,0.0,
2022-04-07,RCPT00001271,ST14,SKU02453,CUST03329,1,2151.17,2151.17,Mobile App,0.0,
2022-04-07,RCPT00001271,ST14,SKU04154,CUST03329,2,351.77,703.54,Mobile App,0.0,
2022-04-07,RCPT00001271,ST14,SKU04143,CUST03329,1,413.46,413.46,Mobile App,0.0,
2022-04-07,RCPT00001271,ST14,SKU04570,CUST03329,1,122.7,122.7,Mobile App,0.0,
2023-05-19,RCPT00001272,ST30,SKU02484,CUST07464,3,567.26,1701.78,Mobile App,0.0,
2025-05-09,RCPT00001273,ST21,SKU02657,CUST02081,2,128.75,257.5,Online,0.0,
2025-08-10,RCPT00001274,ST06,SKU02141,CUST09384,3,471.88,731.89,Mobile App,48.3,PROMO032
2024-12-08,RCPT00001275,ST30,SKU01855,CUST04031,1,1938.76,1938.76,In-Store,0.0,
2023-09-26,RCPT00001276,ST03,SKU01806,CUST00002,1,308.15,308.15,Mobile App,0.0,
2023-05-18,RCPT00001277,ST20,SKU00932,CUST02615,2,197.19,394.38,Online,0.0,
2023-05-18,RCPT00001277,ST20,SKU00158,CUST02615,1,487.98,487.98,Online,0.0,
2025-07-03,RCPT00001278,ST03,SKU02529,CUST09292,2,577.42,1154.84,Online,0.0,
2025-07-03,RCPT00001278,ST03,SKU03633,CUST09292,5,118.27,591.35,Online,0.0,
2024-02-06,RCPT00001279,ST18,SKU02904,CUST02805,2,312.58,625.16,In-Store,0.0,
2024-12-19,RCPT00001280,ST16,SKU01575,CUST08916,1,500.0,500.0,In-Store,0.0,
2024-12-19,RCPT00001280,ST16,SKU04016,CUST08916,1,1492.65,1492.65,In-Store,0.0,
2024-12-19,RCPT00001280,ST16,SKU02484,CUST08916,1,567.26,567.26,In-Store,0.0,
2023-10-03,RCPT00001281,ST17,SKU00183,CUST00326,2,252.07,504.14,In-Store,0.0,
2023-06-20,RCPT00001282,ST06,SKU01902,CUST02311,4,65.43,261.72,Online,0.0,
2023-06-20,RCPT00001282,ST06,SKU01862,CUST02311,2,439.89,879.78,Online,0.0,
2023-12-04,RCPT00001283,ST21,SKU04321,CUST06937,2,961.3,1922.6,Online,0.0,
2023-12-04,RCPT00001283,ST21,SKU00396,CUST06937,3,394.96,1184.88,Online,0.0,
2023-12-04,RCPT00001283,ST21,SKU00784,CUST06937,1,397.04,397.04,Online,0.0,
2022-12-17,RCPT00001284,ST12,SKU03699,CUST03376,2,2185.11,3994.38,In-Store,8.6,PROMO095
2024-11-27,RCPT00001285,ST11,SKU01021,CUST03409,3,1243.47,3730.41,In-Store,0.0,
2025-12-28,RCPT00001286,ST03,SKU03633,CUST04744,2,118.27,236.54,In-Store,0.0,
2022-04-15,RCPT00001287,ST07,SKU01126,CUST04760,1,1716.23,1716.23,In-Store,0.0,
2023-04-01,RCPT00001288,ST04,SKU00774,CUST04203,1,94.61,94.61,In-Store,0.0,
2023-04-01,RCPT00001288,ST04,SKU04188,CUST04203,1,180.9,180.9,In-Store,0.0,
2025-11-10,RCPT00001289,ST27,SKU04321,CUST07606,3,961.3,2883.9,Online,0.0,
2025-11-10,RCPT00001289,ST27,SKU03284,CUST07606,5,248.67,1243.35,Online,0.0,
2025-11-10,RCPT00001289,ST27,SKU00286,CUST07606,4,64.45,257.8,Online,0.0,
2024-03-18,RCPT00001290,ST29,SKU04437,CUST07353,1,24.41,13.72,In-Store,43.8,PROMO075
2024-03-18,RCPT00001290,ST29,SKU00539,CUST07353,4,199.63,448.77,In-Store,43.8,PROMO075
2024-03-18,RCPT00001290,ST29,SKU03962,CUST07353,2,298.31,335.3,In-Store,43.8,PROMO075
2025-07-20,RCPT00001291,ST03,SKU00800,CUST02434,2,207.83,415.66,In-Store,0.0,
2025-07-20,RCPT00001291,ST03,SKU00241,CUST02434,1,1710.6,1710.6,In-Store,0.0,
2025-07-20,RCPT00001291,ST03,SKU04682,CUST02434,2,129.38,258.76,In-Store,0.0,
2023-04-25,RCPT00001292,ST15,SKU00530,CUST05052,1,66.34,66.34,Online,0.0,
2023-04-25,RCPT00001292,ST15,SKU00918,CUST05052,1,1559.59,1559.59,Online,0.0,
2023-06-17,RCPT00001293,ST17,SKU02982,CUST05080,1,413.73,413.73,In-Store,0.0,
2025-05-08,RCPT00001294,ST07,SKU01008,CUST06757,2,830.92,1661.84,Online,0.0,
2025-05-08,RCPT00001294,ST07,SKU00785,CUST06757,1,269.35,269.35,Online,0.0,
2025-05-08,RCPT00001294,ST07,SKU04824,CUST06757,1,1024.94,1024.94,Online,0.0,
2025-02-20,RCPT00001295,ST14,SKU02834,CUST08168,3,1819.31,3040.07,Online,44.3,PROMO041
2025-02-20,RCPT00001295,ST14,SKU03353,CUST08168,3,48.61,81.23,Online,44.3,PROMO041
2025-10-29,RCPT00001296,ST09,SKU04321,CUST00909,2,961.3,1922.6,Online,0.0,
2023-04-26,RCPT00001297,ST22,SKU03275,CUST03427,2,849.13,1698.26,Online,0.0,
2023-04-03,RCPT00001298,ST07,SKU00113,CUST02548,2,136.55,273.1,Online,0.0,
2025-08-24,RCPT00001299,ST21,SKU03558,CUST06098,4,1950.04,7800.16,Mobile App,0.0,
2023-07-20,RCPT00001300,ST01,SKU02833,CUST06672,1,3924.53,3924.53,Online,0.0,
2022-02-17,RCPT00001301,ST23,SKU02843,CUST00402,2,87.14,174.28,In-Store,0.0,
2024-05-14,RCPT00001302,ST11,SKU01395,CUST05156,3,122.37,246.7,In-Store,32.8,PROMO036
2024-07-17,RCPT00001303,ST30,SKU01988,CUST09568,2,331.12,512.57,Online,22.6,PROMO045
2024-05-20,RCPT00001304,ST22,SKU00190,CUST07587,2,145.42,290.84,In-Store,0.0,
2024-05-20,RCPT00001304,ST22,SKU04166,CUST07587,4,263.67,1054.68,In-Store,0.0,
2023-03-09,RCPT00001305,ST17,SKU01045,CUST03824,5,451.29,2098.5,Mobile App,7.0,PROMO002
2022-07-08,RCPT00001306,ST20,SKU00193,CUST02487,2,308.55,617.1,In-Store,0.0,
2022-07-08,RCPT00001306,ST20,SKU04277,CUST02487,1,288.73,288.73,In-Store,0.0,
2024-08-12,RCPT00001307,ST02,SKU04577,CUST08877,1,223.66,223.66,Online,0.0,
2023-02-01,RCPT00001308,ST14,SKU03640,CUST01574,2,331.65,663.3,In-Store,0.0,
2023-02-01,RCPT00001308,ST14,SKU02589,CUST01574,1,247.05,247.05,In-Store,0.0,
2024-02-06,RCPT00001309,ST11,SKU01920,CUST09952,1,314.41,314.41,In-Store,0.0,
2024-02-06,RCPT00001309,ST11,SKU04634,CUST09952,1,973.21,973.21,In-Store,0.0,
2024-02-06,RCPT00001309,ST11,SKU03343,CUST09952,2,294.71,589.42,In-Store,0.0,
2025-04-07,RCPT00001310,ST30,SKU02180,CUST07615,1,98.03,68.42,In-Store,30.2,PROMO090
2025-04-07,RCPT00001310,ST30,SKU04321,CUST07615,1,961.3,961.3,In-Store,0.0,
2024-03-15,RCPT00001311,ST22,SKU00062,CUST07403,2,499.45,561.38,In-Store,43.8,PROMO075
2024-01-11,RCPT00001312,ST06,SKU01591,CUST01916,1,239.52,239.52,In-Store,0.0,
2023-11-29,RCPT00001313,ST18,SKU04321,CUST05637,1,961.3,961.3,Online,0.0,
2023-11-29,RCPT00001313,ST18,SKU00057,CUST05637,2,2287.08,4574.16,Online,0.0,
2023-11-29,RCPT00001313,ST18,SKU04770,CUST05637,3,343.82,1031.46,Online,0.0,
2024-09-23,RCPT00001314,ST09,SKU01555,CUST04890,1,110.36,80.56,In-Store,27.0,PROMO094
2025-02-22,RCPT00001315,ST09,SKU04574,CUST09723,1,71.96,40.08,Online,44.3,PROMO041
2025-02-22,RCPT00001315,ST09,SKU04154,CUST09723,1,351.77,195.94,Online,44.3,PROMO041
2025-02-22,RCPT00001315,ST09,SKU03219,CUST09723,1,139.02,77.43,Online,44.3,PROMO041
2022-01-10,RCPT00001316,ST17,SKU03292,CUST00511,3,164.03,492.09,In-Store,0.0,
2023-08-09,RCPT00001317,ST30,SKU03216,CUST05694,3,2157.51,6472.53,Online,0.0,
2023-08-09,RCPT00001317,ST30,SKU03265,CUST05694,2,616.83,1233.66,Online,0.0,
2025-02-03,RCPT00001318,ST27,SKU03844,CUST08363,1,100.64,57.16,Mobile App,43.2,PROMO098
2025-02-03,RCPT00001318,ST27,SKU04321,CUST08363,2,961.3,1922.6,Mobile App,0.0,
2023-04-29,RCPT00001319,ST13,SKU04321,CUST09118,1,961.3,961.3,In-Store,0.0,
2023-04-29,RCPT00001319,ST13,SKU02858,CUST09118,1,90.7,90.7,In-Store,0.0,
2023-08-10,RCPT00001320,ST14,SKU04321,CUST01750,1,961.3,722.9,Online,24.8,PROMO061
2024-12-01,RCPT00001321,ST10,SKU02577,CUST08112,3,120.46,361.38,In-Store,0.0,
2024-12-01,RCPT00001321,ST10,SKU02738,CUST08112,1,230.16,230.16,In-Store,0.0,
2025-06-21,RCPT00001322,ST02,SKU03495,CUST09626,2,77.84,155.68,Mobile App,0.0,
2025-06-21,RCPT00001322,ST02,SKU04846,CUST09626,3,118.61,355.83,Mobile App,0.0,
2024-05-25,RCPT00001323,ST29,SKU02868,CUST00509,3,181.68,545.04,Online,0.0,
2023-09-06,RCPT00001324,ST23,SKU02200,CUST08989,1,866.94,756.84,In-Store,12.7,PROMO010
2025-07-31,RCPT00001325,ST16,SKU04321,CUST02795,3,961.3,1490.98,In-Store,48.3,PROMO032
2025-07-31,RCPT00001325,ST16,SKU01045,CUST02795,1,451.29,451.29,In-Store,0.0,
2023-08-01,RCPT00001326,ST28,SKU04321,CUST00537,5,961.3,3614.49,In-Store,24.8,PROMO061
2023-08-01,RCPT00001326,ST28,SKU04321,CUST00537,3,961.3,2168.69,In-Store,24.8,PROMO061
2023-08-01,RCPT00001326,ST28,SKU02176,CUST00537,1,989.87,497.9,In-Store,49.7,PROMO030
2024-10-04,RCPT00001327,ST27,SKU02860,CUST08847,4,1859.24,5428.98,In-Store,27.0,PROMO094
2022-05-09,RCPT00001328,ST29,SKU02478,CUST04314,3,74.15,222.45,In-Store,0.0,
2022-05-09,RCPT00001328,ST29,SKU02536,CUST04314,1,406.19,406.19,In-Store,0.0,
2022-05-09,RCPT00001328,ST29,SKU02670,CUST04314,3,2234.92,6704.76,In-Store,0.0,
2025-05-12,RCPT00001329,ST16,SKU02456,CUST06616,1,1018.45,1018.45,Online,0.0,
2025-05-12,RCPT00001329,ST16,SKU02526,CUST06616,1,698.11,698.11,Online,0.0,
2022-05-11,RCPT00001330,ST01,SKU02030,CUST01445,1,339.2,339.2,In-Store,0.0,
2023-06-12,RCPT00001331,ST18,SKU04538,CUST00061,1,215.34,215.34,In-Store,0.0,
2023-06-12,RCPT00001331,ST18,SKU03666,CUST00061,3,125.46,376.38,In-Store,0.0,
2024-03-27,RCPT00001332,ST30,SKU04546,CUST09874,2,1929.18,2168.4,Online,43.8,PROMO075
2024-03-27,RCPT00001332,ST30,SKU00516,CUST09874,1,2155.25,1211.25,Online,43.8,PROMO075
2024-03-27,RCPT00001332,ST30,SKU04596,CUST09874,2,335.55,377.16,Online,43.8,PROMO075
2024-03-27,RCPT00001332,ST30,SKU04494,CUST09874,1,82.11,46.15,Online,43.8,PROMO075
2022-04-06,RCPT00001333,ST05,SKU00264,CUST05297,1,242.74,242.74,Online,0.0,
2022-04-06,RCPT00001333,ST05,SKU00005,CUST05297,1,138.5,138.5,Online,0.0,
2023-04-04,RCPT00001334,ST03,SKU04644,CUST06675,1,359.73,359.73,Online,0.0,
2024-08-18,RCPT00001335,ST16,SKU04508,CUST08479,1,375.55,375.55,In-Store,0.0,
2024-05-19,RCPT00001336,ST23,SKU01651,CUST07089,1,107.72,72.39,Online,32.8,PROMO036
2022-08-24,RCPT00001337,ST29,SKU00190,CUST07913,3,145.42,436.26,In-Store,0.0,
2022-08-24,RCPT00001337,ST29,SKU04154,CUST07913,4,351.77,1407.08,In-Store,0.0,
2024-12-28,RCPT00001338,ST22,SKU04321,CUST02078,1,961.3,961.3,Online,0.0,
2025-05-08,RCPT00001339,ST24,SKU03653,CUST08470,2,2747.25,5494.5,Online,0.0,
2025-05-08,RCPT00001339,ST24,SKU03918,CUST08470,3,192.73,578.19,Online,0.0,
2025-05-08,RCPT00001339,ST24,SKU03117,CUST08470,5,4755.47,23777.35,Online,0.0,
2025-12-14,RCPT00001340,ST07,SKU01045,CUST02435,1,451.29,451.29,In-Store,0.0,
2023-04-10,RCPT00001341,ST21,SKU02381,CUST09633,3,987.93,2314.72,In-Store,21.9,PROMO046
2023-04-10,RCPT00001341,ST21,SKU01516,CUST09633,1,309.06,241.38,In-Store,21.9,PROMO046
2023-04-10,RCPT00001341,ST21,SKU02690,CUST09633,4,249.77,902.17,In-Store,9.7,PROMO072
2023-04-10,RCPT00001341,ST21,SKU01811,CUST09633,1,1351.94,1055.87,In-Store,21.9,PROMO046
2023-04-10,RCPT00001341,ST21,SKU04041,CUST09633,1,575.93,449.8,In-Store,21.9,PROMO046
2024-12-30,RCPT00001342,ST25,SKU04317,CUST02748,1,1598.65,1598.65,In-Store,0.0,
2025-10-14,RCPT00001343,ST20,SKU00316,CUST09645,2,126.16,252.32,In-Store,0.0,
2022-02-12,RCPT00001344,ST30,SKU02979,CUST01958,1,473.94,473.94,In-Store,0.0,
2024-02-12,RCPT00001345,ST06,SKU03627,CUST01048,1,1083.01,1083.01,Online,0.0,
2024-02-12,RCPT00001345,ST06,SKU04824,CUST01048,1,1024.94,1024.94,Online,0.0,
2024-12-07,RCPT00001346,ST04,SKU00799,CUST05517,1,164.49,164.49,In-Store,0.0,
2024-12-07,RCPT00001346,ST04,SKU01192,CUST05517,2,149.22,298.44,In-Store,0.0,
2024-08-23,RCPT00001347,ST09,SKU04384,CUST03087,4,1615.0,6460.0,In-Store,0.0,
2025-07-26,RCPT00001348,ST14,SKU04405,CUST08938,1,1244.17,1244.17,In-Store,0.0,
2025-07-26,RCPT00001348,ST14,SKU01866,CUST08938,2,264.81,529.62,In-Store,0.0,
2025-07-26,RCPT00001348,ST14,SKU04596,CUST08938,2,335.55,671.1,In-Store,0.0,
2025-04-09,RCPT00001349,ST03,SKU03569,CUST00758,1,3079.29,3079.29,In-Store,0.0,
2025-04-09,RCPT00001349,ST03,SKU00886,CUST00758,1,1510.84,1510.84,In-Store,0.0,
2025-04-09,RCPT00001349,ST03,SKU04321,CUST00758,1,961.3,961.3,In-Store,0.0,
2024-09-24,RCPT00001350,ST19,SKU04362,CUST09566,1,233.42,170.4,In-Store,27.0,PROMO094
2024-09-24,RCPT00001350,ST19,SKU00538,CUST09566,1,1101.07,803.78,In-Store,27.0,PROMO094
2024-09-24,RCPT00001350,ST19,SKU02693,CUST09566,2,1518.89,2217.58,In-Store,27.0,PROMO094
2023-02-24,RCPT00001351,ST21,SKU01887,CUST02445,2,1220.54,2441.08,Online,0.0,
2023-02-24,RCPT00001351,ST21,SKU04321,CUST02445,3,961.3,2883.9,Online,0.0,
2023-02-24,RCPT00001351,ST21,SKU04193,CUST02445,3,215.47,646.41,Online,0.0,
2023-02-24,RCPT00001351,ST21,SKU03030,CUST02445,1,108.63,108.63,Online,0.0,
2023-02-24,RCPT00001351,ST21,SKU01482,CUST02445,1,1578.89,1578.89,Online,0.0,
2024-01-07,RCPT00001352,ST17,SKU03196,CUST05698,2,837.3,1674.6,In-Store,0.0,
2024-12-22,RCPT00001353,ST12,SKU02068,CUST05228,3,249.89,749.67,Online,0.0,
2022-03-02,RCPT00001354,ST07,SKU00738,CUST03776,4,109.27,437.08,Mobile App,0.0,
2025-11-26,RCPT00001355,ST12,SKU03531,CUST08580,2,1772.13,3544.26,In-Store,0.0,
2025-11-26,RCPT00001355,ST12,SKU01332,CUST08580,4,66.62,266.48,In-Store,0.0,
2025-11-26,RCPT00001355,ST12,SKU04630,CUST08580,3,118.95,356.85,In-Store,0.0,
2024-11-19,RCPT00001356,ST29,SKU03546,CUST00980,1,496.17,496.17,In-Store,0.0,
2024-11-19,RCPT00001356,ST29,SKU04329,CUST00980,1,2452.07,2452.07,In-Store,0.0,
2024-11-19,RCPT00001356,ST29,SKU03763,CUST00980,1,85.93,77.42,In-Store,9.9,PROMO009
2024-11-19,RCPT00001356,ST29,SKU04596,CUST00980,3,335.55,1006.65,In-Store,0.0,
2024-05-10,RCPT00001357,ST17,SKU04275,CUST06751,2,240.04,322.61,In-Store,32.8,PROMO036
2024-05-10,RCPT00001357,ST17,SKU04968,CUST06751,3,329.41,664.09,In-Store,32.8,PROMO036
2024-05-10,RCPT00001357,ST17,SKU03583,CUST06751,2,306.2,411.53,In-Store,32.8,PROMO036
2024-05-10,RCPT00001357,ST17,SKU02141,CUST06751,1,471.88,317.1,In-Store,32.8,PROMO036
2023-12-24,RCPT00001358,ST16,SKU02858,CUST06098,3,90.7,190.74,In-Store,29.9,PROMO043
2023-12-24,RCPT00001358,ST16,SKU02849,CUST06098,2,73.3,102.77,In-Store,29.9,PROMO043
2023-12-24,RCPT00001358,ST16,SKU00732,CUST06098,2,819.74,1149.28,In-Store,29.9,PROMO043
2023-12-24,RCPT00001358,ST16,SKU00961,CUST06098,4,605.41,1697.57,In-Store,29.9,PROMO043
2023-12-24,RCPT00001358,ST16,SKU03271,CUST06098,3,587.02,1234.5,In-Store,29.9,PROMO043
2022-11-17,RCPT00001359,ST17,SKU03057,CUST09982,2,206.34,412.68,Online,0.0,
2022-11-17,RCPT00001359,ST17,SKU04474,CUST09982,3,168.07,504.21,Online,0.0,
2024-07-03,RCPT00001360,ST30,SKU02008,CUST03268,2,935.7,1448.46,In-Store,22.6,PROMO045
2024-07-03,RCPT00001360,ST30,SKU01944,CUST03268,1,36.52,28.27,In-Store,22.6,PROMO045
2022-03-25,RCPT00001361,ST20,SKU03573,CUST08127,1,1738.69,1738.69,Online,0.0,
2022-03-25,RCPT00001361,ST20,SKU00885,CUST08127,3,188.68,333.96,Online,41.0,PROMO076
2024-09-07,RCPT00001362,ST02,SKU00706,CUST07040,3,997.3,2991.9,In-Store,0.0,
2024-04-07,RCPT00001363,ST15,SKU04341,CUST05453,2,67.39,67.66,Mobile App,49.8,PROMO019
2024-04-07,RCPT00001363,ST15,SKU03292,CUST05453,3,164.03,247.03,Mobile App,49.8,PROMO019
2024-04-07,RCPT00001363,ST15,SKU03295,CUST05453,1,106.45,53.44,Mobile App,49.8,PROMO019
2022-09-08,RCPT00001364,ST09,SKU00492,CUST06157,2,1126.69,2253.38,Online,0.0,
2022-09-08,RCPT00001364,ST09,SKU00893,CUST06157,1,690.66,690.66,Online,0.0,
2022-09-08,RCPT00001364,ST09,SKU02961,CUST06157,2,1130.98,2261.96,Online,0.0,
2022-03-18,RCPT00001365,ST21,SKU00190,CUST02001,2,145.42,290.84,In-Store,0.0,
2023-06-05,RCPT00001366,ST06,SKU04813,CUST03542,1,397.81,239.08,In-Store,39.9,PROMO040
2023-06-05,RCPT00001366,ST06,SKU03690,CUST03542,1,312.29,187.69,In-Store,39.9,PROMO040
2023-07-21,RCPT00001367,ST04,SKU00580,CUST08624,2,998.77,1997.54,In-Store,0.0,
2025-07-22,RCPT00001368,ST27,SKU00697,CUST04770,1,178.49,178.49,Mobile App,0.0,
2025-07-22,RCPT00001368,ST27,SKU01882,CUST04770,1,69.32,69.32,Mobile App,0.0,
2025-07-22,RCPT00001368,ST27,SKU01087,CUST04770,1,231.99,231.99,Mobile App,0.0,
2024-10-09,RCPT00001369,ST13,SKU02790,CUST01363,2,70.96,141.92,In-Store,0.0,
2024-10-09,RCPT00001369,ST13,SKU04321,CUST01363,1,961.3,961.3,In-Store,0.0,
2024-10-09,RCPT00001369,ST13,SKU00005,CUST01363,1,138.5,138.5,In-Store,0.0,
2024-10-09,RCPT00001369,ST13,SKU04154,CUST01363,2,351.77,703.54,In-Store,0.0,
2024-03-30,RCPT00001370,ST08,SKU02368,CUST04110,1,849.39,477.36,Online,43.8,PROMO075
2023-04-28,RCPT00001371,ST05,SKU02526,CUST07943,5,698.11,3490.55,In-Store,0.0,
2023-04-28,RCPT00001371,ST05,SKU00628,CUST07943,3,135.8,407.4,In-Store,0.0,
2023-04-28,RCPT00001371,ST05,SKU04276,CUST07943,1,1212.48,1212.48,In-Store,0.0,
2024-12-26,RCPT00001372,ST12,SKU04580,CUST06750,1,696.36,696.36,In-Store,0.0,
2024-12-26,RCPT00001372,ST12,SKU03175,CUST06750,3,160.68,482.04,In-Store,0.0,
2025-06-16,RCPT00001373,ST28,SKU04157,CUST06783,1,2678.35,2678.35,In-Store,0.0,
2022-03-26,RCPT00001374,ST16,SKU04627,CUST09749,1,630.47,630.47,In-Store,0.0,
2022-03-26,RCPT00001374,ST16,SKU01338,CUST09749,2,354.64,418.48,In-Store,41.0,PROMO076
2022-03-26,RCPT00001374,ST16,SKU03228,CUST09749,1,398.21,398.21,In-Store,0.0,
2022-03-26,RCPT00001374,ST16,SKU04245,CUST09749,1,217.78,217.78,In-Store,0.0,
2023-09-10,RCPT00001375,ST29,SKU02366,CUST07520,1,1439.58,1256.75,In-Store,12.7,PROMO010
2023-09-10,RCPT00001375,ST29,SKU01932,CUST07520,1,181.98,158.87,In-Store,12.7,PROMO010
2022-07-11,RCPT00001376,ST03,SKU03840,CUST09350,1,255.12,255.12,Online,0.0,
2022-09-24,RCPT00001377,ST14,SKU02589,CUST09810,1,247.05,247.05,In-Store,0.0,
2023-06-12,RCPT00001378,ST16,SKU03636,CUST07656,1,299.31,299.31,In-Store,0.0,
2023-06-04,RCPT00001379,ST01,SKU01030,CUST09555,3,224.5,404.77,Online,39.9,PROMO040
2023-06-04,RCPT00001379,ST01,SKU03633,CUST09555,4,118.27,284.32,Online,39.9,PROMO040
2025-08-14,RCPT00001380,ST05,SKU02108,CUST02444,1,610.6,610.6,In-Store,0.0,
2024-10-01,RCPT00001381,ST21,SKU00080,CUST00752,1,85.23,62.22,In-Store,27.0,PROMO094
2024-10-01,RCPT00001381,ST21,SKU04341,CUST00752,1,67.39,49.19,In-Store,27.0,PROMO094
2024-10-01,RCPT00001381,ST21,SKU04148,CUST00752,1,838.78,612.31,In-Store,27.0,PROMO094
2024-03-14,RCPT00001382,ST22,SKU04452,CUST05581,2,240.8,270.66,Online,43.8,PROMO075
2023-11-22,RCPT00001383,ST20,SKU00762,CUST01303,1,169.42,169.42,Online,0.0,
2022-03-21,RCPT00001384,ST16,SKU02558,CUST02056,1,87.7,87.7,Mobile App,0.0,
2022-03-21,RCPT00001384,ST16,SKU03002,CUST02056,1,52.44,52.44,Mobile App,0.0,
2022-05-22,RCPT00001385,ST12,SKU00628,CUST01139,1,135.8,135.8,Online,0.0,
2025-05-11,RCPT00001386,ST29,SKU01704,CUST05926,2,119.92,239.84,In-Store,0.0,
2025-01-27,RCPT00001387,ST08,SKU02923,CUST07768,1,124.18,124.18,In-Store,0.0,
2025-01-27,RCPT00001387,ST08,SKU04320,CUST07768,1,2952.52,2952.52,In-Store,0.0,
2022-04-08,RCPT00001388,ST01,SKU04646,CUST02431,1,82.38,82.38,Online,0.0,
2022-04-08,RCPT00001388,ST01,SKU01275,CUST02431,1,96.57,96.57,Online,0.0,
2025-09-10,RCPT00001389,ST03,SKU02046,CUST06049,1,2009.47,2009.47,In-Store,0.0,
2025-09-10,RCPT00001389,ST03,SKU00862,CUST06049,1,1745.5,1745.5,In-Store,0.0,
2025-09-10,RCPT00001389,ST03,SKU01336,CUST06049,1,804.43,804.43,In-Store,0.0,
2025-09-10,RCPT00001389,ST03,SKU03048,CUST06049,1,1226.44,1226.44,In-Store,0.0,
2025-09-10,RCPT00001389,ST03,SKU04522,CUST06049,1,754.02,754.02,In-Store,0.0,
2022-07-29,RCPT00001390,ST21,SKU01272,CUST05204,1,386.08,386.08,In-Store,0.0,
2022-07-29,RCPT00001390,ST21,SKU04816,CUST05204,1,90.49,90.49,In-Store,0.0,
2024-06-11,RCPT00001391,ST06,SKU00112,CUST01883,3,218.89,656.67,In-Store,0.0,
2024-06-11,RCPT00001391,ST06,SKU04926,CUST01883,4,458.92,1835.68,In-Store,0.0,
2024-06-11,RCPT00001391,ST06,SKU00886,CUST01883,2,1510.84,3021.68,In-Store,0.0,
2023-11-28,RCPT00001392,ST14,SKU03235,CUST05030,4,1648.55,6594.2,Online,0.0,
2023-11-28,RCPT00001392,ST14,SKU01207,CUST05030,3,437.42,1312.26,Online,0.0,
2024-07-01,RCPT00001393,ST16,SKU04154,CUST06633,1,351.77,272.27,Mobile App,22.6,PROMO045
2024-07-01,RCPT00001393,ST16,SKU04857,CUST06633,2,451.19,698.44,Mobile App,22.6,PROMO045
2022-10-30,RCPT00001394,ST25,SKU00079,CUST09429,1,197.9,197.9,In-Store,0.0,
2022-10-30,RCPT00001394,ST25,SKU00243,CUST09429,4,483.9,1935.6,In-Store,0.0,
2022-10-30,RCPT00001394,ST25,SKU04571,CUST09429,1,868.52,868.52,In-Store,0.0,
2025-03-12,RCPT00001395,ST27,SKU04613,CUST04225,2,182.83,365.66,Online,0.0,
2025-03-12,RCPT00001395,ST27,SKU04455,CUST04225,1,143.47,143.47,Online,0.0,
2024-06-01,RCPT00001396,ST04,SKU00996,CUST00298,1,117.61,117.61,Online,0.0,
2023-12-07,RCPT00001397,ST23,SKU03319,CUST09290,1,397.04,397.04,In-Store,0.0,
2023-12-07,RCPT00001397,ST23,SKU03426,CUST09290,1,1315.65,1315.65,In-Store,0.0,
2023-12-07,RCPT00001397,ST23,SKU01274,CUST09290,3,558.36,1675.08,In-Store,0.0,
2024-12-07,RCPT00001398,ST04,SKU01127,CUST02952,3,817.54,2452.62,Online,0.0,
2024-12-07,RCPT00001398,ST04,SKU00634,CUST02952,1,64.42,64.42,Online,0.0,
2024-12-07,RCPT00001398,ST04,SKU00123,CUST02952,2,99.13,198.26,Online,0.0,
2024-07-02,RCPT00001399,ST06,SKU03046,CUST03023,2,109.87,170.08,In-Store,22.6,PROMO045
2023-10-02,RCPT00001400,ST08,SKU01137,CUST04462,4,1286.53,5146.12,In-Store,0.0,
2025-11-28,RCPT00001401,ST26,SKU00918,CUST02678,1,1559.59,1559.59,Online,0.0,
2024-11-22,RCPT00001402,ST21,SKU02001,CUST03192,3,79.68,239.04,In-Store,0.0,
2025-03-17,RCPT00001403,ST09,SKU03053,CUST06868,1,4086.72,4086.72,In-Store,0.0,
2024-12-06,RCPT00001404,ST21,SKU03385,CUST04386,2,153.8,307.6,In-Store,0.0,
2025-04-22,RCPT00001405,ST07,SKU02526,CUST03281,3,698.11,2094.33,Online,0.0,
2025-06-03,RCPT00001406,ST21,SKU01578,CUST08892,1,540.35,540.35,Mobile App,0.0,
2024-05-07,RCPT00001407,ST25,SKU03292,CUST04610,1,164.03,164.03,In-Store,0.0,
2024-05-07,RCPT00001407,ST25,SKU03360,CUST04610,4,346.96,1387.84,In-Store,0.0,
2024-05-07,RCPT00001407,ST25,SKU04778,CUST04610,1,485.82,485.82,In-Store,0.0,
2025-05-07,RCPT00001408,ST27,SKU03038,CUST05547,1,204.05,204.05,Mobile App,0.0,
2025-05-07,RCPT00001408,ST27,SKU04065,CUST05547,1,3743.61,3743.61,Mobile App,0.0,
2025-05-07,RCPT00001408,ST27,SKU00647,CUST05547,2,232.47,464.94,Mobile App,0.0,
2025-12-15,RCPT00001409,ST20,SKU00847,CUST03647,3,398.86,1196.58,Mobile App,0.0,
2023-11-19,RCPT00001410,ST05,SKU02657,CUST09528,4,128.75,515.0,In-Store,0.0,
2023-11-19,RCPT00001410,ST05,SKU00994,CUST09528,2,602.13,1022.42,In-Store,15.1,PROMO064
2023-11-19,RCPT00001410,ST05,SKU04571,CUST09528,1,868.52,868.52,In-Store,0.0,
2023-11-19,RCPT00001410,ST05,SKU02619,CUST09528,1,381.92,381.92,In-Store,0.0,
2025-02-10,RCPT00001411,ST28,SKU04161,CUST00447,2,189.64,211.26,Online,44.3,PROMO041
2022-02-23,RCPT00001412,ST28,SKU04321,CUST00368,3,961.3,2883.9,In-Store,0.0,
2022-03-11,RCPT00001413,ST05,SKU04010,CUST05125,1,253.31,149.45,In-Store,41.0,PROMO076
2022-03-11,RCPT00001413,ST05,SKU03921,CUST05125,2,69.99,139.98,In-Store,0.0,
2025-08-29,RCPT00001414,ST18,SKU02615,CUST06472,2,118.71,237.42,Mobile App,0.0,
2025-08-29,RCPT00001414,ST18,SKU04571,CUST06472,3,868.52,2605.56,Mobile App,0.0,
2024-02-09,RCPT00001415,ST21,SKU02616,CUST05622,2,564.32,1128.64,In-Store,0.0,
2024-02-09,RCPT00001415,ST21,SKU02858,CUST05622,2,90.7,181.4,In-Store,0.0,
2024-02-09,RCPT00001415,ST21,SKU04321,CUST05622,1,961.3,961.3,In-Store,0.0,
2024-02-09,RCPT00001415,ST21,SKU02649,CUST05622,3,1521.83,4565.49,In-Store,0.0,
2023-12-14,RCPT00001416,ST30,SKU00263,CUST01135,1,443.51,443.51,In-Store,0.0,
2022-09-04,RCPT00001417,ST22,SKU02740,CUST09628,1,104.22,94.84,In-Store,9.0,PROMO033
2023-08-29,RCPT00001418,ST30,SKU04453,CUST04154,1,265.58,231.85,Online,12.7,PROMO010
2023-08-29,RCPT00001418,ST30,SKU00016,CUST04154,3,3478.65,9110.58,Online,12.7,PROMO010
2023-08-29,RCPT00001418,ST30,SKU01439,CUST04154,1,987.75,862.31,Online,12.7,PROMO010
2023-08-29,RCPT00001418,ST30,SKU01664,CUST04154,1,436.52,381.08,Online,12.7,PROMO010
2023-08-29,RCPT00001418,ST30,SKU02612,CUST04154,1,450.0,392.85,Online,12.7,PROMO010
2024-11-20,RCPT00001419,ST15,SKU00994,CUST08261,1,602.13,602.13,Online,0.0,
2022-05-03,RCPT00001420,ST27,SKU03727,CUST09952,1,1660.93,1660.93,In-Store,0.0,
2022-05-03,RCPT00001420,ST27,SKU03998,CUST09952,2,625.71,1251.42,In-Store,0.0,
2025-04-19,RCPT00001421,ST12,SKU03805,CUST06138,2,1279.53,2559.06,In-Store,0.0,
2023-10-21,RCPT00001422,ST12,SKU04191,CUST03630,4,106.7,426.8,In-Store,0.0,
2023-10-21,RCPT00001422,ST12,SKU04459,CUST03630,3,1349.01,2254.2,In-Store,44.3,PROMO048
2022-11-06,RCPT00001423,ST06,SKU03370,CUST00058,3,56.2,168.6,In-Store,0.0,
2022-11-06,RCPT00001423,ST06,SKU04321,CUST00058,1,961.3,961.3,In-Store,0.0,
2023-09-09,RCPT00001424,ST27,SKU02307,CUST03855,2,2067.44,3609.75,In-Store,12.7,PROMO010
2023-09-09,RCPT00001424,ST27,SKU02531,CUST03855,3,143.49,375.8,In-Store,12.7,PROMO010
2025-12-26,RCPT00001425,ST25,SKU02434,CUST04295,1,733.61,733.61,In-Store,0.0,
2025-12-26,RCPT00001425,ST25,SKU02108,CUST04295,3,610.6,1831.8,In-Store,0.0,
2025-12-26,RCPT00001425,ST25,SKU02538,CUST04295,2,216.58,433.16,In-Store,0.0,
2023-05-23,RCPT00001426,ST24,SKU03919,CUST05356,3,535.43,1606.29,In-Store,0.0,
2023-08-22,RCPT00001427,ST05,SKU00238,CUST04234,1,1766.09,1541.8,Mobile App,12.7,PROMO010
2023-08-22,RCPT00001427,ST05,SKU01743,CUST04234,1,1398.86,1221.2,Mobile App,12.7,PROMO010
2022-05-15,RCPT00001428,ST08,SKU04329,CUST02434,3,2452.07,7356.21,In-Store,0.0,
2023-04-03,RCPT00001429,ST07,SKU04321,CUST05042,2,961.3,1922.6,Mobile App,0.0,
2024-03-17,RCPT00001430,ST25,SKU01131,CUST08072,5,1745.98,4906.2,In-Store,43.8,PROMO075
2023-05-04,RCPT00001431,ST16,SKU03353,CUST08418,2,48.61,97.22,In-Store,0.0,
2022-05-13,RCPT00001432,ST05,SKU02141,CUST02519,2,471.88,943.76,In-Store,0.0,
2022-10-07,RCPT00001433,ST20,SKU04741,CUST09629,2,1088.07,2176.14,Mobile App,0.0,
2025-08-21,RCPT00001434,ST04,SKU00002,CUST00773,1,70.38,70.38,Online,0.0,
2023-02-21,RCPT00001435,ST21,SKU04321,CUST02570,1,961.3,961.3,In-Store,0.0,
2023-02-21,RCPT00001435,ST21,SKU01778,CUST02570,1,125.27,125.27,In-Store,0.0,
2023-02-21,RCPT00001435,ST21,SKU03209,CUST02570,2,76.6,153.2,In-Store,0.0,
2023-02-21,RCPT00001435,ST21,SKU04596,CUST02570,2,335.55,671.1,In-Store,0.0,
2023-02-21,RCPT00001435,ST21,SKU01127,CUST02570,1,817.54,817.54,In-Store,0.0,
2023-06-07,RCPT00001436,ST03,SKU04735,CUST05109,1,604.76,363.46,In-Store,39.9,PROMO040
2023-06-07,RCPT00001436,ST03,SKU03059,CUST05109,1,567.73,341.21,In-Store,39.9,PROMO040
2023-06-07,RCPT00001436,ST03,SKU03160,CUST05109,1,254.64,153.04,In-Store,39.9,PROMO040
2023-06-07,RCPT00001436,ST03,SKU04098,CUST05109,4,80.48,193.47,In-Store,39.9,PROMO040
2022-11-05,RCPT00001437,ST22,SKU00055,CUST02259,1,409.38,409.38,In-Store,0.0,
2022-11-05,RCPT00001437,ST22,SKU04321,CUST02259,2,961.3,1922.6,In-Store,0.0,
2024-10-20,RCPT00001438,ST16,SKU03149,CUST07195,1,610.58,610.58,In-Store,0.0,
2024-06-16,RCPT00001439,ST05,SKU01109,CUST00614,4,486.1,1670.24,In-Store,14.1,PROMO023
2024-06-16,RCPT00001439,ST05,SKU04843,CUST00614,2,272.97,468.96,In-Store,14.1,PROMO023
2022-10-02,RCPT00001440,ST07,SKU00539,CUST02376,1,199.63,199.63,Online,0.0,
2022-01-24,RCPT00001441,ST09,SKU00654,CUST00165,2,72.62,145.24,In-Store,0.0,
2025-01-25,RCPT00001442,ST20,SKU02565,CUST00152,2,258.39,516.78,Online,0.0,
2023-02-17,RCPT00001443,ST21,SKU04789,CUST05977,1,67.08,67.08,In-Store,0.0,
2023-02-17,RCPT00001443,ST21,SKU03268,CUST05977,2,734.99,1469.98,In-Store,0.0,
2023-02-17,RCPT00001443,ST21,SKU03166,CUST05977,1,333.83,333.83,In-Store,0.0,
2022-10-10,RCPT00001444,ST15,SKU03368,CUST07914,3,1766.25,5298.75,In-Store,0.0,
2022-10-10,RCPT00001444,ST15,SKU04210,CUST07914,1,41.89,41.89,In-Store,0.0,
2023-02-07,RCPT00001445,ST08,SKU01738,CUST01385,1,676.75,676.75,Online,0.0,
2022-08-01,RCPT00001446,ST04,SKU03176,CUST05355,3,1236.65,3709.95,In-Store,0.0,
2022-04-23,RCPT00001447,ST21,SKU02442,CUST03239,1,507.66,507.66,Online,0.0,
2022-04-23,RCPT00001447,ST21,SKU01497,CUST03239,1,442.63,442.63,Online,0.0,
2024-02-21,RCPT00001448,ST07,SKU04197,CUST09490,2,358.95,717.9,In-Store,0.0,
2024-02-21,RCPT00001448,ST07,SKU01441,CUST09490,1,773.63,773.63,In-Store,0.0,
2022-06-08,RCPT00001449,ST04,SKU01582,CUST02560,1,1469.26,840.42,In-Store,42.8,PROMO022
2025-05-02,RCPT00001450,ST27,SKU00002,CUST03216,2,70.38,140.76,In-Store,0.0,
2025-05-02,RCPT00001450,ST27,SKU03919,CUST03216,2,535.43,1070.86,In-Store,0.0,
2024-12-12,RCPT00001451,ST24,SKU03525,CUST04726,2,880.36,1760.72,In-Store,0.0,
2024-12-12,RCPT00001451,ST24,SKU03209,CUST04726,4,76.6,306.4,In-Store,0.0,
2024-12-12,RCPT00001451,ST24,SKU02858,CUST04726,2,90.7,181.4,In-Store,0.0,
2024-01-03,RCPT00001452,ST21,SKU00982,CUST01796,2,1475.54,2068.71,In-Store,29.9,PROMO043
2024-01-03,RCPT00001452,ST21,SKU01245,CUST01796,1,38.18,26.76,In-Store,29.9,PROMO043
2024-01-03,RCPT00001452,ST21,SKU04596,CUST01796,2,335.55,470.44,In-Store,29.9,PROMO043
2024-01-03,RCPT00001452,ST21,SKU01622,CUST01796,1,565.05,396.1,In-Store,29.9,PROMO043
2023-04-15,RCPT00001453,ST07,SKU02141,CUST07345,1,471.88,368.54,Online,21.9,PROMO046
2023-04-15,RCPT00001453,ST07,SKU03227,CUST07345,3,383.56,898.68,Online,21.9,PROMO046
2024-08-18,RCPT00001454,ST12,SKU02682,CUST07562,1,2202.3,1772.85,In-Store,19.5,PROMO087
2024-08-18,RCPT00001454,ST12,SKU01742,CUST07562,2,65.38,130.76,In-Store,0.0,
2024-08-18,RCPT00001454,ST12,SKU03880,CUST07562,4,719.08,2876.32,In-Store,0.0,
2025-05-14,RCPT00001455,ST05,SKU01705,CUST08065,1,158.38,158.38,In-Store,0.0,
2025-05-14,RCPT00001455,ST05,SKU04596,CUST08065,1,335.55,335.55,In-Store,0.0,
2025-05-14,RCPT00001455,ST05,SKU02139,CUST08065,1,278.4,278.4,In-Store,0.0,
2025-05-14,RCPT00001455,ST05,SKU01083,CUST08065,3,421.04,1263.12,In-Store,0.0,
2024-09-04,RCPT00001456,ST21,SKU02657,CUST06392,4,128.75,515.0,Online,0.0,
2024-12-26,RCPT00001457,ST27,SKU00667,CUST06794,3,573.95,1721.85,In-Store,0.0,
2022-07-08,RCPT00001458,ST30,SKU03906,CUST01408,2,125.53,251.06,In-Store,0.0,
2025-03-25,RCPT00001459,ST01,SKU00942,CUST02932,3,172.9,518.7,Online,0.0,
2025-03-25,RCPT00001459,ST01,SKU00628,CUST02932,2,135.8,189.58,Online,30.2,PROMO090
2025-03-25,RCPT00001459,ST01,SKU00106,CUST02932,1,200.8,140.16,Online,30.2,PROMO090
2025-03-25,RCPT00001459,ST01,SKU01202,CUST02932,3,330.45,991.35,Online,0.0,
2025-03-25,RCPT00001459,ST01,SKU02368,CUST02932,1,849.39,849.39,Online,0.0,
2023-07-04,RCPT00001460,ST13,SKU01037,CUST07924,4,178.07,712.28,In-Store,0.0,
2023-07-04,RCPT00001460,ST13,SKU03727,CUST07924,1,1660.93,1660.93,In-Store,0.0,
2023-07-04,RCPT00001460,ST13,SKU04772,CUST07924,1,1952.93,1952.93,In-Store,0.0,
2022-12-14,RCPT00001461,ST22,SKU01592,CUST04086,2,1748.08,3195.49,In-Store,8.6,PROMO095
2022-12-14,RCPT00001461,ST22,SKU02858,CUST04086,3,90.7,272.1,In-Store,0.0,
2023-08-15,RCPT00001462,ST05,SKU03991,CUST03906,3,2711.33,8133.99,In-Store,0.0,
2024-08-17,RCPT00001463,ST14,SKU03438,CUST02268,3,1292.78,3878.34,In-Store,0.0,
2024-06-18,RCPT00001464,ST28,SKU01932,CUST00790,2,181.98,312.64,In-Store,14.1,PROMO023
2024-06-18,RCPT00001464,ST28,SKU00263,CUST00790,1,443.51,380.98,In-Store,14.1,PROMO023
2024-11-26,RCPT00001465,ST12,SKU00190,CUST07476,2,145.42,290.84,In-Store,0.0,
2024-11-26,RCPT00001465,ST12,SKU02532,CUST07476,1,115.67,115.67,In-Store,0.0,
2024-11-26,RCPT00001465,ST12,SKU04321,CUST07476,2,961.3,1922.6,In-Store,0.0,
2023-04-04,RCPT00001466,ST11,SKU03833,CUST04603,3,2097.29,6291.87,Online,0.0,
2025-07-10,RCPT00001467,ST06,SKU02046,CUST03609,2,2009.47,4018.94,In-Store,0.0,
2025-09-13,RCPT00001468,ST27,SKU02861,CUST09247,3,585.54,1756.62,In-Store,0.0,
2025-09-13,RCPT00001468,ST27,SKU00607,CUST09247,2,2740.58,5481.16,In-Store,0.0,
2025-09-13,RCPT00001468,ST27,SKU02515,CUST09247,1,123.38,123.38,In-Store,0.0,
2025-09-13,RCPT00001468,ST27,SKU04321,CUST09247,1,961.3,961.3,In-Store,0.0,
2025-09-13,RCPT00001468,ST27,SKU04088,CUST09247,3,146.66,439.98,In-Store,0.0,
2022-08-07,RCPT00001469,ST03,SKU02898,CUST08669,3,989.39,2968.17,In-Store,0.0,
2024-04-13,RCPT00001470,ST23,SKU03492,CUST08898,1,71.49,35.89,Online,49.8,PROMO019
2024-04-13,RCPT00001470,ST23,SKU00953,CUST08898,3,273.99,412.63,Online,49.8,PROMO019
2024-04-13,RCPT00001470,ST23,SKU03998,CUST08898,1,625.71,314.11,Online,49.8,PROMO019
2025-11-05,RCPT00001471,ST11,SKU04664,CUST08370,1,729.2,729.2,Mobile App,0.0,
2025-11-05,RCPT00001471,ST11,SKU01309,CUST08370,3,474.17,1422.51,Mobile App,0.0,
2025-11-05,RCPT00001471,ST11,SKU02840,CUST08370,4,267.04,1068.16,Mobile App,0.0,
2025-11-05,RCPT00001471,ST11,SKU01308,CUST08370,1,105.47,105.47,Mobile App,0.0,
2024-12-02,RCPT00001472,ST12,SKU03560,CUST06629,2,3326.74,6653.48,Online,0.0,
2024-12-02,RCPT00001472,ST12,SKU03727,CUST06629,1,1660.93,1660.93,Online,0.0,
2024-12-02,RCPT00001472,ST12,SKU02820,CUST06629,1,859.3,859.3,Online,0.0,
2022-01-12,RCPT00001473,ST18,SKU04097,CUST03240,1,405.48,405.48,In-Store,0.0,
2022-01-12,RCPT00001473,ST18,SKU04264,CUST03240,1,2568.45,2568.45,In-Store,0.0,
2024-02-07,RCPT00001474,ST08,SKU02863,CUST05803,3,110.89,332.67,In-Store,0.0,
2024-02-07,RCPT00001474,ST08,SKU03829,CUST05803,1,660.71,660.71,In-Store,0.0,
2023-09-18,RCPT00001475,ST27,SKU00056,CUST00858,3,79.8,239.4,Online,0.0,
2024-11-01,RCPT00001476,ST07,SKU00883,CUST03022,1,3121.32,3121.32,In-Store,0.0,
2025-12-10,RCPT00001477,ST29,SKU01431,CUST02730,1,305.88,305.88,In-Store,0.0,
2022-12-15,RCPT00001478,ST03,SKU04321,CUST00322,2,961.3,1922.6,In-Store,0.0,
2022-12-15,RCPT00001478,ST03,SKU02687,CUST00322,1,96.25,96.25,In-Store,0.0,
2022-12-15,RCPT00001478,ST03,SKU04929,CUST00322,1,745.44,745.44,In-Store,0.0,
2022-12-15,RCPT00001478,ST03,SKU02282,CUST00322,2,199.33,398.66,In-Store,0.0,
2024-03-08,RCPT00001479,ST20,SKU04870,CUST05355,2,328.18,368.87,In-Store,43.8,PROMO075
2023-08-03,RCPT00001480,ST08,SKU01973,CUST09338,1,317.96,159.93,In-Store,49.7,PROMO030
2023-08-03,RCPT00001480,ST08,SKU02913,CUST09338,1,348.62,262.16,In-Store,24.8,PROMO061
2023-08-03,RCPT00001480,ST08,SKU02874,CUST09338,1,169.6,85.31,In-Store,49.7,PROMO030
2023-08-03,RCPT00001480,ST08,SKU01252,CUST09338,5,95.29,239.65,In-Store,49.7,PROMO030
2023-08-03,RCPT00001480,ST08,SKU00628,CUST09338,3,135.8,204.92,In-Store,49.7,PROMO030
2024-12-06,RCPT00001481,ST07,SKU03800,CUST03700,2,114.46,228.92,Online,0.0,
2024-12-06,RCPT00001481,ST07,SKU02786,CUST03700,1,69.89,69.89,Online,0.0,
2025-09-25,RCPT00001482,ST24,SKU04185,CUST06487,1,79.83,79.83,Mobile App,0.0,
2025-09-25,RCPT00001482,ST24,SKU04631,CUST06487,1,520.22,520.22,Mobile App,0.0,
2023-11-03,RCPT00001483,ST29,SKU00277,CUST06612,2,585.64,652.4,In-Store,44.3,PROMO048
2022-01-17,RCPT00001484,ST20,SKU04321,CUST01380,1,961.3,961.3,In-Store,0.0,
2024-07-09,RCPT00001485,ST09,SKU03983,CUST09681,4,2768.56,8571.46,In-Store,22.6,PROMO045
2025-03-25,RCPT00001486,ST27,SKU04610,CUST04851,2,2079.89,4159.78,In-Store,0.0,
2023-03-29,RCPT00001487,ST29,SKU04551,CUST05152,1,2498.23,1803.72,Online,27.8,PROMO078
2023-03-29,RCPT00001487,ST29,SKU00426,CUST05152,1,605.61,605.61,Online,0.0,
2023-04-21,RCPT00001488,ST20,SKU04095,CUST08745,3,433.45,1300.35,In-Store,0.0,
2025-01-06,RCPT00001489,ST21,SKU03071,CUST07784,1,1229.09,1229.09,Online,0.0,
2025-01-06,RCPT00001489,ST21,SKU04685,CUST07784,1,173.01,173.01,Online,0.0,
2025-01-06,RCPT00001489,ST21,SKU04707,CUST07784,2,978.23,1956.46,Online,0.0,
2025-01-06,RCPT00001489,ST21,SKU03658,CUST07784,1,202.55,202.55,Online,0.0,
2025-02-19,RCPT00001490,ST20,SKU04596,CUST01904,1,335.55,186.9,In-Store,44.3,PROMO041
2022-05-05,RCPT00001491,ST06,SKU00601,CUST01112,1,208.17,208.17,Online,0.0,
2022-05-05,RCPT00001491,ST06,SKU02065,CUST01112,1,70.19,70.19,Online,0.0,
2023-11-30,RCPT00001492,ST12,SKU04321,CUST00577,4,961.3,3845.2,In-Store,0.0,
2023-11-30,RCPT00001492,ST12,SKU00994,CUST00577,1,602.13,511.21,In-Store,15.1,PROMO064
2023-11-30,RCPT00001492,ST12,SKU00786,CUST00577,2,392.95,785.9,In-Store,0.0,
2023-11-30,RCPT00001492,ST12,SKU02141,CUST00577,3,471.88,1415.64,In-Store,0.0,
2022-12-22,RCPT00001493,ST06,SKU04154,CUST08992,3,351.77,1055.31,In-Store,0.0,
2022-12-22,RCPT00001493,ST06,SKU04034,CUST08992,1,1575.82,1575.82,In-Store,0.0,
2022-12-22,RCPT00001493,ST06,SKU02848,CUST08992,2,334.01,668.02,In-Store,0.0,
2022-05-05,RCPT00001494,ST13,SKU01331,CUST04386,3,87.75,263.25,In-Store,0.0,
2022-05-05,RCPT00001494,ST13,SKU01672,CUST04386,1,2494.85,2494.85,In-Store,0.0,
2022-05-05,RCPT00001494,ST13,SKU01205,CUST04386,1,71.98,71.98,In-Store,0.0,
2024-06-24,RCPT00001495,ST24,SKU01420,CUST09068,2,213.65,330.73,Online,22.6,PROMO045
2022-10-09,RCPT00001496,ST22,SKU04312,CUST06512,1,291.02,291.02,In-Store,0.0,
2023-03-01,RCPT00001497,ST06,SKU03057,CUST04787,1,206.34,161.77,Online,21.6,PROMO066
2022-09-18,RCPT00001498,ST24,SKU04990,CUST09884,1,132.24,132.24,In-Store,0.0,
2025-02-24,RCPT00001499,ST20,SKU02740,CUST04364,1,104.22,58.05,Online,44.3,PROMO041
2025-02-24,RCPT00001499,ST20,SKU02076,CUST04364,5,1012.51,2819.84,Online,44.3,PROMO041
2025-02-03,RCPT00001500,ST21,SKU01503,CUST09245,2,335.94,671.88,In-Store,0.0,
2025-02-03,RCPT00001500,ST21,SKU01449,CUST09245,1,2232.35,2232.35,In-Store,0.0,
2022-05-15,RCPT00001501,ST03,SKU04945,CUST01778,3,204.86,614.58,In-Store,0.0,
2022-05-15,RCPT00001501,ST03,SKU01635,CUST01778,1,1048.53,1048.53,In-Store,0.0,
2024-07-12,RCPT00001502,ST04,SKU04592,CUST00870,1,100.25,77.59,In-Store,22.6,PROMO045
2024-02-14,RCPT00001503,ST22,SKU01656,CUST09984,1,553.42,553.42,In-Store,0.0,
2024-02-14,RCPT00001503,ST22,SKU00321,CUST09984,3,736.71,2210.13,In-Store,0.0,
2024-02-14,RCPT00001503,ST22,SKU02038,CUST09984,3,83.56,250.68,In-Store,0.0,
2025-02-14,RCPT00001504,ST06,SKU04321,CUST06057,1,961.3,535.44,In-Store,44.3,PROMO041
2024-01-28,RCPT00001505,ST07,SKU02264,CUST09387,2,676.6,700.96,In-Store,48.2,PROMO069
2024-06-14,RCPT00001506,ST19,SKU04336,CUST04968,3,831.58,2142.98,Online,14.1,PROMO023
2024-06-14,RCPT00001506,ST19,SKU02036,CUST04968,1,207.39,178.15,Online,14.1,PROMO023
2022-11-24,RCPT00001507,ST21,SKU04321,CUST02251,1,961.3,961.3,Mobile App,0.0,
2022-04-17,RCPT00001508,ST22,SKU02954,CUST08232,1,603.3,603.3,In-Store,0.0,
2022-04-17,RCPT00001508,ST22,SKU01189,CUST08232,1,2299.8,2299.8,In-Store,0.0,
2022-04-17,RCPT00001508,ST22,SKU02846,CUST08232,1,1875.69,1875.69,In-Store,0.0,
2022-04-17,RCPT00001508,ST22,SKU02503,CUST08232,1,280.9,280.9,In-Store,0.0,
2022-04-27,RCPT00001509,ST03,SKU04154,CUST07663,3,351.77,1055.31,In-Store,0.0,
2022-04-27,RCPT00001509,ST03,SKU04031,CUST07663,1,763.98,763.98,In-Store,0.0,
2024-05-23,RCPT00001510,ST04,SKU04422,CUST09750,1,68.36,68.36,Online,0.0,
2024-05-23,RCPT00001510,ST04,SKU04321,CUST09750,4,961.3,3845.2,Online,0.0,
2024-05-23,RCPT00001510,ST04,SKU04713,CUST09750,1,1913.4,1561.33,Online,18.4,PROMO089
2025-09-16,RCPT00001511,ST02,SKU03572,CUST01763,1,654.81,654.81,In-Store,0.0,
2025-09-16,RCPT00001511,ST02,SKU00774,CUST01763,1,94.61,94.61,In-Store,0.0,
2025-12-18,RCPT00001512,ST30,SKU04032,CUST06567,1,203.7,203.7,In-Store,0.0,
2025-08-31,RCPT00001513,ST02,SKU03276,CUST03974,1,273.21,273.21,In-Store,0.0,
2025-04-02,RCPT00001514,ST19,SKU02317,CUST06324,2,287.3,574.6,Mobile App,0.0,
2025-04-02,RCPT00001514,ST19,SKU00190,CUST06324,2,145.42,290.84,Mobile App,0.0,
2025-04-02,RCPT00001514,ST19,SKU00079,CUST06324,1,197.9,197.9,Mobile App,0.0,
2025-04-02,RCPT00001514,ST19,SKU01009,CUST06324,2,223.42,446.84,Mobile App,0.0,
2024-12-04,RCPT00001515,ST30,SKU02141,CUST08363,2,471.88,943.76,Mobile App,0.0,
2022-07-02,RCPT00001516,ST11,SKU03693,CUST07483,1,1381.82,1381.82,In-Store,0.0,
2022-07-02,RCPT00001516,ST11,SKU04321,CUST07483,1,961.3,961.3,In-Store,0.0,
2024-12-28,RCPT00001517,ST25,SKU04386,CUST02744,2,837.35,1674.7,In-Store,0.0,
2023-07-10,RCPT00001518,ST17,SKU02767,CUST02720,2,1557.51,3115.02,Online,0.0,
2023-07-10,RCPT00001518,ST17,SKU04559,CUST02720,1,2625.43,2625.43,Online,0.0,
2022-11-02,RCPT00001519,ST22,SKU02543,CUST06085,1,1956.24,1956.24,In-Store,0.0,
2024-12-28,RCPT00001520,ST11,SKU00310,CUST06837,2,77.52,155.04,Online,0.0,
2024-12-28,RCPT00001520,ST11,SKU00291,CUST06837,1,190.44,190.44,Online,0.0,
2024-12-28,RCPT00001520,ST11,SKU01804,CUST06837,1,220.92,220.92,Online,0.0,
2023-08-31,RCPT00001521,ST10,SKU01967,CUST04263,1,206.98,180.69,In-Store,12.7,PROMO010
2023-08-31,RCPT00001521,ST10,SKU04321,CUST04263,4,961.3,3356.86,In-Store,12.7,PROMO010
2023-08-31,RCPT00001521,ST10,SKU01282,CUST04263,1,39.37,34.37,In-Store,12.7,PROMO010
2025-06-08,RCPT00001522,ST03,SKU04335,CUST01587,1,284.74,284.74,Online,0.0,
2022-01-14,RCPT00001523,ST06,SKU04381,CUST05148,2,192.07,384.14,In-Store,0.0,
2022-05-18,RCPT00001524,ST30,SKU00416,CUST00440,1,75.12,75.12,In-Store,0.0,
2022-01-20,RCPT00001525,ST11,SKU01589,CUST01195,1,136.14,136.14,In-Store,0.0,
2023-02-07,RCPT00001526,ST21,SKU04220,CUST04069,2,689.69,1379.38,Mobile App,0.0,
2023-02-07,RCPT00001526,ST21,SKU04321,CUST04069,1,961.3,961.3,Mobile App,0.0,
2022-06-21,RCPT00001527,ST30,SKU00676,CUST01633,2,85.72,171.44,In-Store,0.0,
2023-09-25,RCPT00001528,ST18,SKU00102,CUST09566,1,111.77,111.77,Online,0.0,
2023-09-25,RCPT00001528,ST18,SKU04284,CUST09566,4,89.66,358.64,Online,0.0,
2023-09-25,RCPT00001528,ST18,SKU01563,CUST09566,1,2485.52,2485.52,Online,0.0,
2024-04-02,RCPT00001529,ST30,SKU00922,CUST05510,1,60.32,33.9,In-Store,43.8,PROMO075
2024-04-02,RCPT00001529,ST30,SKU00365,CUST05510,1,78.0,43.84,In-Store,43.8,PROMO075
2024-04-02,RCPT00001529,ST30,SKU01193,CUST05510,2,253.89,285.37,In-Store,43.8,PROMO075
2025-03-08,RCPT00001530,ST12,SKU00286,CUST02821,2,64.45,128.9,In-Store,0.0,
2024-06-22,RCPT00001531,ST25,SKU04653,CUST01969,2,179.35,277.63,Online,22.6,PROMO045
2024-06-22,RCPT00001531,ST25,SKU03346,CUST01969,4,612.84,1764.98,Online,28.0,PROMO081
2024-06-22,RCPT00001531,ST25,SKU04321,CUST01969,1,961.3,744.05,Online,22.6,PROMO045
2024-06-22,RCPT00001531,ST25,SKU04321,CUST01969,1,961.3,744.05,Online,22.6,PROMO045
2022-04-16,RCPT00001532,ST03,SKU04583,CUST04780,2,966.08,1932.16,Online,0.0,
2023-02-01,RCPT00001533,ST04,SKU03990,CUST03614,1,690.44,690.44,In-Store,0.0,
2023-04-17,RCPT00001534,ST28,SKU02008,CUST05019,3,935.7,2192.35,Mobile App,21.9,PROMO046
2023-04-17,RCPT00001534,ST28,SKU00296,CUST05019,1,685.29,535.21,Mobile App,21.9,PROMO046
2025-03-07,RCPT00001535,ST21,SKU04144,CUST09350,1,66.69,66.69,Online,0.0,
2025-03-07,RCPT00001535,ST21,SKU01909,CUST09350,1,321.25,321.25,Online,0.0,
2025-03-07,RCPT00001535,ST21,SKU03800,CUST09350,2,114.46,228.92,Online,0.0,
2023-02-27,RCPT00001536,ST03,SKU01037,CUST01786,2,178.07,356.14,In-Store,0.0,
2023-02-27,RCPT00001536,ST03,SKU03603,CUST01786,1,222.12,174.14,In-Store,21.6,PROMO066
2022-08-27,RCPT00001537,ST25,SKU01771,CUST09317,1,336.08,305.83,In-Store,9.0,PROMO033
2022-08-27,RCPT00001537,ST25,SKU00597,CUST09317,1,655.29,596.31,In-Store,9.0,PROMO033
2024-01-12,RCPT00001538,ST02,SKU03727,CUST02075,1,1660.93,1660.93,Mobile App,0.0,
2022-11-16,RCPT00001539,ST20,SKU04335,CUST02687,2,284.74,569.48,Online,0.0,
2025-01-25,RCPT00001540,ST04,SKU03292,CUST06051,1,164.03,164.03,Online,0.0,
2025-01-25,RCPT00001540,ST04,SKU03695,CUST06051,1,209.27,209.27,Online,0.0,
2025-01-25,RCPT00001540,ST04,SKU02137,CUST06051,3,1893.03,5679.09,Online,0.0,
2025-01-25,RCPT00001540,ST04,SKU04381,CUST06051,1,192.07,192.07,Online,0.0,
2025-01-25,RCPT00001540,ST04,SKU00426,CUST06051,2,605.61,849.07,Online,29.9,PROMO092
2022-01-28,RCPT00001541,ST07,SKU01164,CUST05637,2,241.81,483.62,Online,0.0,
2022-04-07,RCPT00001542,ST20,SKU00055,CUST08803,1,409.38,409.38,Mobile App,0.0,
2022-04-07,RCPT00001542,ST20,SKU01045,CUST08803,1,451.29,451.29,Mobile App,0.0,
2022-04-07,RCPT00001542,ST20,SKU00664,CUST08803,1,186.94,186.94,Mobile App,0.0,
2025-06-21,RCPT00001543,ST20,SKU00662,CUST01647,2,366.53,733.06,Online,0.0,
2024-11-23,RCPT00001544,ST28,SKU03703,CUST00591,1,115.62,115.62,Mobile App,0.0,
2024-11-23,RCPT00001544,ST28,SKU04321,CUST00591,5,961.3,4806.5,Mobile App,0.0,
2023-04-27,RCPT00001545,ST03,SKU03743,CUST05974,1,253.24,253.24,In-Store,0.0,
2023-04-27,RCPT00001545,ST03,SKU00376,CUST05974,1,207.45,207.45,In-Store,0.0,
2023-04-27,RCPT00001545,ST03,SKU04070,CUST05974,3,41.17,123.51,In-Store,0.0,
2022-03-18,RCPT00001546,ST28,SKU03171,CUST04426,1,144.79,144.79,In-Store,0.0,
2022-03-18,RCPT00001546,ST28,SKU01840,CUST04426,1,117.69,117.69,In-Store,0.0,
2022-03-18,RCPT00001546,ST28,SKU00500,CUST04426,2,1264.58,2529.16,In-Store,0.0,
2024-06-02,RCPT00001547,ST24,SKU02805,CUST06648,3,82.43,247.29,Online,0.0,
2022-05-24,RCPT00001548,ST11,SKU04843,CUST09421,1,272.97,272.97,In-Store,0.0,
2025-12-03,RCPT00001549,ST03,SKU04043,CUST09405,3,1422.75,4268.25,Online,0.0,
2023-10-16,RCPT00001550,ST08,SKU04875,CUST06635,1,1349.03,751.41,In-Store,44.3,PROMO048
2023-03-31,RCPT00001551,ST06,SKU04166,CUST04637,1,263.67,263.67,In-Store,0.0,
2022-09-10,RCPT00001552,ST05,SKU04253,CUST01291,1,130.21,130.21,Mobile App,0.0,
2022-09-10,RCPT00001552,ST05,SKU01650,CUST01291,1,183.35,183.35,Mobile App,0.0,
2023-09-09,RCPT00001553,ST17,SKU00484,CUST09778,1,179.04,156.3,In-Store,12.7,PROMO010
2025-11-07,RCPT00001554,ST18,SKU03216,CUST08125,3,2157.51,6472.53,In-Store,0.0,
2022-09-13,RCPT00001555,ST11,SKU04124,CUST05694,2,93.29,186.58,Online,0.0,
2023-01-07,RCPT00001556,ST05,SKU01232,CUST09205,1,416.45,416.45,Mobile App,0.0,
2025-09-13,RCPT00001557,ST11,SKU01693,CUST05922,3,1483.29,4449.87,In-Store,0.0,
2024-10-08,RCPT00001558,ST22,SKU04489,CUST09315,1,251.01,183.24,Online,27.0,PROMO094
2024-10-08,RCPT00001558,ST22,SKU02965,CUST09315,4,150.68,439.99,Online,27.0,PROMO094
2023-01-13,RCPT00001559,ST18,SKU02642,CUST06820,1,191.59,191.59,In-Store,0.0,
2023-01-13,RCPT00001559,ST18,SKU01942,CUST06820,1,85.64,85.64,In-Store,0.0,
2025-10-02,RCPT00001560,ST30,SKU01805,CUST03891,3,158.18,474.54,Mobile App,0.0,
2022-10-29,RCPT00001561,ST14,SKU04977,CUST08444,1,41.59,41.59,In-Store,0.0,
2022-10-29,RCPT00001561,ST14,SKU03744,CUST08444,3,72.29,216.87,In-Store,0.0,
2022-05-05,RCPT00001562,ST30,SKU04596,CUST02163,1,335.55,335.55,In-Store,0.0,
2024-04-19,RCPT00001563,ST03,SKU01021,CUST01955,4,1243.47,3436.95,In-Store,30.9,PROMO015
2024-04-19,RCPT00001563,ST03,SKU03325,CUST01955,3,62.69,188.07,In-Store,0.0,
2025-11-02,RCPT00001564,ST06,SKU03416,CUST02032,1,176.91,176.91,In-Store,0.0,
2025-03-07,RCPT00001565,ST30,SKU03770,CUST02000,1,691.48,691.48,In-Store,0.0,
2023-02-19,RCPT00001566,ST05,SKU01219,CUST03641,1,317.89,317.89,Mobile App,0.0,
2023-02-19,RCPT00001566,ST05,SKU01488,CUST03641,3,612.26,1836.78,Mobile App,0.0,
2024-12-26,RCPT00001567,ST08,SKU04926,CUST01061,1,458.92,458.92,In-Store,0.0,
2024-10-24,RCPT00001568,ST28,SKU02068,CUST05740,2,249.89,499.78,Online,0.0,
2024-10-24,RCPT00001568,ST28,SKU00921,CUST05740,4,3363.82,13455.28,Online,0.0,
2023-02-25,RCPT00001569,ST16,SKU00888,CUST04618,2,244.92,489.84,Online,0.0,
2023-02-25,RCPT00001569,ST16,SKU00023,CUST04618,2,2028.91,4057.82,Online,0.0,
2023-02-25,RCPT00001569,ST16,SKU03267,CUST04618,1,216.74,216.74,Online,0.0,
2022-04-27,RCPT00001570,ST05,SKU04216,CUST06076,2,1422.8,2845.6,Online,0.0,
2022-03-15,RCPT00001571,ST12,SKU03063,CUST07550,1,363.59,363.59,In-Store,0.0,
2022-03-15,RCPT00001571,ST12,SKU00442,CUST07550,1,1105.86,1105.86,In-Store,0.0,
2025-12-26,RCPT00001572,ST12,SKU04046,CUST04312,1,114.83,114.83,In-Store,0.0,
2025-12-26,RCPT00001572,ST12,SKU02792,CUST04312,2,333.39,666.78,In-Store,0.0,
2025-12-26,RCPT00001572,ST12,SKU01507,CUST04312,4,220.84,883.36,In-Store,0.0,
2023-09-09,RCPT00001573,ST18,SKU04155,CUST01257,3,2612.22,6841.4,In-Store,12.7,PROMO010
2023-08-14,RCPT00001574,ST10,SKU00404,CUST02846,1,230.08,230.08,Mobile App,0.0,
2023-03-30,RCPT00001575,ST11,SKU03461,CUST05667,1,861.75,861.75,In-Store,0.0,
2023-03-30,RCPT00001575,ST11,SKU04161,CUST05667,1,189.64,189.64,In-Store,0.0,
2025-02-23,RCPT00001576,ST09,SKU02617,CUST07432,4,764.09,1702.39,Online,44.3,PROMO041
2025-01-02,RCPT00001577,ST06,SKU02627,CUST05533,2,190.96,381.92,In-Store,0.0,
2025-01-02,RCPT00001577,ST06,SKU01971,CUST05533,1,2455.1,2455.1,In-Store,0.0,
2023-08-30,RCPT00001578,ST20,SKU04596,CUST09113,2,335.55,513.39,In-Store,23.5,PROMO051
2023-08-30,RCPT00001578,ST20,SKU03685,CUST09113,1,44.86,39.16,In-Store,12.7,PROMO010
2024-06-30,RCPT00001579,ST17,SKU01877,CUST05890,1,1306.98,1011.6,Online,22.6,PROMO045
2024-06-30,RCPT00001579,ST17,SKU03727,CUST05890,1,1660.93,1285.56,Online,22.6,PROMO045
2024-06-30,RCPT00001579,ST17,SKU04329,CUST05890,2,2452.07,3795.8,Online,22.6,PROMO045
2024-06-30,RCPT00001579,ST17,SKU00388,CUST05890,1,63.62,49.24,Online,22.6,PROMO045
2024-01-11,RCPT00001580,ST12,SKU01472,CUST00788,2,452.74,905.48,In-Store,0.0,
2024-01-11,RCPT00001580,ST12,SKU02954,CUST00788,3,603.3,1809.9,In-Store,0.0,
2023-06-30,RCPT00001581,ST10,SKU00263,CUST06948,1,443.51,443.51,Mobile App,0.0,
2024-09-04,RCPT00001582,ST03,SKU00722,CUST08354,1,70.93,70.93,In-Store,0.0,
2024-11-04,RCPT00001583,ST27,SKU04087,CUST01344,2,79.2,158.4,In-Store,0.0,
2024-11-04,RCPT00001583,ST27,SKU02247,CUST01344,1,179.3,179.3,In-Store,0.0,
2024-11-04,RCPT00001583,ST27,SKU01244,CUST01344,1,2224.69,2224.69,In-Store,0.0,
2024-11-04,RCPT00001583,ST27,SKU04690,CUST01344,2,120.94,241.88,In-Store,0.0,
2024-11-04,RCPT00001583,ST27,SKU02460,CUST01344,2,1639.93,3279.86,In-Store,0.0,
2022-09-16,RCPT00001584,ST07,SKU02383,CUST08381,1,328.02,328.02,Online,0.0,
2023-07-20,RCPT00001585,ST21,SKU02329,CUST02649,2,166.7,333.4,Online,0.0,
2023-07-20,RCPT00001585,ST21,SKU01833,CUST02649,1,62.59,62.59,Online,0.0,
2024-02-26,RCPT00001586,ST11,SKU00994,CUST03199,2,602.13,1204.26,Mobile App,0.0,
2025-01-18,RCPT00001587,ST24,SKU02858,CUST09626,1,90.7,90.7,Mobile App,0.0,
2025-01-18,RCPT00001587,ST24,SKU01660,CUST09626,3,138.0,414.0,Mobile App,0.0,
2024-02-20,RCPT00001588,ST29,SKU02515,CUST07644,1,123.38,123.38,In-Store,0.0,
2024-02-20,RCPT00001588,ST29,SKU03471,CUST07644,1,281.87,281.87,In-Store,0.0,
2023-09-30,RCPT00001589,ST19,SKU00002,CUST05753,3,70.38,211.14,In-Store,0.0,
2024-05-25,RCPT00001590,ST07,SKU04682,CUST02231,1,129.38,129.38,In-Store,0.0,
2024-05-25,RCPT00001590,ST07,SKU04445,CUST02231,3,975.78,2927.34,In-Store,0.0,
2024-05-25,RCPT00001590,ST07,SKU00077,CUST02231,1,1562.82,1562.82,In-Store,0.0,
2024-05-25,RCPT00001590,ST07,SKU01746,CUST02231,3,1073.45,2627.81,In-Store,18.4,PROMO089
2024-05-25,RCPT00001590,ST07,SKU04519,CUST02231,4,1350.52,5402.08,In-Store,0.0,
2022-07-06,RCPT00001591,ST16,SKU02944,CUST02981,1,168.3,168.3,Online,0.0,
2022-07-06,RCPT00001591,ST16,SKU01151,CUST02981,4,1839.22,7356.88,Online,0.0,
2022-07-06,RCPT00001591,ST16,SKU03547,CUST02981,1,99.34,99.34,Online,0.0,
2022-07-06,RCPT00001591,ST16,SKU03727,CUST02981,5,1660.93,8304.65,Online,0.0,
2024-11-21,RCPT00001592,ST20,SKU01982,CUST01041,1,88.35,88.35,Online,0.0,
2024-11-21,RCPT00001592,ST20,SKU01701,CUST01041,5,420.92,2104.6,Online,0.0,
2024-11-21,RCPT00001592,ST20,SKU01775,CUST01041,1,204.15,204.15,Online,0.0,
2025-08-21,RCPT00001593,ST29,SKU00912,CUST09895,3,1248.26,1887.37,In-Store,49.6,PROMO088
2025-07-11,RCPT00001594,ST22,SKU04440,CUST03193,3,267.24,801.72,Online,0.0,
2025-11-18,RCPT00001595,ST26,SKU03212,CUST01246,1,1989.37,1989.37,Mobile App,0.0,
2023-08-16,RCPT00001596,ST18,SKU03378,CUST09650,2,119.38,238.76,Online,0.0,
2023-08-16,RCPT00001596,ST18,SKU03719,CUST09650,2,134.23,268.46,Online,0.0,
2022-04-30,RCPT00001597,ST14,SKU03088,CUST08990,5,223.55,1117.75,Mobile App,0.0,
2025-07-16,RCPT00001598,ST11,SKU04175,CUST02769,1,202.45,202.45,Online,0.0,
2025-07-16,RCPT00001598,ST11,SKU03292,CUST02769,3,164.03,492.09,Online,0.0,
2022-12-29,RCPT00001599,ST21,SKU01414,CUST03659,3,193.44,580.32,In-Store,0.0,
2025-06-16,RCPT00001600,ST28,SKU03532,CUST04664,2,94.55,189.1,Mobile App,0.0,
2025-06-16,RCPT00001600,ST28,SKU03747,CUST04664,2,411.88,823.76,Mobile App,0.0,
2025-06-16,RCPT00001600,ST28,SKU01027,CUST04664,2,82.61,165.22,Mobile App,0.0,
2022-08-29,RCPT00001601,ST10,SKU02029,CUST06250,3,463.23,1264.62,In-Store,9.0,PROMO033
2022-08-29,RCPT00001601,ST10,SKU00428,CUST06250,3,754.79,2060.58,In-Store,9.0,PROMO033
2022-08-29,RCPT00001601,ST10,SKU01758,CUST06250,1,127.26,115.81,In-Store,9.0,PROMO033
2024-12-15,RCPT00001602,ST07,SKU02029,CUST00042,4,463.23,1852.92,In-Store,0.0,
2024-12-15,RCPT00001602,ST07,SKU03703,CUST00042,3,115.62,346.86,In-Store,0.0,
2023-06-06,RCPT00001603,ST09,SKU02987,CUST06091,2,701.69,843.43,In-Store,39.9,PROMO040
2025-12-30,RCPT00001604,ST15,SKU01775,CUST05524,2,204.15,408.3,Online,0.0,
2025-12-30,RCPT00001604,ST15,SKU00146,CUST05524,5,703.46,3517.3,Online,0.0,
2025-12-30,RCPT00001604,ST15,SKU02374,CUST05524,1,317.99,317.99,Online,0.0,
2025-12-30,RCPT00001604,ST15,SKU00921,CUST05524,1,3363.82,3363.82,Online,0.0,
2025-02-23,RCPT00001605,ST27,SKU00628,CUST05606,1,135.8,75.64,In-Store,44.3,PROMO041
2025-02-23,RCPT00001605,ST27,SKU01053,CUST05606,2,52.87,69.05,In-Store,34.7,PROMO057
2025-02-23,RCPT00001605,ST27,SKU00291,CUST05606,1,190.44,124.36,In-Store,34.7,PROMO057
2022-10-06,RCPT00001606,ST24,SKU02537,CUST00918,4,161.43,645.72,In-Store,0.0,
2022-10-06,RCPT00001606,ST24,SKU01079,CUST00918,2,125.88,251.76,In-Store,0.0,
2025-03-19,RCPT00001607,ST19,SKU02008,CUST05421,1,935.7,935.7,In-Store,0.0,
2024-04-19,RCPT00001608,ST08,SKU03722,CUST04035,1,78.55,73.92,In-Store,5.9,PROMO016
2024-04-19,RCPT00001608,ST08,SKU04324,CUST04035,1,86.49,81.39,In-Store,5.9,PROMO016
2023-11-26,RCPT00001609,ST11,SKU00365,CUST07419,1,78.0,78.0,In-Store,0.0,
2023-06-12,RCPT00001610,ST14,SKU00506,CUST09728,1,319.73,319.73,In-Store,0.0,
2023-09-29,RCPT00001611,ST20,SKU03693,CUST00786,1,1381.82,1381.82,In-Store,0.0,
2023-02-22,RCPT00001612,ST17,SKU00349,CUST04054,1,240.42,240.42,Online,0.0,
2023-02-22,RCPT00001612,ST17,SKU04551,CUST04054,1,2498.23,2498.23,Online,0.0,
2023-02-22,RCPT00001612,ST17,SKU01962,CUST04054,2,1750.03,3500.06,Online,0.0,
2023-02-22,RCPT00001612,ST17,SKU01767,CUST04054,4,219.82,879.28,Online,0.0,
2023-02-22,RCPT00001612,ST17,SKU02251,CUST04054,1,183.16,183.16,Online,0.0,
2022-12-27,RCPT00001613,ST08,SKU00988,CUST01624,1,227.17,227.17,In-Store,0.0,
2022-12-27,RCPT00001613,ST08,SKU04321,CUST01624,3,961.3,2883.9,In-Store,0.0,
2025-09-06,RCPT00001614,ST18,SKU04200,CUST01701,1,520.84,520.84,In-Store,0.0,
2025-03-22,RCPT00001615,ST14,SKU01223,CUST06319,3,271.98,815.94,Online,0.0,
2022-09-10,RCPT00001616,ST11,SKU01037,CUST01839,1,178.07,178.07,Online,0.0,
2022-09-10,RCPT00001616,ST11,SKU02482,CUST01839,1,1297.95,1297.95,Online,0.0,
2022-01-22,RCPT00001617,ST08,SKU00591,CUST07060,1,721.88,721.88,In-Store,0.0,
2022-01-22,RCPT00001617,ST08,SKU02407,CUST07060,1,496.3,496.3,In-Store,0.0,
2022-01-22,RCPT00001617,ST08,SKU03225,CUST07060,1,1644.59,1644.59,In-Store,0.0,
2022-01-22,RCPT00001617,ST08,SKU03564,CUST07060,3,105.88,317.64,In-Store,0.0,
2022-01-22,RCPT00001617,ST08,SKU02423,CUST07060,1,3672.71,3672.71,In-Store,0.0,
2025-02-28,RCPT00001618,ST27,SKU00285,CUST04839,1,505.67,505.67,In-Store,0.0,
2025-02-28,RCPT00001618,ST27,SKU04362,CUST04839,3,233.42,700.26,In-Store,0.0,
2023-07-15,RCPT00001619,ST15,SKU04321,CUST06113,2,961.3,1922.6,In-Store,0.0,
2025-11-10,RCPT00001620,ST26,SKU04854,CUST02396,1,1401.83,1401.83,In-Store,0.0,
2025-11-10,RCPT00001620,ST26,SKU03187,CUST02396,2,538.03,1076.06,In-Store,0.0,
2022-02-13,RCPT00001621,ST24,SKU02719,CUST00811,1,1796.28,1796.28,Online,0.0,
2023-08-21,RCPT00001622,ST10,SKU04988,CUST05424,1,315.9,275.78,In-Store,12.7,PROMO010
2025-02-25,RCPT00001623,ST29,SKU01135,CUST05226,1,184.19,184.19,Online,0.0,
2025-02-25,RCPT00001623,ST29,SKU02268,CUST05226,2,205.47,410.94,Online,0.0,
2025-02-25,RCPT00001623,ST29,SKU04677,CUST05226,2,167.85,335.7,Online,0.0,
2022-03-22,RCPT00001624,ST20,SKU03194,CUST04777,3,649.38,1948.14,Mobile App,0.0,
2022-03-22,RCPT00001624,ST20,SKU02783,CUST04777,4,260.32,1041.28,Mobile App,0.0,
2022-08-30,RCPT00001625,ST21,SKU02930,CUST04566,2,170.16,309.69,Online,9.0,PROMO033
2022-08-30,RCPT00001625,ST21,SKU03617,CUST04566,1,1976.08,1798.23,Online,9.0,PROMO033
2022-08-30,RCPT00001625,ST21,SKU04321,CUST04566,2,961.3,1749.57,Online,9.0,PROMO033
2022-08-30,RCPT00001625,ST21,SKU02434,CUST04566,3,733.61,2002.76,Online,9.0,PROMO033
2024-08-27,RCPT00001626,ST06,SKU02804,CUST01177,1,361.44,361.44,Online,0.0,
2023-09-05,RCPT00001627,ST11,SKU03300,CUST07149,1,279.78,244.25,Online,12.7,PROMO010
2023-09-05,RCPT00001627,ST11,SKU03740,CUST07149,3,2021.49,5294.28,Online,12.7,PROMO010
2025-06-03,RCPT00001628,ST11,SKU03876,CUST04719,5,232.78,1163.9,In-Store,0.0,
2025-06-03,RCPT00001628,ST11,SKU03337,CUST04719,1,501.41,501.41,In-Store,0.0,
2025-06-03,RCPT00001628,ST11,SKU02637,CUST04719,1,102.28,102.28,In-Store,0.0,
2025-03-05,RCPT00001629,ST01,SKU03053,CUST00659,1,4086.72,4086.72,In-Store,0.0,
2023-11-20,RCPT00001630,ST05,SKU03217,CUST03449,1,683.2,683.2,Online,0.0,
2023-11-20,RCPT00001630,ST05,SKU00593,CUST03449,3,760.94,2282.82,Online,0.0,
2023-06-07,RCPT00001631,ST30,SKU01152,CUST04009,1,486.03,292.1,Online,39.9,PROMO040
2022-09-23,RCPT00001632,ST28,SKU04408,CUST00354,1,667.56,667.56,In-Store,0.0,
2022-09-23,RCPT00001632,ST28,SKU00652,CUST00354,3,107.32,321.96,In-Store,0.0,
2022-09-23,RCPT00001632,ST28,SKU04579,CUST00354,1,92.85,92.85,In-Store,0.0,
2022-09-23,RCPT00001632,ST28,SKU01660,CUST00354,1,138.0,138.0,In-Store,0.0,
2023-02-21,RCPT00001633,ST29,SKU04321,CUST02330,3,961.3,2883.9,Online,0.0,
2023-02-21,RCPT00001633,ST29,SKU00050,CUST02330,1,34.08,34.08,Online,0.0,
2023-02-21,RCPT00001633,ST29,SKU00484,CUST02330,1,179.04,179.04,Online,0.0,
2025-03-04,RCPT00001634,ST26,SKU00232,CUST01304,5,96.13,313.86,In-Store,34.7,PROMO057
2025-03-04,RCPT00001634,ST26,SKU00410,CUST01304,1,1081.09,1081.09,In-Store,0.0,
2023-03-12,RCPT00001635,ST21,SKU02407,CUST00266,1,496.3,461.56,In-Store,7.0,PROMO002
2023-10-05,RCPT00001636,ST26,SKU02923,CUST07382,2,124.18,248.36,In-Store,0.0,
2022-11-25,RCPT00001637,ST20,SKU02543,CUST07841,2,1956.24,3912.48,In-Store,0.0,
2025-11-06,RCPT00001638,ST27,SKU02109,CUST04639,3,420.37,1261.11,In-Store,0.0,
2025-11-06,RCPT00001638,ST27,SKU04119,CUST04639,1,475.6,475.6,In-Store,0.0,
2024-02-11,RCPT00001639,ST22,SKU02460,CUST02511,1,1639.93,1639.93,Mobile App,0.0,
2024-02-11,RCPT00001639,ST22,SKU03943,CUST02511,1,216.19,216.19,Mobile App,0.0,
2024-02-11,RCPT00001639,ST22,SKU00285,CUST02511,4,505.67,2022.68,Mobile App,0.0,
2024-02-11,RCPT00001639,ST22,SKU01751,CUST02511,3,459.81,1379.43,Mobile App,0.0,
2024-02-11,RCPT00001639,ST22,SKU02391,CUST02511,3,120.15,360.45,Mobile App,0.0,
2022-05-25,RCPT00001640,ST14,SKU02141,CUST03543,1,471.88,471.88,In-Store,0.0,
2022-03-12,RCPT00001641,ST04,SKU04329,CUST09814,3,2452.07,7356.21,Online,0.0,
2023-04-23,RCPT00001642,ST18,SKU04191,CUST08811,1,106.7,106.7,In-Store,0.0,
2024-04-29,RCPT00001643,ST27,SKU00190,CUST09912,1,145.42,145.42,In-Store,0.0,
2024-10-27,RCPT00001644,ST26,SKU00286,CUST01451,2,64.45,128.9,In-Store,0.0,
2025-01-22,RCPT00001645,ST27,SKU02041,CUST08669,4,237.24,948.96,In-Store,0.0,
2024-08-08,RCPT00001646,ST22,SKU00239,CUST00028,4,1079.74,4318.96,In-Store,0.0,
2024-08-08,RCPT00001646,ST22,SKU02403,CUST00028,5,200.51,1002.55,In-Store,0.0,
2025-01-11,RCPT00001647,ST14,SKU03221,CUST01171,5,117.16,585.8,In-Store,0.0,
2022-12-29,RCPT00001648,ST07,SKU00942,CUST03538,4,172.9,691.6,Online,0.0,
2022-12-29,RCPT00001648,ST07,SKU00754,CUST03538,4,2674.24,10696.96,Online,0.0,
2022-06-10,RCPT00001649,ST18,SKU04321,CUST02798,1,961.3,549.86,Mobile App,42.8,PROMO022
2023-04-05,RCPT00001650,ST06,SKU02084,CUST00604,1,118.48,118.48,In-Store,0.0,
2023-04-05,RCPT00001650,ST06,SKU02961,CUST00604,1,1130.98,1130.98,In-Store,0.0,
2023-08-20,RCPT00001651,ST22,SKU00328,CUST03883,1,204.97,178.94,Online,12.7,PROMO010
2023-08-20,RCPT00001651,ST22,SKU04028,CUST03883,3,2080.9,5449.88,Online,12.7,PROMO010
2024-05-27,RCPT00001652,ST24,SKU00221,CUST02899,1,578.16,578.16,In-Store,0.0,
2024-05-27,RCPT00001652,ST24,SKU03350,CUST02899,3,143.76,431.28,In-Store,0.0,
2024-05-27,RCPT00001652,ST24,SKU03055,CUST02899,1,130.59,130.59,In-Store,0.0,
2023-03-26,RCPT00001653,ST22,SKU02606,CUST00463,1,1572.99,1135.7,Online,27.8,PROMO078
2023-03-26,RCPT00001653,ST22,SKU02340,CUST00463,4,234.67,938.68,Online,0.0,
2023-03-26,RCPT00001653,ST22,SKU01343,CUST00463,1,332.15,332.15,Online,0.0,
2023-03-26,RCPT00001653,ST22,SKU02785,CUST00463,1,1136.58,783.1,Online,31.1,PROMO079
2024-12-15,RCPT00001654,ST04,SKU03323,CUST00160,2,3001.52,6003.04,In-Store,0.0,
2024-12-15,RCPT00001654,ST04,SKU00263,CUST00160,3,443.51,1330.53,In-Store,0.0,
2024-03-07,RCPT00001655,ST12,SKU04684,CUST07965,1,124.43,69.93,Mobile App,43.8,PROMO075
2024-03-07,RCPT00001655,ST12,SKU04280,CUST07965,3,318.92,537.7,Mobile App,43.8,PROMO075
2022-11-23,RCPT00001656,ST03,SKU00867,CUST05029,2,192.87,385.74,In-Store,0.0,
2022-11-23,RCPT00001656,ST03,SKU04596,CUST05029,3,335.55,1006.65,In-Store,0.0,
2022-11-23,RCPT00001656,ST03,SKU00729,CUST05029,2,242.64,485.28,In-Store,0.0,
2022-11-23,RCPT00001656,ST03,SKU04702,CUST05029,3,2187.66,6562.98,In-Store,0.0,
2024-12-23,RCPT00001657,ST21,SKU02692,CUST01231,1,2095.03,2095.03,Online,0.0,
2024-12-23,RCPT00001657,ST21,SKU00539,CUST01231,3,199.63,598.89,Online,0.0,
2022-05-14,RCPT00001658,ST29,SKU04973,CUST05177,1,909.63,909.63,In-Store,0.0,
2022-05-14,RCPT00001658,ST29,SKU01689,CUST05177,3,170.77,512.31,In-Store,0.0,
2023-04-20,RCPT00001659,ST09,SKU03931,CUST03131,2,1536.0,3072.0,Mobile App,0.0,
2023-04-20,RCPT00001659,ST09,SKU04321,CUST03131,1,961.3,961.3,Mobile App,0.0,
2023-03-10,RCPT00001660,ST21,SKU01135,CUST06926,1,184.19,171.3,Mobile App,7.0,PROMO002
2023-03-10,RCPT00001660,ST21,SKU00328,CUST06926,3,204.97,571.87,Mobile App,7.0,PROMO002
2024-12-01,RCPT00001661,ST30,SKU04561,CUST09506,2,192.67,385.34,Online,0.0,
2024-12-01,RCPT00001661,ST30,SKU04226,CUST09506,3,372.26,1116.78,Online,0.0,
2024-12-01,RCPT00001661,ST30,SKU03522,CUST09506,3,112.92,338.76,Online,0.0,
2024-12-01,RCPT00001661,ST30,SKU00769,CUST09506,2,241.93,483.86,Online,0.0,
2024-12-01,RCPT00001661,ST30,SKU03025,CUST09506,4,396.16,1584.64,Online,0.0,
2025-04-30,RCPT00001662,ST28,SKU04513,CUST04609,1,129.12,129.12,Online,0.0,
2025-11-25,RCPT00001663,ST22,SKU01603,CUST05032,4,1540.86,6163.44,Online,0.0,
2025-10-24,RCPT00001664,ST08,SKU04043,CUST06134,3,1422.75,4268.25,In-Store,0.0,
2025-10-28,RCPT00001665,ST03,SKU00443,CUST07229,2,89.0,178.0,Mobile App,0.0,
2025-10-28,RCPT00001665,ST03,SKU01671,CUST07229,2,102.7,205.4,Mobile App,0.0,
2025-10-28,RCPT00001665,ST03,SKU02231,CUST07229,2,50.54,101.08,Mobile App,0.0,
2023-07-02,RCPT00001666,ST15,SKU00968,CUST02854,2,178.22,356.44,Online,0.0,
2025-02-05,RCPT00001667,ST30,SKU02416,CUST04623,3,105.53,316.59,Online,0.0,
2025-01-17,RCPT00001668,ST11,SKU00942,CUST06352,2,172.9,345.8,Mobile App,0.0,
2022-05-28,RCPT00001669,ST05,SKU00320,CUST04037,1,136.66,78.17,In-Store,42.8,PROMO022
2022-05-28,RCPT00001669,ST05,SKU00016,CUST04037,1,3478.65,1989.79,In-Store,42.8,PROMO022
2024-11-28,RCPT00001670,ST10,SKU03861,CUST02954,3,803.59,2410.77,In-Store,0.0,
2023-09-01,RCPT00001671,ST02,SKU04041,CUST01921,5,575.93,2513.93,In-Store,12.7,PROMO010
2023-05-18,RCPT00001672,ST11,SKU01371,CUST03149,1,1277.61,1277.61,Online,0.0,
2023-05-18,RCPT00001672,ST11,SKU00838,CUST03149,1,300.1,300.1,Online,0.0,
2022-05-25,RCPT00001673,ST23,SKU00270,CUST02996,1,521.54,521.54,In-Store,0.0,
2025-11-23,RCPT00001674,ST06,SKU00845,CUST00454,1,670.83,670.83,Online,0.0,
2025-11-23,RCPT00001674,ST06,SKU04551,CUST00454,1,2498.23,2498.23,Online,0.0,
2025-11-23,RCPT00001674,ST06,SKU00847,CUST00454,1,398.86,398.86,Online,0.0,
2023-09-27,RCPT00001675,ST08,SKU02655,CUST09667,1,66.91,66.91,Mobile App,0.0,
2023-07-12,RCPT00001676,ST28,SKU04402,CUST07834,2,187.4,374.8,In-Store,0.0,
2023-07-12,RCPT00001676,ST28,SKU02428,CUST07834,2,151.98,263.23,In-Store,13.4,PROMO055
2023-07-12,RCPT00001676,ST28,SKU02414,CUST07834,1,380.1,380.1,In-Store,0.0,
2023-07-12,RCPT00001676,ST28,SKU03353,CUST07834,1,48.61,48.61,In-Store,0.0,
2025-05-08,RCPT00001677,ST25,SKU01837,CUST09144,5,1716.89,8584.45,Online,0.0,
2025-05-08,RCPT00001677,ST25,SKU01947,CUST09144,2,132.92,238.72,Online,10.2,PROMO003
2025-05-21,RCPT00001678,ST01,SKU01456,CUST03310,1,1082.17,1082.17,Online,0.0,
2025-05-21,RCPT00001678,ST01,SKU00283,CUST03310,3,560.13,1680.39,Online,0.0,
2024-12-01,RCPT00001679,ST21,SKU04321,CUST04799,1,961.3,961.3,Online,0.0,
2024-12-01,RCPT00001679,ST21,SKU02182,CUST04799,2,972.74,1945.48,Online,0.0,
2025-09-29,RCPT00001680,ST04,SKU03323,CUST05001,1,3001.52,3001.52,In-Store,0.0,
2025-11-09,RCPT00001681,ST13,SKU01978,CUST09462,1,314.35,314.35,In-Store,0.0,
2024-09-23,RCPT00001682,ST05,SKU04210,CUST01153,4,41.89,122.32,Online,27.0,PROMO094
2024-10-03,RCPT00001683,ST14,SKU04341,CUST07358,1,67.39,49.19,In-Store,27.0,PROMO094
2023-04-26,RCPT00001684,ST07,SKU01341,CUST02092,1,51.95,51.95,In-Store,0.0,
2023-04-26,RCPT00001684,ST07,SKU04835,CUST02092,2,62.1,124.2,In-Store,0.0,
2024-06-19,RCPT00001685,ST29,SKU01344,CUST08641,1,219.4,188.46,Online,14.1,PROMO023
2022-12-24,RCPT00001686,ST25,SKU00838,CUST03403,4,300.1,1200.4,Mobile App,0.0,
2022-12-24,RCPT00001686,ST25,SKU03982,CUST03403,3,217.81,653.43,Mobile App,0.0,
2022-12-24,RCPT00001686,ST25,SKU03265,CUST03403,1,616.83,616.83,Mobile App,0.0,
2023-06-03,RCPT00001687,ST13,SKU02784,CUST04620,1,149.12,89.62,In-Store,39.9,PROMO040
2024-04-01,RCPT00001688,ST05,SKU00308,CUST07502,1,341.35,191.84,Mobile App,43.8,PROMO075
2024-04-01,RCPT00001688,ST05,SKU03816,CUST07502,1,2031.96,1141.96,Mobile App,43.8,PROMO075
2024-10-08,RCPT00001689,ST21,SKU03727,CUST08226,5,1660.93,6062.39,In-Store,27.0,PROMO094
2024-11-14,RCPT00001690,ST09,SKU02525,CUST09712,1,254.9,254.9,In-Store,0.0,
2024-11-14,RCPT00001690,ST09,SKU00406,CUST09712,1,373.11,373.11,In-Store,0.0,
2024-10-10,RCPT00001691,ST29,SKU03486,CUST00051,3,494.17,1482.51,In-Store,0.0,
2024-10-10,RCPT00001691,ST29,SKU04305,CUST00051,1,782.22,782.22,In-Store,0.0,
2025-01-28,RCPT00001692,ST18,SKU03532,CUST09196,1,94.55,94.55,Online,0.0,
2025-01-28,RCPT00001692,ST18,SKU01194,CUST09196,1,620.84,620.84,Online,0.0,
2025-01-28,RCPT00001692,ST18,SKU03702,CUST09196,1,473.65,473.65,Online,0.0,
2025-01-28,RCPT00001692,ST18,SKU04321,CUST09196,1,961.3,961.3,Online,0.0,
2025-01-28,RCPT00001692,ST18,SKU00079,CUST09196,1,197.9,197.9,Online,0.0,
2023-07-10,RCPT00001693,ST10,SKU00830,CUST03120,1,290.01,290.01,In-Store,0.0,
2023-07-10,RCPT00001693,ST10,SKU00497,CUST03120,2,399.27,691.54,In-Store,13.4,PROMO055
2023-07-10,RCPT00001693,ST10,SKU03459,CUST03120,1,797.02,797.02,In-Store,0.0,
2023-07-10,RCPT00001693,ST10,SKU00151,CUST03120,1,201.86,201.86,In-Store,0.0,
2023-07-10,RCPT00001693,ST10,SKU00089,CUST03120,1,316.27,316.27,In-Store,0.0,
2025-11-23,RCPT00001694,ST30,SKU00286,CUST03229,2,64.45,128.9,Online,0.0,
2022-12-27,RCPT00001695,ST21,SKU03967,CUST02520,1,173.22,173.22,In-Store,0.0,
2022-09-09,RCPT00001696,ST28,SKU01577,CUST05491,1,67.67,67.67,Online,0.0,
2022-09-09,RCPT00001696,ST28,SKU04321,CUST05491,3,961.3,2883.9,Online,0.0,
2024-04-24,RCPT00001697,ST02,SKU02728,CUST03544,5,247.37,1236.85,Online,0.0,
2024-04-24,RCPT00001697,ST02,SKU03292,CUST03544,1,164.03,164.03,Online,0.0,
2024-08-22,RCPT00001698,ST04,SKU00220,CUST08207,3,733.09,2199.27,In-Store,0.0,
2024-08-22,RCPT00001698,ST04,SKU01807,CUST08207,1,288.3,288.3,In-Store,0.0,
2024-08-22,RCPT00001698,ST04,SKU02854,CUST08207,1,173.3,173.3,In-Store,0.0,
2024-08-22,RCPT00001698,ST04,SKU03777,CUST08207,1,361.49,361.49,In-Store,0.0,
2024-08-22,RCPT00001698,ST04,SKU01370,CUST08207,2,195.01,390.02,In-Store,0.0,
2025-02-08,RCPT00001699,ST19,SKU02737,CUST01802,1,315.14,175.53,In-Store,44.3,PROMO041
2023-04-24,RCPT00001700,ST29,SKU01130,CUST07878,1,1764.9,1764.9,In-Store,0.0,
2023-04-24,RCPT00001700,ST29,SKU03174,CUST07878,2,1052.39,2104.78,In-Store,0.0,
2023-12-22,RCPT00001701,ST08,SKU02430,CUST08840,4,690.87,2763.48,In-Store,0.0,
2023-12-22,RCPT00001701,ST08,SKU04254,CUST08840,1,105.82,105.82,In-Store,0.0,
2024-05-14,RCPT00001702,ST20,SKU01280,CUST09280,2,593.19,797.25,In-Store,32.8,PROMO036
2024-05-14,RCPT00001702,ST20,SKU03353,CUST09280,1,48.61,32.67,In-Store,32.8,PROMO036
2024-01-13,RCPT00001703,ST03,SKU04282,CUST02245,2,160.02,320.04,Online,0.0,
2024-01-13,RCPT00001703,ST03,SKU01415,CUST02245,2,621.27,1242.54,Online,0.0,
2023-12-23,RCPT00001704,ST03,SKU02791,CUST03900,2,485.0,679.97,In-Store,29.9,PROMO043
2023-12-23,RCPT00001704,ST03,SKU00554,CUST03900,4,88.32,247.65,In-Store,29.9,PROMO043
2025-01-28,RCPT00001705,ST12,SKU04596,CUST00604,2,335.55,381.18,In-Store,43.2,PROMO098
2025-01-28,RCPT00001705,ST12,SKU02507,CUST00604,2,156.76,313.52,In-Store,0.0,
2025-01-28,RCPT00001705,ST12,SKU04034,CUST00604,3,1575.82,4727.46,In-Store,0.0,
2025-01-28,RCPT00001705,ST12,SKU02284,CUST00604,1,238.86,135.67,In-Store,43.2,PROMO098
2025-01-28,RCPT00001705,ST12,SKU00628,CUST00604,2,135.8,271.6,In-Store,0.0,
2022-05-21,RCPT00001706,ST11,SKU00904,CUST05753,2,161.57,323.14,In-Store,0.0,
2025-10-19,RCPT00001707,ST09,SKU04321,CUST01628,1,961.3,961.3,In-Store,0.0,
2025-02-14,RCPT00001708,ST05,SKU00842,CUST02943,2,219.97,245.05,In-Store,44.3,PROMO041
2025-02-14,RCPT00001708,ST05,SKU01371,CUST02943,4,1277.61,2846.52,In-Store,44.3,PROMO041
2024-12-26,RCPT00001709,ST24,SKU04787,CUST07976,1,161.55,161.55,Mobile App,0.0,
2025-11-16,RCPT00001710,ST27,SKU04830,CUST07004,2,258.35,516.7,In-Store,0.0,
2025-11-16,RCPT00001710,ST27,SKU01292,CUST07004,1,601.93,601.93,In-Store,0.0,
2025-02-15,RCPT00001711,ST27,SKU03599,CUST03938,2,160.95,210.2,In-Store,34.7,PROMO057
2025-02-15,RCPT00001711,ST27,SKU02165,CUST03938,1,151.01,84.11,In-Store,44.3,PROMO041
2025-02-15,RCPT00001711,ST27,SKU01349,CUST03938,3,342.9,572.99,In-Store,44.3,PROMO041
2024-07-15,RCPT00001712,ST04,SKU02482,CUST04551,1,1297.95,1004.61,In-Store,22.6,PROMO045
2023-03-25,RCPT00001713,ST06,SKU02621,CUST09466,2,898.35,1796.7,Online,0.0,
2025-01-27,RCPT00001714,ST01,SKU00600,CUST04325,2,107.83,215.66,In-Store,0.0,
2025-09-08,RCPT00001715,ST11,SKU01837,CUST09242,2,1716.89,3433.78,In-Store,0.0,
2022-10-15,RCPT00001716,ST22,SKU01825,CUST02046,3,688.73,2066.19,In-Store,0.0,
2022-10-15,RCPT00001716,ST22,SKU00503,CUST02046,2,114.18,228.36,In-Store,0.0,
2022-07-29,RCPT00001717,ST22,SKU00490,CUST00801,1,240.88,240.88,In-Store,0.0,
2025-04-20,RCPT00001718,ST22,SKU03937,CUST09636,2,235.76,471.52,In-Store,0.0,
2025-04-20,RCPT00001718,ST22,SKU03366,CUST09636,1,123.42,123.42,In-Store,0.0,
2023-02-12,RCPT00001719,ST30,SKU01420,CUST09144,1,213.65,213.65,In-Store,0.0,
2025-02-07,RCPT00001720,ST23,SKU04913,CUST09345,2,466.91,520.14,In-Store,44.3,PROMO041
2025-02-07,RCPT00001720,ST23,SKU00922,CUST09345,2,60.32,67.2,In-Store,44.3,PROMO041
2023-04-12,RCPT00001721,ST19,SKU02206,CUST06532,1,225.75,176.31,Mobile App,21.9,PROMO046
2024-03-27,RCPT00001722,ST06,SKU00942,CUST05693,2,172.9,194.34,Online,43.8,PROMO075
2024-03-27,RCPT00001722,ST06,SKU03611,CUST05693,3,164.98,278.16,Online,43.8,PROMO075
2024-03-27,RCPT00001722,ST06,SKU04938,CUST05693,1,145.29,81.65,Online,43.8,PROMO075
2022-09-21,RCPT00001723,ST12,SKU00325,CUST09154,1,631.5,631.5,In-Store,0.0,
2022-09-21,RCPT00001723,ST12,SKU04702,CUST09154,1,2187.66,2187.66,In-Store,0.0,
2022-02-18,RCPT00001724,ST06,SKU02636,CUST06863,2,226.11,416.49,Online,7.9,PROMO096
2022-02-18,RCPT00001724,ST06,SKU03044,CUST06863,2,74.7,149.4,Online,0.0,
2024-01-05,RCPT00001725,ST29,SKU04329,CUST02636,4,2452.07,9808.28,Mobile App,0.0,
2023-02-05,RCPT00001726,ST21,SKU02200,CUST04450,1,866.94,866.94,Mobile App,0.0,
2025-01-28,RCPT00001727,ST15,SKU04156,CUST01435,3,3610.04,9097.3,Online,16.0,PROMO035
2025-01-28,RCPT00001727,ST15,SKU04186,CUST01435,1,176.5,176.5,Online,0.0,
2025-01-28,RCPT00001727,ST15,SKU04964,CUST01435,2,295.19,590.38,Online,0.0,
2024-05-13,RCPT00001728,ST19,SKU03816,CUST00471,1,2031.96,1658.08,In-Store,18.4,PROMO089
2024-05-13,RCPT00001728,ST19,SKU03992,CUST00471,2,1113.75,1817.64,In-Store,18.4,PROMO089
2022-05-26,RCPT00001729,ST25,SKU01549,CUST00255,3,235.17,705.51,In-Store,0.0,
2024-08-21,RCPT00001730,ST21,SKU04032,CUST05381,1,203.7,203.7,Mobile App,0.0,
2024-08-21,RCPT00001730,ST21,SKU01420,CUST05381,1,213.65,213.65,Mobile App,0.0,
2024-08-16,RCPT00001731,ST29,SKU03693,CUST09032,3,1381.82,3337.1,In-Store,19.5,PROMO087
2024-08-16,RCPT00001731,ST29,SKU04321,CUST09032,3,961.3,2883.9,In-Store,0.0,
2024-10-30,RCPT00001732,ST09,SKU04571,CUST01074,1,868.52,868.52,In-Store,0.0,
2023-08-08,RCPT00001733,ST22,SKU00285,CUST05303,5,505.67,1271.76,Online,49.7,PROMO030
2023-08-08,RCPT00001733,ST22,SKU01190,CUST05303,2,346.48,521.11,Online,24.8,PROMO061
2025-05-05,RCPT00001734,ST07,SKU00251,CUST00407,1,143.83,143.83,Online,0.0,
2023-12-25,RCPT00001735,ST24,SKU04638,CUST00190,2,338.74,474.91,Mobile App,29.9,PROMO043
2023-12-25,RCPT00001735,ST24,SKU03640,CUST00190,1,331.65,232.49,Mobile App,29.9,PROMO043
2023-12-25,RCPT00001735,ST24,SKU00414,CUST00190,1,47.09,33.01,Mobile App,29.9,PROMO043
2023-12-25,RCPT00001735,ST24,SKU01652,CUST00190,1,193.07,135.34,Mobile App,29.9,PROMO043
2023-02-13,RCPT00001736,ST18,SKU04096,CUST01833,2,155.65,311.3,In-Store,0.0,
2023-03-17,RCPT00001737,ST09,SKU04321,CUST03999,1,961.3,894.01,In-Store,7.0,PROMO002
2023-03-17,RCPT00001737,ST09,SKU04321,CUST03999,2,961.3,1788.02,In-Store,7.0,PROMO002
2023-03-17,RCPT00001737,ST09,SKU04733,CUST03999,2,486.39,904.69,In-Store,7.0,PROMO002
2025-06-25,RCPT00001738,ST04,SKU03999,CUST09885,1,494.75,494.75,Mobile App,0.0,
2025-06-25,RCPT00001738,ST04,SKU03900,CUST09885,1,516.82,516.82,Mobile App,0.0,
2025-06-25,RCPT00001738,ST04,SKU00854,CUST09885,1,1449.64,1449.64,Mobile App,0.0,
2025-06-25,RCPT00001738,ST04,SKU03577,CUST09885,1,88.75,88.75,Mobile App,0.0,
2023-11-18,RCPT00001739,ST04,SKU04154,CUST07612,5,351.77,1758.85,Online,0.0,
2023-03-11,RCPT00001740,ST28,SKU00077,CUST03155,1,1562.82,1453.42,In-Store,7.0,PROMO002
2023-03-11,RCPT00001740,ST28,SKU04390,CUST03155,1,1832.3,1322.92,In-Store,27.8,PROMO078
2022-12-30,RCPT00001741,ST03,SKU03844,CUST08365,1,100.64,100.64,In-Store,0.0,
2022-12-21,RCPT00001742,ST29,SKU02107,CUST06378,2,810.91,1621.82,In-Store,0.0,
2022-12-21,RCPT00001742,ST29,SKU04508,CUST06378,2,375.55,751.1,In-Store,0.0,
2022-12-21,RCPT00001742,ST29,SKU02683,CUST06378,2,371.82,743.64,In-Store,0.0,
2023-06-29,RCPT00001743,ST22,SKU03368,CUST04598,2,1766.25,3532.5,In-Store,0.0,
2023-06-29,RCPT00001743,ST22,SKU00917,CUST04598,1,182.25,182.25,In-Store,0.0,
2023-04-28,RCPT00001744,ST13,SKU03524,CUST01610,1,141.25,141.25,In-Store,0.0,
2023-04-28,RCPT00001744,ST13,SKU03510,CUST01610,2,143.24,286.48,In-Store,0.0,
2025-02-14,RCPT00001745,ST06,SKU02717,CUST00778,1,188.3,104.88,In-Store,44.3,PROMO041
2022-09-17,RCPT00001746,ST07,SKU02930,CUST06479,3,170.16,510.48,Online,0.0,
2022-09-17,RCPT00001746,ST07,SKU03495,CUST06479,1,77.84,77.84,Online,0.0,
2025-10-24,RCPT00001747,ST11,SKU01639,CUST08274,1,367.95,367.95,In-Store,0.0,
2024-01-16,RCPT00001748,ST22,SKU02532,CUST05675,1,115.67,115.67,Online,0.0,
2024-09-19,RCPT00001749,ST08,SKU04321,CUST04358,1,961.3,961.3,In-Store,0.0,
2024-09-19,RCPT00001749,ST08,SKU03094,CUST04358,2,339.49,678.98,In-Store,0.0,
2024-09-19,RCPT00001749,ST08,SKU04780,CUST04358,1,37.42,37.42,In-Store,0.0,
2024-09-19,RCPT00001749,ST08,SKU01226,CUST04358,1,148.05,148.05,In-Store,0.0,
2025-09-06,RCPT00001750,ST04,SKU01071,CUST02678,1,673.91,673.91,Online,0.0,
2025-02-27,RCPT00001751,ST21,SKU00751,CUST05034,1,91.09,91.09,Online,0.0,
2025-06-19,RCPT00001752,ST21,SKU03274,CUST00301,1,156.95,156.95,Online,0.0,
2025-06-19,RCPT00001752,ST21,SKU02568,CUST00301,1,1014.43,1014.43,Online,0.0,
2025-06-24,RCPT00001753,ST17,SKU01105,CUST02072,1,718.64,718.64,Online,0.0,
2025-06-24,RCPT00001753,ST17,SKU02278,CUST02072,4,531.96,2127.84,Online,0.0,
2025-06-24,RCPT00001753,ST17,SKU01482,CUST02072,2,1578.89,3157.78,Online,0.0,
2025-11-10,RCPT00001754,ST12,SKU01518,CUST06255,3,2930.01,8790.03,Online,0.0,
2025-11-10,RCPT00001754,ST12,SKU01404,CUST06255,3,1213.28,3639.84,Online,0.0,
2025-11-10,RCPT00001754,ST12,SKU01904,CUST06255,2,280.72,561.44,Online,0.0,
2025-11-10,RCPT00001754,ST12,SKU04806,CUST06255,2,92.11,184.22,Online,0.0,
2024-04-07,RCPT00001755,ST08,SKU04321,CUST04347,1,961.3,482.57,In-Store,49.8,PROMO019
2023-01-02,RCPT00001756,ST27,SKU04767,CUST01727,2,116.26,232.52,Mobile App,0.0,
2023-01-02,RCPT00001756,ST27,SKU03451,CUST01727,2,145.02,290.04,Mobile App,0.0,
2024-05-16,RCPT00001757,ST11,SKU04022,CUST03421,4,234.26,629.69,In-Store,32.8,PROMO036
2024-05-16,RCPT00001757,ST11,SKU03693,CUST03421,1,1381.82,928.58,In-Store,32.8,PROMO036
2023-02-28,RCPT00001758,ST30,SKU00782,CUST00404,2,1731.92,1763.09,Online,49.1,PROMO008
2025-01-23,RCPT00001759,ST19,SKU04728,CUST00776,4,217.88,871.52,In-Store,0.0,
2022-08-25,RCPT00001760,ST06,SKU02840,CUST02452,1,267.04,267.04,In-Store,0.0,
2022-08-25,RCPT00001760,ST06,SKU00612,CUST02452,1,842.03,842.03,In-Store,0.0,
2025-11-03,RCPT00001761,ST15,SKU03786,CUST03350,2,1371.52,2743.04,In-Store,0.0,
2025-12-15,RCPT00001762,ST13,SKU03259,CUST00608,2,602.04,1204.08,In-Store,0.0,
2025-12-15,RCPT00001762,ST13,SKU04283,CUST00608,4,1868.67,7474.68,In-Store,0.0,
2023-07-28,RCPT00001763,ST26,SKU02880,CUST08043,1,2899.44,1458.42,Online,49.7,PROMO030
2022-09-23,RCPT00001764,ST21,SKU04588,CUST05535,3,279.4,838.2,In-Store,0.0,
2022-09-23,RCPT00001764,ST21,SKU00995,CUST05535,2,237.56,475.12,In-Store,0.0,
2023-12-07,RCPT00001765,ST09,SKU04903,CUST05106,1,237.98,237.98,In-Store,0.0,
2023-12-07,RCPT00001765,ST09,SKU03766,CUST05106,1,268.44,268.44,In-Store,0.0,
2023-12-07,RCPT00001765,ST09,SKU03846,CUST05106,2,245.51,491.02,In-Store,0.0,
2024-08-04,RCPT00001766,ST08,SKU00455,CUST06327,1,1343.21,1343.21,In-Store,0.0,
2024-08-04,RCPT00001766,ST08,SKU03843,CUST06327,5,125.55,627.75,In-Store,0.0,
2024-03-21,RCPT00001767,ST21,SKU03727,CUST02864,3,1660.93,2800.33,Mobile App,43.8,PROMO075
2024-04-19,RCPT00001768,ST14,SKU02748,CUST03952,2,414.75,829.5,Online,0.0,
2024-04-19,RCPT00001768,ST14,SKU02904,CUST03952,3,312.58,937.74,Online,0.0,
2024-04-19,RCPT00001768,ST14,SKU04318,CUST03952,1,205.5,205.5,Online,0.0,
2024-04-19,RCPT00001768,ST14,SKU00286,CUST03952,4,64.45,242.59,Online,5.9,PROMO016
2023-07-24,RCPT00001769,ST01,SKU02719,CUST05010,2,1796.28,1807.06,Online,49.7,PROMO030
2023-07-24,RCPT00001769,ST01,SKU03213,CUST05010,1,226.59,113.97,Online,49.7,PROMO030
2022-10-15,RCPT00001770,ST14,SKU00823,CUST07835,1,183.03,183.03,In-Store,0.0,
2022-10-15,RCPT00001770,ST14,SKU03550,CUST07835,2,865.57,1731.14,In-Store,0.0,
2025-11-27,RCPT00001771,ST03,SKU03476,CUST01043,1,681.44,681.44,Online,0.0,
2025-11-27,RCPT00001771,ST03,SKU04571,CUST01043,1,868.52,868.52,Online,0.0,
2025-11-27,RCPT00001771,ST03,SKU01363,CUST01043,1,3184.6,3184.6,Online,0.0,
2025-11-27,RCPT00001771,ST03,SKU02982,CUST01043,4,413.73,1654.92,Online,0.0,
2023-08-06,RCPT00001772,ST12,SKU01189,CUST04695,1,2299.8,1156.8,In-Store,49.7,PROMO030
2023-08-06,RCPT00001772,ST12,SKU00064,CUST04695,2,214.86,216.15,In-Store,49.7,PROMO030
2024-04-13,RCPT00001773,ST13,SKU01031,CUST01157,3,668.1,1006.16,In-Store,49.8,PROMO019
2024-04-13,RCPT00001773,ST13,SKU03870,CUST01157,2,301.78,302.99,In-Store,49.8,PROMO019
2024-04-13,RCPT00001773,ST13,SKU02921,CUST01157,3,319.54,481.23,In-Store,49.8,PROMO019
2024-04-13,RCPT00001773,ST13,SKU04625,CUST01157,2,66.1,66.36,In-Store,49.8,PROMO019
2022-09-09,RCPT00001774,ST30,SKU00953,CUST02847,1,273.99,273.99,In-Store,0.0,
2022-09-09,RCPT00001774,ST30,SKU02034,CUST02847,5,751.83,3759.15,In-Store,0.0,
2022-09-09,RCPT00001774,ST30,SKU02433,CUST02847,5,89.32,446.6,In-Store,0.0,
2023-03-16,RCPT00001775,ST25,SKU01989,CUST06266,1,367.67,341.93,In-Store,7.0,PROMO002
2023-03-16,RCPT00001775,ST25,SKU01371,CUST06266,3,1277.61,2767.3,In-Store,27.8,PROMO078
2024-01-18,RCPT00001776,ST30,SKU03427,CUST04283,1,807.12,807.12,In-Store,0.0,
2024-01-18,RCPT00001776,ST30,SKU03088,CUST04283,2,223.55,447.1,In-Store,0.0,
2024-01-18,RCPT00001776,ST30,SKU01972,CUST04283,2,81.24,162.48,In-Store,0.0,
2022-06-23,RCPT00001777,ST28,SKU01138,CUST06090,1,181.15,181.15,Mobile App,0.0,
2022-06-23,RCPT00001777,ST28,SKU01535,CUST06090,2,296.6,593.2,Mobile App,0.0,
2025-11-10,RCPT00001778,ST06,SKU02775,CUST02027,5,163.46,817.3,In-Store,0.0,
2025-11-10,RCPT00001778,ST06,SKU01606,CUST02027,3,187.87,563.61,In-Store,0.0,
2022-10-17,RCPT00001779,ST17,SKU00362,CUST00041,1,1778.33,1778.33,In-Store,0.0,
2022-01-24,RCPT00001780,ST18,SKU04321,CUST06485,3,961.3,2883.9,In-Store,0.0,
2024-02-08,RCPT00001781,ST12,SKU01043,CUST05122,1,89.02,89.02,In-Store,0.0,
2024-02-08,RCPT00001781,ST12,SKU03544,CUST05122,1,184.75,184.75,In-Store,0.0,
2024-03-20,RCPT00001782,ST11,SKU04329,CUST06367,1,2452.07,1378.06,In-Store,43.8,PROMO075
2024-03-20,RCPT00001782,ST11,SKU04078,CUST06367,1,357.55,200.94,In-Store,43.8,PROMO075
2025-04-23,RCPT00001783,ST06,SKU02513,CUST01323,1,101.57,101.57,Mobile App,0.0,
2025-04-23,RCPT00001783,ST06,SKU00527,CUST01323,5,763.4,3817.0,Mobile App,0.0,
2024-01-15,RCPT00001784,ST15,SKU01375,CUST04315,1,383.13,383.13,Online,0.0,
2023-11-17,RCPT00001785,ST18,SKU04718,CUST09634,3,148.59,445.77,Online,0.0,
2024-06-17,RCPT00001786,ST12,SKU03908,CUST04666,4,951.93,3270.83,Online,14.1,PROMO023
2024-06-17,RCPT00001786,ST12,SKU02954,CUST04666,5,603.3,2591.17,Online,14.1,PROMO023
2024-11-06,RCPT00001787,ST05,SKU00633,CUST05761,2,189.01,378.02,In-Store,0.0,
2024-11-06,RCPT00001787,ST05,SKU03639,CUST05761,1,137.55,137.55,In-Store,0.0,
2024-11-06,RCPT00001787,ST05,SKU03030,CUST05761,2,108.63,195.75,In-Store,9.9,PROMO009
2025-09-09,RCPT00001788,ST27,SKU00264,CUST09213,1,242.74,242.74,Online,0.0,
2025-09-09,RCPT00001788,ST27,SKU04347,CUST09213,1,305.95,305.95,Online,0.0,
2025-09-09,RCPT00001788,ST27,SKU03232,CUST09213,1,2223.84,2223.84,Online,0.0,
2024-07-19,RCPT00001789,ST18,SKU03313,CUST03633,1,322.08,249.29,In-Store,22.6,PROMO045
2024-07-19,RCPT00001789,ST18,SKU00376,CUST03633,1,207.45,160.57,In-Store,22.6,PROMO045
2022-10-16,RCPT00001790,ST24,SKU04321,CUST07352,2,961.3,1922.6,In-Store,0.0,
2025-12-10,RCPT00001791,ST19,SKU01990,CUST08266,3,161.94,485.82,Online,0.0,
2023-11-21,RCPT00001792,ST13,SKU03569,CUST01622,3,3079.29,9237.87,In-Store,0.0,
2023-07-19,RCPT00001793,ST25,SKU04350,CUST01370,3,394.93,890.96,In-Store,24.8,PROMO061
2023-12-16,RCPT00001794,ST28,SKU02215,CUST06550,2,731.38,1462.76,In-Store,0.0,
2025-08-27,RCPT00001795,ST18,SKU01192,CUST08643,3,149.22,447.66,Online,0.0,
2022-05-23,RCPT00001796,ST28,SKU04064,CUST01857,4,3845.32,15381.28,In-Store,0.0,
2022-05-23,RCPT00001796,ST28,SKU02760,CUST01857,1,430.99,430.99,In-Store,0.0,
2022-05-23,RCPT00001796,ST28,SKU01280,CUST01857,1,593.19,593.19,In-Store,0.0,
2023-10-27,RCPT00001797,ST14,SKU02109,CUST01687,2,420.37,840.74,Online,0.0,
2023-10-27,RCPT00001797,ST14,SKU03106,CUST01687,1,127.35,127.35,Online,0.0,
2023-06-02,RCPT00001798,ST18,SKU03292,CUST00623,3,164.03,295.75,Mobile App,39.9,PROMO040
2023-06-02,RCPT00001798,ST18,SKU04596,CUST00623,1,335.55,201.67,Mobile App,39.9,PROMO040
2022-08-21,RCPT00001799,ST29,SKU00371,CUST05360,2,515.75,1031.5,In-Store,0.0,
2023-01-29,RCPT00001800,ST28,SKU00938,CUST09739,2,47.74,95.48,Online,0.0,
2023-09-29,RCPT00001801,ST06,SKU00898,CUST08570,3,964.85,2894.55,In-Store,0.0,
2023-09-29,RCPT00001801,ST06,SKU01546,CUST08570,1,562.85,562.85,In-Store,0.0,
2023-09-29,RCPT00001801,ST06,SKU02330,CUST08570,2,221.38,442.76,In-Store,0.0,
2023-09-29,RCPT00001801,ST06,SKU04227,CUST08570,1,283.28,283.28,In-Store,0.0,
2023-11-14,RCPT00001802,ST09,SKU01215,CUST04370,1,268.96,268.96,Online,0.0,
2023-11-14,RCPT00001802,ST09,SKU00404,CUST04370,2,230.08,460.16,Online,0.0,
2023-11-14,RCPT00001802,ST09,SKU01724,CUST04370,1,291.92,291.92,Online,0.0,
2023-11-14,RCPT00001802,ST09,SKU03665,CUST04370,2,311.73,623.46,Online,0.0,
2025-08-20,RCPT00001803,ST07,SKU04321,CUST09805,2,961.3,1922.6,Mobile App,0.0,
2023-10-30,RCPT00001804,ST08,SKU03368,CUST05563,2,1766.25,1967.6,Online,44.3,PROMO048
2023-10-30,RCPT00001804,ST08,SKU01249,CUST05563,5,112.21,561.05,Online,0.0,
2023-05-27,RCPT00001805,ST26,SKU04453,CUST06342,3,265.58,796.74,In-Store,0.0,
2023-11-30,RCPT00001806,ST05,SKU03133,CUST07445,3,262.89,788.67,Online,0.0,
2023-11-30,RCPT00001806,ST05,SKU02340,CUST07445,1,234.67,234.67,Online,0.0,
2023-03-14,RCPT00001807,ST04,SKU00642,CUST02733,1,417.52,388.29,In-Store,7.0,PROMO002
2023-03-14,RCPT00001807,ST04,SKU04154,CUST02733,1,351.77,327.15,In-Store,7.0,PROMO002
2022-11-14,RCPT00001808,ST02,SKU01688,CUST05221,3,158.65,475.95,Mobile App,0.0,
2025-06-29,RCPT00001809,ST06,SKU03458,CUST01290,2,1311.02,2622.04,In-Store,0.0,
2025-06-29,RCPT00001809,ST06,SKU03053,CUST01290,1,4086.72,4086.72,In-Store,0.0,
2023-11-10,RCPT00001810,ST20,SKU03768,CUST02597,2,3321.91,5640.6,In-Store,15.1,PROMO064
2023-11-10,RCPT00001810,ST20,SKU02477,CUST02597,3,234.35,703.05,In-Store,0.0,
2023-11-10,RCPT00001810,ST20,SKU02155,CUST02597,1,1113.48,945.34,In-Store,15.1,PROMO064
2023-07-18,RCPT00001811,ST25,SKU01578,CUST03259,2,540.35,1080.7,In-Store,0.0,
2024-10-19,RCPT00001812,ST18,SKU03800,CUST04680,2,114.46,228.92,In-Store,0.0,
2024-10-19,RCPT00001812,ST18,SKU02708,CUST04680,1,1971.33,1971.33,In-Store,0.0,
2024-10-19,RCPT00001812,ST18,SKU01950,CUST04680,2,104.93,209.86,In-Store,0.0,
2024-10-19,RCPT00001812,ST18,SKU03915,CUST04680,1,1708.53,1708.53,In-Store,0.0,
2024-10-19,RCPT00001812,ST18,SKU04321,CUST04680,1,961.3,961.3,In-Store,0.0,
2025-11-12,RCPT00001813,ST29,SKU03297,CUST02131,2,185.56,371.12,Online,0.0,
2025-11-12,RCPT00001813,ST29,SKU00048,CUST02131,1,111.68,111.68,Online,0.0,
2024-07-18,RCPT00001814,ST23,SKU00836,CUST07393,2,765.01,1184.24,Mobile App,22.6,PROMO045
2024-07-18,RCPT00001814,ST23,SKU00363,CUST07393,1,1103.75,854.3,Mobile App,22.6,PROMO045
2024-07-18,RCPT00001814,ST23,SKU00242,CUST07393,1,218.49,169.11,Mobile App,22.6,PROMO045
2024-07-18,RCPT00001814,ST23,SKU04321,CUST07393,1,961.3,744.05,Mobile App,22.6,PROMO045
2024-07-18,RCPT00001814,ST23,SKU03727,CUST07393,1,1660.93,1285.56,Mobile App,22.6,PROMO045
2024-09-11,RCPT00001815,ST20,SKU04076,CUST04042,4,165.54,662.16,Online,0.0,
2025-10-14,RCPT00001816,ST21,SKU02924,CUST09687,3,1530.37,4591.11,Online,0.0,
2025-10-14,RCPT00001816,ST21,SKU02274,CUST09687,1,2368.45,2368.45,Online,0.0,
2025-10-14,RCPT00001816,ST21,SKU02851,CUST09687,3,2854.29,8562.87,Online,0.0,
2025-08-16,RCPT00001817,ST09,SKU01270,CUST03892,1,282.8,282.8,Online,0.0,
2025-08-16,RCPT00001817,ST09,SKU02136,CUST03892,2,3212.47,6424.94,Online,0.0,
2025-09-05,RCPT00001818,ST10,SKU04956,CUST08916,1,597.85,597.85,In-Store,0.0,
2025-09-05,RCPT00001818,ST10,SKU00996,CUST08916,1,117.61,117.61,In-Store,0.0,
2025-09-05,RCPT00001818,ST10,SKU01576,CUST08916,1,709.54,709.54,In-Store,0.0,
2024-08-15,RCPT00001819,ST20,SKU00737,CUST06629,1,436.92,436.92,Online,0.0,
2024-12-16,RCPT00001820,ST20,SKU03853,CUST06177,1,326.25,326.25,In-Store,0.0,
2024-12-16,RCPT00001820,ST20,SKU02157,CUST06177,2,182.04,364.08,In-Store,0.0,
2024-12-16,RCPT00001820,ST20,SKU02892,CUST06177,1,77.05,77.05,In-Store,0.0,
2024-12-16,RCPT00001820,ST20,SKU02225,CUST06177,3,1087.98,3263.94,In-Store,0.0,
2024-12-16,RCPT00001820,ST20,SKU03851,CUST06177,1,99.5,99.5,In-Store,0.0,
2024-02-27,RCPT00001821,ST19,SKU03087,CUST07443,1,330.63,330.63,Online,0.0,
2025-11-17,RCPT00001822,ST07,SKU03557,CUST04728,4,154.56,618.24,Online,0.0,
2025-11-17,RCPT00001822,ST07,SKU04057,CUST04728,4,1531.28,6125.12,Online,0.0,
2025-04-09,RCPT00001823,ST22,SKU01045,CUST02574,4,451.29,1805.16,Mobile App,0.0,
2025-04-09,RCPT00001823,ST22,SKU02251,CUST02574,2,183.16,366.32,Mobile App,0.0,
2022-04-21,RCPT00001824,ST07,SKU04035,CUST06551,1,140.98,140.98,In-Store,0.0,
2025-03-29,RCPT00001825,ST11,SKU02143,CUST06056,1,88.64,88.64,In-Store,0.0,
2022-08-25,RCPT00001826,ST20,SKU02738,CUST04325,1,230.16,230.16,In-Store,0.0,
2024-10-22,RCPT00001827,ST13,SKU02166,CUST06800,4,434.78,1739.12,Online,0.0,
2024-10-22,RCPT00001827,ST13,SKU02727,CUST06800,3,492.28,1476.84,Online,0.0,
2024-08-17,RCPT00001828,ST20,SKU00702,CUST03155,2,1621.05,3242.1,In-Store,0.0,
2025-12-26,RCPT00001829,ST12,SKU01704,CUST09526,1,119.92,119.92,In-Store,0.0,
2023-12-14,RCPT00001830,ST07,SKU02747,CUST09286,4,561.26,2245.04,Online,0.0,
2022-06-16,RCPT00001831,ST03,SKU01732,CUST09688,1,402.29,230.11,Online,42.8,PROMO022
2025-02-15,RCPT00001832,ST22,SKU04292,CUST00724,3,175.78,293.73,In-Store,44.3,PROMO041
2025-02-15,RCPT00001832,ST22,SKU04927,CUST00724,1,201.34,112.15,In-Store,44.3,PROMO041
2025-02-15,RCPT00001832,ST22,SKU04154,CUST00724,2,351.77,391.87,In-Store,44.3,PROMO041
2024-04-18,RCPT00001833,ST04,SKU04321,CUST05286,2,961.3,1922.6,In-Store,0.0,
2024-04-18,RCPT00001833,ST04,SKU01455,CUST05286,1,98.09,92.3,In-Store,5.9,PROMO016
2024-07-02,RCPT00001834,ST14,SKU02300,CUST09078,3,95.66,222.12,In-Store,22.6,PROMO045
2024-09-08,RCPT00001835,ST20,SKU02382,CUST01051,4,1233.79,4935.16,Online,0.0,
2025-06-02,RCPT00001836,ST05,SKU00976,CUST08405,2,268.42,536.84,In-Store,0.0,
2025-06-02,RCPT00001836,ST05,SKU03292,CUST08405,1,164.03,164.03,In-Store,0.0,
2025-06-02,RCPT00001836,ST05,SKU01878,CUST08405,2,98.98,197.96,In-Store,0.0,
2024-07-08,RCPT00001837,ST19,SKU03601,CUST02301,5,790.24,2844.86,In-Store,28.0,PROMO081
2025-10-27,RCPT00001838,ST27,SKU03630,CUST02505,2,234.93,469.86,In-Store,0.0,
2025-10-27,RCPT00001838,ST27,SKU04350,CUST02505,1,394.93,394.93,In-Store,0.0,
2025-12-22,RCPT00001839,ST04,SKU02538,CUST02292,2,216.58,433.16,In-Store,0.0,
2022-09-25,RCPT00001840,ST12,SKU04649,CUST01400,1,541.59,541.59,Online,0.0,
2022-09-25,RCPT00001840,ST12,SKU00146,CUST01400,4,703.46,2813.84,Online,0.0,
2023-08-17,RCPT00001841,ST15,SKU02990,CUST08984,1,321.24,321.24,Mobile App,0.0,
2022-11-15,RCPT00001842,ST19,SKU00531,CUST02821,2,2949.96,5899.92,Online,0.0,
2022-11-15,RCPT00001842,ST19,SKU02368,CUST02821,2,849.39,1698.78,Online,0.0,
2022-11-15,RCPT00001842,ST19,SKU02494,CUST02821,1,102.3,102.3,Online,0.0,
2024-09-18,RCPT00001843,ST27,SKU02462,CUST03844,1,171.89,171.89,In-Store,0.0,
2024-09-18,RCPT00001843,ST27,SKU03596,CUST03844,2,222.89,445.78,In-Store,0.0,
2024-09-18,RCPT00001843,ST27,SKU02178,CUST03844,5,188.27,941.35,In-Store,0.0,
2024-09-18,RCPT00001843,ST27,SKU03116,CUST03844,1,804.33,804.33,In-Store,0.0,
2025-04-23,RCPT00001844,ST17,SKU03786,CUST03411,1,1371.52,1046.47,Online,23.7,PROMO013
2025-04-23,RCPT00001844,ST17,SKU01813,CUST03411,3,154.92,464.76,Online,0.0,
2023-02-03,RCPT00001845,ST30,SKU01175,CUST04111,3,618.29,1854.87,Mobile App,0.0,
2023-02-03,RCPT00001845,ST30,SKU01358,CUST04111,3,180.03,540.09,Mobile App,0.0,
2023-02-03,RCPT00001845,ST30,SKU02368,CUST04111,1,849.39,849.39,Mobile App,0.0,
2025-04-22,RCPT00001846,ST26,SKU00082,CUST08866,2,480.16,960.32,In-Store,0.0,
2025-04-04,RCPT00001847,ST23,SKU01764,CUST07114,1,2017.27,2017.27,In-Store,0.0,
2025-04-04,RCPT00001847,ST23,SKU01720,CUST07114,3,2353.73,7061.19,In-Store,0.0,
2023-11-14,RCPT00001848,ST24,SKU04602,CUST07860,1,100.41,100.41,In-Store,0.0,
2023-11-14,RCPT00001848,ST24,SKU02176,CUST07860,2,989.87,1979.74,In-Store,0.0,
2023-11-14,RCPT00001848,ST24,SKU04758,CUST07860,2,2060.11,4120.22,In-Store,0.0,
2025-08-25,RCPT00001849,ST18,SKU04571,CUST05202,5,868.52,4342.6,In-Store,0.0,
2024-02-19,RCPT00001850,ST20,SKU04243,CUST05925,1,86.81,86.81,In-Store,0.0,
2024-02-19,RCPT00001850,ST20,SKU00079,CUST05925,4,197.9,791.6,In-Store,0.0,
2024-02-19,RCPT00001850,ST20,SKU03397,CUST05925,1,393.07,393.07,In-Store,0.0,
2025-08-05,RCPT00001851,ST10,SKU02028,CUST08596,5,349.07,879.66,Mobile App,49.6,PROMO088
2025-08-05,RCPT00001851,ST10,SKU03462,CUST08596,2,1587.45,1943.04,Mobile App,38.8,PROMO056
2025-03-28,RCPT00001852,ST09,SKU03886,CUST09158,1,190.65,190.65,In-Store,0.0,
2025-03-28,RCPT00001852,ST09,SKU02068,CUST09158,3,249.89,749.67,In-Store,0.0,
2025-03-28,RCPT00001852,ST09,SKU00143,CUST09158,2,64.0,128.0,In-Store,0.0,
2024-07-09,RCPT00001853,ST08,SKU00997,CUST06478,1,284.15,204.59,In-Store,28.0,PROMO081
2025-09-04,RCPT00001854,ST14,SKU03800,CUST03623,1,114.46,114.46,In-Store,0.0,
2025-09-04,RCPT00001854,ST14,SKU01723,CUST03623,4,156.57,626.28,In-Store,0.0,
2022-11-19,RCPT00001855,ST12,SKU02611,CUST05510,4,191.87,418.28,In-Store,45.5,PROMO031
2022-10-20,RCPT00001856,ST07,SKU04096,CUST00385,1,155.65,155.65,In-Store,0.0,
2022-10-20,RCPT00001856,ST07,SKU03743,CUST00385,1,253.24,253.24,In-Store,0.0,
2025-06-06,RCPT00001857,ST12,SKU01713,CUST06292,5,744.29,3721.45,In-Store,0.0,
2025-06-06,RCPT00001857,ST12,SKU02308,CUST06292,1,93.35,93.35,In-Store,0.0,
2025-06-06,RCPT00001857,ST12,SKU02108,CUST06292,1,610.6,610.6,In-Store,0.0,
2023-11-14,RCPT00001858,ST03,SKU00084,CUST00360,5,1308.64,6543.2,Online,0.0,
2022-11-28,RCPT00001859,ST15,SKU01414,CUST07983,2,193.44,386.88,Mobile App,0.0,
2023-12-18,RCPT00001860,ST01,SKU03535,CUST07464,4,178.62,714.48,Mobile App,0.0,
2023-12-18,RCPT00001860,ST01,SKU00166,CUST07464,1,830.77,830.77,Mobile App,0.0,
2023-12-18,RCPT00001860,ST01,SKU03990,CUST07464,1,690.44,690.44,Mobile App,0.0,
2022-07-19,RCPT00001861,ST17,SKU02892,CUST02081,1,77.05,77.05,Online,0.0,
2024-03-02,RCPT00001862,ST27,SKU04749,CUST00776,3,1569.69,4709.07,In-Store,0.0,
2024-03-02,RCPT00001862,ST27,SKU02854,CUST00776,5,173.3,866.5,In-Store,0.0,
2024-03-02,RCPT00001862,ST27,SKU03062,CUST00776,2,250.47,500.94,In-Store,0.0,
2024-03-02,RCPT00001862,ST27,SKU00774,CUST00776,1,94.61,94.61,In-Store,0.0,
2022-05-19,RCPT00001863,ST26,SKU03546,CUST04031,1,496.17,496.17,In-Store,0.0,
2022-05-19,RCPT00001863,ST26,SKU03522,CUST04031,2,112.92,225.84,In-Store,0.0,
2023-08-05,RCPT00001864,ST29,SKU01395,CUST07801,3,122.37,184.66,Mobile App,49.7,PROMO030
2024-08-23,RCPT00001865,ST30,SKU03365,CUST08880,2,236.1,472.2,Online,0.0,
2024-08-23,RCPT00001865,ST30,SKU00130,CUST08880,1,362.18,362.18,Online,0.0,
2024-03-03,RCPT00001866,ST22,SKU01045,CUST09085,1,451.29,451.29,In-Store,0.0,
2024-03-03,RCPT00001866,ST22,SKU03016,CUST09085,1,233.3,233.3,In-Store,0.0,
2024-12-20,RCPT00001867,ST13,SKU02627,CUST07579,2,190.96,381.92,Online,0.0,
2024-12-20,RCPT00001867,ST13,SKU04321,CUST07579,1,961.3,961.3,Online,0.0,
2024-12-20,RCPT00001867,ST13,SKU02024,CUST07579,1,1610.6,1610.6,Online,0.0,
2024-12-20,RCPT00001867,ST13,SKU01488,CUST07579,2,612.26,1224.52,Online,0.0,
2025-03-01,RCPT00001868,ST09,SKU04756,CUST06867,2,665.32,1330.64,In-Store,0.0,
2023-08-14,RCPT00001869,ST30,SKU04544,CUST05459,1,361.72,361.72,Online,0.0,
2025-06-13,RCPT00001870,ST12,SKU00163,CUST09171,1,151.67,151.67,Mobile App,0.0,
2025-12-27,RCPT00001871,ST15,SKU04515,CUST07279,2,244.19,488.38,Online,0.0,
2024-12-08,RCPT00001872,ST22,SKU03838,CUST00258,1,259.95,259.95,In-Store,0.0,
2022-02-05,RCPT00001873,ST19,SKU02442,CUST07724,2,507.66,1015.32,Online,0.0,
2022-02-05,RCPT00001873,ST19,SKU04154,CUST07724,1,351.77,351.77,Online,0.0,
2023-05-20,RCPT00001874,ST23,SKU02738,CUST01161,3,230.16,690.48,In-Store,0.0,
2023-05-20,RCPT00001874,ST23,SKU01420,CUST01161,1,213.65,213.65,In-Store,0.0,
2023-06-09,RCPT00001875,ST10,SKU04339,CUST05155,2,1534.07,1843.95,In-Store,39.9,PROMO040
2022-05-18,RCPT00001876,ST19,SKU03372,CUST00256,2,279.34,558.68,Online,0.0,
2024-03-16,RCPT00001877,ST30,SKU01159,CUST06119,1,361.28,203.04,In-Store,43.8,PROMO075
2024-04-19,RCPT00001878,ST06,SKU04462,CUST07794,3,191.58,397.15,In-Store,30.9,PROMO015
2025-02-24,RCPT00001879,ST24,SKU04694,CUST06366,2,149.97,167.07,In-Store,44.3,PROMO041
2022-03-14,RCPT00001880,ST07,SKU01983,CUST02785,2,530.92,1061.84,Mobile App,0.0,
2022-03-14,RCPT00001880,ST07,SKU00286,CUST02785,1,64.45,64.45,Mobile App,0.0,
2023-08-08,RCPT00001881,ST07,SKU04015,CUST09993,1,1698.51,854.35,In-Store,49.7,PROMO030
2023-08-08,RCPT00001881,ST07,SKU04596,CUST09993,2,335.55,337.56,In-Store,49.7,PROMO030
2023-08-08,RCPT00001881,ST07,SKU04822,CUST09993,4,457.47,1376.07,In-Store,24.8,PROMO061
2025-05-31,RCPT00001882,ST20,SKU03323,CUST07346,3,3001.52,9004.56,In-Store,0.0,
2023-06-29,RCPT00001883,ST25,SKU04321,CUST03399,1,961.3,961.3,In-Store,0.0,
2023-06-29,RCPT00001883,ST25,SKU01439,CUST03399,2,987.75,1975.5,In-Store,0.0,
2023-06-29,RCPT00001883,ST25,SKU04154,CUST03399,2,351.77,703.54,In-Store,0.0,
2023-06-29,RCPT00001883,ST25,SKU01484,CUST03399,1,575.12,575.12,In-Store,0.0,
2022-02-12,RCPT00001884,ST27,SKU02515,CUST02131,4,123.38,493.52,Online,0.0,
2022-02-12,RCPT00001884,ST27,SKU02198,CUST02131,1,734.76,734.76,Online,0.0,
2022-02-12,RCPT00001884,ST27,SKU04646,CUST02131,4,82.38,329.52,Online,0.0,
2022-02-12,RCPT00001884,ST27,SKU02728,CUST02131,3,247.37,742.11,Online,0.0,
2022-02-12,RCPT00001884,ST27,SKU02725,CUST02131,1,136.0,136.0,Online,0.0,
2022-08-19,RCPT00001885,ST29,SKU03193,CUST02357,1,259.16,259.16,Online,0.0,
2022-08-19,RCPT00001885,ST29,SKU02891,CUST02357,1,514.58,514.58,Online,0.0,
2022-08-19,RCPT00001885,ST29,SKU02351,CUST02357,2,1847.9,3695.8,Online,0.0,
2023-03-07,RCPT00001886,ST28,SKU03978,CUST07856,1,192.57,192.57,In-Store,0.0,
2023-03-07,RCPT00001886,ST28,SKU03356,CUST07856,1,1150.81,830.88,In-Store,27.8,PROMO078
2025-04-09,RCPT00001887,ST17,SKU04255,CUST00144,2,285.12,570.24,Mobile App,0.0,
2025-04-09,RCPT00001887,ST17,SKU02965,CUST00144,2,150.68,301.36,Mobile App,0.0,
2022-07-01,RCPT00001888,ST03,SKU01065,CUST05710,1,104.37,104.37,In-Store,0.0,
2022-07-01,RCPT00001888,ST03,SKU03191,CUST05710,2,417.04,834.08,In-Store,0.0,
2022-04-05,RCPT00001889,ST12,SKU01456,CUST00004,1,1082.17,1082.17,In-Store,0.0,
2022-04-05,RCPT00001889,ST12,SKU02079,CUST00004,1,153.65,153.65,In-Store,0.0,
2022-04-05,RCPT00001889,ST12,SKU00830,CUST00004,1,290.01,290.01,In-Store,0.0,
2024-11-30,RCPT00001890,ST06,SKU02884,CUST08418,2,173.65,347.3,In-Store,0.0,
2024-06-20,RCPT00001891,ST21,SKU01045,CUST03552,2,451.29,649.86,In-Store,28.0,PROMO081
2023-09-07,RCPT00001892,ST12,SKU00285,CUST04695,3,505.67,1324.35,In-Store,12.7,PROMO010
2023-09-07,RCPT00001892,ST12,SKU01659,CUST04695,2,39.17,68.39,In-Store,12.7,PROMO010
2024-04-14,RCPT00001893,ST11,SKU01618,CUST03451,3,283.48,426.92,Online,49.8,PROMO019
2024-04-14,RCPT00001893,ST11,SKU04596,CUST03451,3,335.55,505.34,Online,49.8,PROMO019
2024-04-14,RCPT00001893,ST11,SKU00119,CUST03451,1,963.94,483.9,Online,49.8,PROMO019
2023-10-28,RCPT00001894,ST23,SKU01819,CUST08603,1,1045.44,582.31,Mobile App,44.3,PROMO048
2025-06-16,RCPT00001895,ST27,SKU02931,CUST03698,1,127.7,127.7,In-Store,0.0,
2025-06-16,RCPT00001895,ST27,SKU01027,CUST03698,2,82.61,165.22,In-Store,0.0,
2025-06-16,RCPT00001895,ST27,SKU00077,CUST03698,4,1562.82,6251.28,In-Store,0.0,
2024-02-24,RCPT00001896,ST27,SKU04604,CUST08866,3,318.32,954.96,Online,0.0,
2024-02-24,RCPT00001896,ST27,SKU04270,CUST08866,1,151.93,151.93,Online,0.0,
2024-02-24,RCPT00001896,ST27,SKU04812,CUST08866,1,251.69,251.69,Online,0.0,
2023-04-03,RCPT00001897,ST09,SKU01123,CUST01871,1,97.2,87.77,Online,9.7,PROMO072
2023-04-03,RCPT00001897,ST09,SKU01911,CUST01871,1,1116.98,1116.98,Online,0.0,
2023-04-20,RCPT00001898,ST04,SKU04626,CUST02362,2,468.52,937.04,In-Store,0.0,
2022-08-17,RCPT00001899,ST29,SKU04303,CUST08056,1,205.17,205.17,In-Store,0.0,
2022-08-17,RCPT00001899,ST29,SKU00196,CUST08056,3,90.98,272.94,In-Store,0.0,
2022-08-17,RCPT00001899,ST29,SKU01435,CUST08056,2,1037.9,2075.8,In-Store,0.0,
2024-06-05,RCPT00001900,ST20,SKU01371,CUST01377,2,1277.61,2555.22,In-Store,0.0,
2024-06-05,RCPT00001900,ST20,SKU04552,CUST01377,1,207.59,207.59,In-Store,0.0,
2024-06-26,RCPT00001901,ST17,SKU02586,CUST06513,2,49.1,76.01,In-Store,22.6,PROMO045
2024-06-26,RCPT00001901,ST17,SKU04154,CUST06513,2,351.77,544.54,In-Store,22.6,PROMO045
2025-12-13,RCPT00001902,ST06,SKU02389,CUST05960,1,830.82,830.82,In-Store,0.0,
2025-12-13,RCPT00001902,ST06,SKU02088,CUST05960,2,69.31,138.62,In-Store,0.0,
2024-10-03,RCPT00001903,ST29,SKU02930,CUST00856,1,170.16,124.22,Online,27.0,PROMO094
2024-10-03,RCPT00001903,ST29,SKU00833,CUST00856,4,325.22,949.64,Online,27.0,PROMO094
2025-10-07,RCPT00001904,ST22,SKU02531,CUST04501,1,143.49,143.49,In-Store,0.0,
2025-10-07,RCPT00001904,ST22,SKU04756,CUST04501,4,665.32,2435.07,In-Store,8.5,PROMO007
2025-12-29,RCPT00001905,ST07,SKU04903,CUST09002,1,237.98,237.98,Online,0.0,
2025-12-29,RCPT00001905,ST07,SKU04889,CUST09002,1,175.19,175.19,Online,0.0,
2023-09-05,RCPT00001906,ST29,SKU04579,CUST05441,1,92.85,81.06,In-Store,12.7,PROMO010
2025-03-03,RCPT00001907,ST07,SKU04329,CUST02538,1,2452.07,2452.07,Mobile App,0.0,
2025-09-24,RCPT00001908,ST23,SKU00953,CUST07051,3,273.99,821.97,In-Store,0.0,
2025-09-24,RCPT00001908,ST23,SKU03985,CUST07051,2,195.76,348.06,In-Store,11.1,PROMO006
2025-09-24,RCPT00001908,ST23,SKU01443,CUST07051,2,174.67,349.34,In-Store,0.0,
2025-09-24,RCPT00001908,ST23,SKU00956,CUST07051,1,78.37,78.37,In-Store,0.0,
2022-08-20,RCPT00001909,ST11,SKU04321,CUST09502,2,961.3,1922.6,Online,0.0,
2022-08-20,RCPT00001909,ST11,SKU04311,CUST09502,2,105.14,210.28,Online,0.0,
2025-02-25,RCPT00001910,ST07,SKU04321,CUST04975,1,961.3,961.3,Online,0.0,
2025-02-25,RCPT00001910,ST07,SKU02747,CUST04975,1,561.26,561.26,Online,0.0,
2024-11-24,RCPT00001911,ST06,SKU01829,CUST01370,2,385.77,771.54,In-Store,0.0,
2024-11-24,RCPT00001911,ST06,SKU03834,CUST01370,2,1737.86,3475.72,In-Store,0.0,
2024-11-24,RCPT00001911,ST06,SKU03877,CUST01370,2,87.54,157.75,In-Store,9.9,PROMO009
2022-10-06,RCPT00001912,ST21,SKU04836,CUST04555,1,370.47,370.47,In-Store,0.0,
2024-08-06,RCPT00001913,ST12,SKU01274,CUST04881,3,558.36,1675.08,In-Store,0.0,
2024-08-06,RCPT00001913,ST12,SKU01259,CUST04881,1,371.59,371.59,In-Store,0.0,
2022-08-05,RCPT00001914,ST14,SKU02660,CUST02050,1,81.91,81.91,Online,0.0,
2022-08-05,RCPT00001914,ST14,SKU00953,CUST02050,3,273.99,821.97,Online,0.0,
2022-12-22,RCPT00001915,ST07,SKU01595,CUST06883,1,170.68,134.5,Online,21.2,PROMO091
2022-01-12,RCPT00001916,ST22,SKU04817,CUST09870,2,40.86,81.72,Mobile App,0.0,
2022-02-13,RCPT00001917,ST21,SKU03921,CUST01234,4,69.99,257.84,In-Store,7.9,PROMO096
2022-02-13,RCPT00001917,ST21,SKU03455,CUST01234,2,309.96,619.92,In-Store,0.0,
2022-02-13,RCPT00001917,ST21,SKU04775,CUST01234,3,121.08,363.24,In-Store,0.0,
2022-02-13,RCPT00001917,ST21,SKU02062,CUST01234,4,1854.01,7416.04,In-Store,0.0,
2025-10-05,RCPT00001918,ST07,SKU04181,CUST05535,1,63.14,63.14,In-Store,0.0,
2025-10-05,RCPT00001918,ST07,SKU04016,CUST05535,3,1492.65,4477.95,In-Store,0.0,
2025-10-05,RCPT00001918,ST07,SKU00953,CUST05535,3,273.99,821.97,In-Store,0.0,
2025-01-15,RCPT00001919,ST24,SKU00095,CUST01476,1,696.82,696.82,In-Store,0.0,
2025-01-15,RCPT00001919,ST24,SKU04994,CUST01476,1,261.4,261.4,In-Store,0.0,
2025-01-15,RCPT00001919,ST24,SKU03604,CUST01476,2,122.62,139.3,In-Store,43.2,PROMO098
2024-03-16,RCPT00001920,ST22,SKU04428,CUST07491,2,64.16,72.12,Mobile App,43.8,PROMO075
2024-03-16,RCPT00001920,ST22,SKU00002,CUST07491,2,70.38,79.11,Mobile App,43.8,PROMO075
2022-04-26,RCPT00001921,ST25,SKU04888,CUST00354,3,362.75,1088.25,In-Store,0.0,
2022-04-26,RCPT00001921,ST25,SKU04796,CUST00354,1,1974.55,1974.55,In-Store,0.0,
2022-04-26,RCPT00001921,ST25,SKU04808,CUST00354,1,492.31,492.31,In-Store,0.0,
2022-04-26,RCPT00001921,ST25,SKU01164,CUST00354,1,241.81,241.81,In-Store,0.0,
2025-11-03,RCPT00001922,ST05,SKU00363,CUST02140,3,1103.75,3311.25,In-Store,0.0,
2025-11-03,RCPT00001922,ST05,SKU04280,CUST02140,1,318.92,318.92,In-Store,0.0,
2025-11-03,RCPT00001922,ST05,SKU01743,CUST02140,2,1398.86,2797.72,In-Store,0.0,
2024-12-17,RCPT00001923,ST02,SKU02315,CUST02787,2,569.66,1139.32,Mobile App,0.0,
2024-12-17,RCPT00001923,ST02,SKU01551,CUST02787,3,179.55,538.65,Mobile App,0.0,
2022-07-06,RCPT00001924,ST18,SKU04817,CUST02759,1,40.86,40.86,Mobile App,0.0,
2024-01-03,RCPT00001925,ST10,SKU04032,CUST09923,1,203.7,142.79,Online,29.9,PROMO043
2023-07-17,RCPT00001926,ST25,SKU02462,CUST00841,3,171.89,515.67,Mobile App,0.0,
2024-02-02,RCPT00001927,ST09,SKU04926,CUST01013,1,458.92,458.92,In-Store,0.0,
2024-02-02,RCPT00001927,ST09,SKU04321,CUST01013,1,961.3,961.3,In-Store,0.0,
2024-02-02,RCPT00001927,ST09,SKU01829,CUST01013,1,385.77,385.77,In-Store,0.0,
2023-11-09,RCPT00001928,ST23,SKU00886,CUST07854,1,1510.84,1510.84,In-Store,0.0,
2023-11-09,RCPT00001928,ST23,SKU02462,CUST07854,1,171.89,171.89,In-Store,0.0,
2022-03-02,RCPT00001929,ST02,SKU04012,CUST02298,1,631.0,631.0,Online,0.0,
2024-03-15,RCPT00001930,ST30,SKU03027,CUST02540,2,724.38,814.2,In-Store,43.8,PROMO075
2023-06-13,RCPT00001931,ST03,SKU03998,CUST00669,2,625.71,1251.42,Mobile App,0.0,
2024-03-12,RCPT00001932,ST06,SKU03669,CUST00600,3,1245.54,2099.98,Online,43.8,PROMO075
2024-11-08,RCPT00001933,ST21,SKU00832,CUST09280,1,946.53,946.53,Mobile App,0.0,
2024-11-08,RCPT00001933,ST21,SKU00611,CUST09280,1,114.26,102.95,Mobile App,9.9,PROMO009
2024-11-08,RCPT00001933,ST21,SKU02423,CUST09280,1,3672.71,3672.71,Mobile App,0.0,
2024-11-08,RCPT00001933,ST21,SKU03777,CUST09280,4,361.49,1445.96,Mobile App,0.0,
2025-07-28,RCPT00001934,ST18,SKU03234,CUST07357,1,769.12,769.12,In-Store,0.0,
2025-07-28,RCPT00001934,ST18,SKU02449,CUST07357,3,137.83,413.49,In-Store,0.0,
2023-12-15,RCPT00001935,ST20,SKU02923,CUST01587,1,124.18,124.18,In-Store,0.0,
2023-12-15,RCPT00001935,ST20,SKU04822,CUST01587,1,457.47,457.47,In-Store,0.0,
2024-05-21,RCPT00001936,ST03,SKU00060,CUST08702,3,724.16,2172.48,Mobile App,0.0,
2024-05-21,RCPT00001936,ST03,SKU03309,CUST08702,2,983.01,1604.27,Mobile App,18.4,PROMO089
2022-02-17,RCPT00001937,ST07,SKU02369,CUST04578,1,162.77,149.91,In-Store,7.9,PROMO096
2022-09-02,RCPT00001938,ST14,SKU04778,CUST07579,2,485.82,884.19,Online,9.0,PROMO033
2025-10-19,RCPT00001939,ST22,SKU00711,CUST01087,2,107.95,215.9,Online,0.0,
2025-10-19,RCPT00001939,ST22,SKU03806,CUST01087,3,81.99,245.97,Online,0.0,
2023-09-27,RCPT00001940,ST03,SKU01688,CUST06961,1,158.65,158.65,Mobile App,0.0,
2023-09-27,RCPT00001940,ST03,SKU01045,CUST06961,1,451.29,451.29,Mobile App,0.0,
2024-07-10,RCPT00001941,ST07,SKU02617,CUST00594,1,764.09,591.41,In-Store,22.6,PROMO045
2024-07-28,RCPT00001942,ST09,SKU00994,CUST08388,3,602.13,1533.63,Online,15.1,PROMO001
2025-05-20,RCPT00001943,ST29,SKU04332,CUST01484,1,141.92,141.92,Online,0.0,
2023-11-25,RCPT00001944,ST28,SKU00542,CUST07426,1,1367.3,1367.3,Online,0.0,
2023-11-25,RCPT00001944,ST28,SKU00920,CUST07426,2,114.73,229.46,Online,0.0,
2022-09-29,RCPT00001945,ST18,SKU03696,CUST00359,3,211.56,634.68,In-Store,0.0,
2025-08-22,RCPT00001946,ST06,SKU02167,CUST08534,1,189.86,189.86,In-Store,0.0,
2025-08-22,RCPT00001946,ST06,SKU04789,CUST08534,2,67.08,134.16,In-Store,0.0,
2025-08-22,RCPT00001946,ST06,SKU00692,CUST08534,1,235.52,235.52,In-Store,0.0,
2023-12-03,RCPT00001947,ST09,SKU04596,CUST06505,1,335.55,335.55,Mobile App,0.0,
2023-12-03,RCPT00001947,ST09,SKU02268,CUST06505,1,205.47,205.47,Mobile App,0.0,
2023-12-03,RCPT00001947,ST09,SKU03053,CUST06505,1,4086.72,4086.72,Mobile App,0.0,
2023-12-03,RCPT00001947,ST09,SKU00153,CUST06505,1,184.25,184.25,Mobile App,0.0,
2023-06-02,RCPT00001948,ST12,SKU04162,CUST01547,2,364.89,438.6,Online,39.9,PROMO040
2022-04-23,RCPT00001949,ST09,SKU02486,CUST09250,2,279.85,559.7,In-Store,0.0,
2022-04-23,RCPT00001949,ST09,SKU04154,CUST09250,4,351.77,1407.08,In-Store,0.0,
2024-08-12,RCPT00001950,ST28,SKU01317,CUST01477,2,644.83,1289.66,Mobile App,0.0,
2024-09-06,RCPT00001951,ST02,SKU03425,CUST03885,1,202.48,202.48,In-Store,0.0,
2023-01-22,RCPT00001952,ST02,SKU04596,CUST06988,2,335.55,671.1,In-Store,0.0,
2023-01-22,RCPT00001952,ST02,SKU02052,CUST06988,3,277.43,832.29,In-Store,0.0,
2023-01-22,RCPT00001952,ST02,SKU02368,CUST06988,1,849.39,849.39,In-Store,0.0,
2022-04-06,RCPT00001953,ST08,SKU02428,CUST02712,1,151.98,151.98,In-Store,0.0,
2022-04-06,RCPT00001953,ST08,SKU03435,CUST02712,2,833.81,1667.62,In-Store,0.0,
2022-04-06,RCPT00001953,ST08,SKU00024,CUST02712,1,2711.05,2711.05,In-Store,0.0,
2022-08-17,RCPT00001954,ST14,SKU02740,CUST09622,2,104.22,208.44,Mobile App,0.0,
2025-08-25,RCPT00001955,ST07,SKU04991,CUST08064,1,206.19,206.19,In-Store,0.0,
2025-08-25,RCPT00001955,ST07,SKU04318,CUST08064,1,205.5,205.5,In-Store,0.0,
2024-10-11,RCPT00001956,ST30,SKU03987,CUST03303,1,167.23,167.23,In-Store,0.0,
2023-12-28,RCPT00001957,ST06,SKU03546,CUST07919,3,496.17,1043.45,In-Store,29.9,PROMO043
2023-12-28,RCPT00001957,ST06,SKU04735,CUST07919,3,604.76,1271.81,In-Store,29.9,PROMO043
2024-10-08,RCPT00001958,ST28,SKU00004,CUST00475,1,233.64,170.56,In-Store,27.0,PROMO094
2025-12-20,RCPT00001959,ST30,SKU02151,CUST01309,2,229.08,458.16,In-Store,0.0,
2023-01-30,RCPT00001960,ST28,SKU02660,CUST03943,1,81.91,81.91,In-Store,0.0,
2022-11-16,RCPT00001961,ST03,SKU03800,CUST01253,2,114.46,228.92,In-Store,0.0,
2022-11-16,RCPT00001961,ST03,SKU00292,CUST01253,1,210.98,210.98,In-Store,0.0,
2022-11-16,RCPT00001961,ST03,SKU01251,CUST01253,1,2613.85,2613.85,In-Store,0.0,
2022-11-16,RCPT00001961,ST03,SKU02189,CUST01253,1,100.87,100.87,In-Store,0.0,
2022-11-16,RCPT00001961,ST03,SKU01359,CUST01253,3,303.38,910.14,In-Store,0.0,
2023-02-18,RCPT00001962,ST15,SKU00909,CUST08147,1,403.57,403.57,Online,0.0,
2023-02-18,RCPT00001962,ST15,SKU02015,CUST08147,1,104.06,104.06,Online,0.0,
2023-07-04,RCPT00001963,ST17,SKU01105,CUST00331,3,718.64,2155.92,In-Store,0.0,
2023-03-12,RCPT00001964,ST11,SKU00726,CUST04447,1,974.67,906.44,Mobile App,7.0,PROMO002
2025-06-27,RCPT00001965,ST12,SKU02954,CUST06455,2,603.3,1206.6,In-Store,0.0,
2025-06-27,RCPT00001965,ST12,SKU03519,CUST06455,2,140.28,280.56,In-Store,0.0,
2025-06-27,RCPT00001965,ST12,SKU02852,CUST06455,1,1937.58,1937.58,In-Store,0.0,
2024-04-20,RCPT00001966,ST10,SKU02660,CUST08356,2,81.91,163.82,Mobile App,0.0,
2024-04-20,RCPT00001966,ST10,SKU03782,CUST08356,2,58.53,117.06,Mobile App,0.0,
2023-10-15,RCPT00001967,ST21,SKU00902,CUST05501,3,535.55,1606.65,In-Store,0.0,
2025-12-13,RCPT00001968,ST08,SKU04521,CUST00539,2,46.06,92.12,Online,0.0,
2025-03-31,RCPT00001969,ST25,SKU01420,CUST06969,1,213.65,213.65,In-Store,0.0,
2025-03-31,RCPT00001969,ST25,SKU04451,CUST06969,1,60.61,60.61,In-Store,0.0,
2025-03-31,RCPT00001969,ST25,SKU01668,CUST06969,1,212.25,212.25,In-Store,0.0,
2022-11-18,RCPT00001970,ST10,SKU04329,CUST01398,1,2452.07,2452.07,In-Store,0.0,
2022-11-18,RCPT00001970,ST10,SKU03460,CUST01398,1,3034.93,3034.93,In-Store,0.0,
2025-12-29,RCPT00001971,ST30,SKU03148,CUST06415,2,1814.77,3629.54,Online,0.0,
2022-12-08,RCPT00001972,ST14,SKU01795,CUST06045,1,262.01,262.01,In-Store,0.0,
2022-12-08,RCPT00001972,ST14,SKU03218,CUST06045,1,177.98,177.98,In-Store,0.0,
2025-07-28,RCPT00001973,ST17,SKU01373,CUST00186,3,74.0,222.0,Online,0.0,
2025-10-13,RCPT00001974,ST29,SKU00736,CUST01956,2,1866.25,3732.5,Online,0.0,
2025-10-13,RCPT00001974,ST29,SKU02141,CUST01956,1,471.88,471.88,Online,0.0,
2025-10-13,RCPT00001974,ST29,SKU00848,CUST01956,2,704.92,1409.84,Online,0.0,
2025-01-01,RCPT00001975,ST11,SKU04321,CUST05580,2,961.3,1922.6,Online,0.0,
2025-01-01,RCPT00001975,ST11,SKU03478,CUST05580,1,66.84,66.84,Online,0.0,
2025-01-01,RCPT00001975,ST11,SKU03456,CUST05580,1,234.0,234.0,Online,0.0,
2025-06-21,RCPT00001976,ST15,SKU02478,CUST08225,3,74.15,175.29,In-Store,21.2,PROMO060
2023-07-10,RCPT00001977,ST10,SKU00976,CUST03913,2,268.42,536.84,Online,0.0,
2023-07-10,RCPT00001977,ST10,SKU00931,CUST03913,1,373.2,373.2,Online,0.0,
2023-07-10,RCPT00001977,ST10,SKU03572,CUST03913,1,654.81,654.81,Online,0.0,
2022-11-19,RCPT00001978,ST08,SKU04610,CUST04416,1,2079.89,2079.89,In-Store,0.0,
2024-12-05,RCPT00001979,ST30,SKU04321,CUST06707,3,961.3,2883.9,Online,0.0,
2023-10-22,RCPT00001980,ST04,SKU00285,CUST08877,2,505.67,1011.34,In-Store,0.0,
2022-12-03,RCPT00001981,ST21,SKU03389,CUST05395,3,580.11,1740.33,In-Store,0.0,
2022-08-23,RCPT00001982,ST06,SKU01931,CUST09443,4,1441.93,5767.72,In-Store,0.0,
2022-08-23,RCPT00001982,ST06,SKU03198,CUST09443,1,128.85,128.85,In-Store,0.0,
2022-08-23,RCPT00001982,ST06,SKU02740,CUST09443,1,104.22,104.22,In-Store,0.0,
2022-08-23,RCPT00001982,ST06,SKU01775,CUST09443,1,204.15,204.15,In-Store,0.0,
2022-06-15,RCPT00001983,ST11,SKU04321,CUST02573,1,961.3,549.86,In-Store,42.8,PROMO022
2022-06-15,RCPT00001983,ST11,SKU01735,CUST02573,2,997.19,1140.79,In-Store,42.8,PROMO022
2025-11-09,RCPT00001984,ST11,SKU00582,CUST07570,1,115.54,115.54,Online,0.0,
2025-11-09,RCPT00001984,ST11,SKU01510,CUST07570,5,89.78,448.9,Online,0.0,
2022-10-17,RCPT00001985,ST09,SKU00133,CUST01487,2,1722.93,3445.86,Mobile App,0.0,
2022-06-10,RCPT00001986,ST04,SKU04646,CUST04866,2,82.38,94.24,In-Store,42.8,PROMO022
2022-06-10,RCPT00001986,ST04,SKU02316,CUST04866,1,161.51,92.38,In-Store,42.8,PROMO022
2023-11-20,RCPT00001987,ST05,SKU03115,CUST02467,1,804.38,804.38,In-Store,0.0,
2023-11-20,RCPT00001987,ST05,SKU01737,CUST02467,1,768.37,768.37,In-Store,0.0,
2024-06-06,RCPT00001988,ST23,SKU04596,CUST04202,4,335.55,1342.2,Online,0.0,
2025-08-25,RCPT00001989,ST19,SKU03907,CUST04491,3,876.73,2630.19,Online,0.0,
2025-08-25,RCPT00001989,ST19,SKU01187,CUST04491,1,629.38,317.21,Online,49.6,PROMO088
2025-11-30,RCPT00001990,ST11,SKU02150,CUST04304,3,1382.56,4147.68,In-Store,0.0,
2022-07-03,RCPT00001991,ST07,SKU00502,CUST05080,3,898.08,2694.24,In-Store,0.0,
2024-04-21,RCPT00001992,ST21,SKU03323,CUST01327,1,3001.52,3001.52,In-Store,0.0,
2024-04-21,RCPT00001992,ST21,SKU00893,CUST01327,1,690.66,690.66,In-Store,0.0,
2024-04-21,RCPT00001992,ST21,SKU02705,CUST01327,2,3268.55,6537.1,In-Store,0.0,
2024-04-21,RCPT00001992,ST21,SKU03647,CUST01327,1,1456.54,1456.54,In-Store,0.0,
2024-04-21,RCPT00001992,ST21,SKU00952,CUST01327,2,288.12,576.24,In-Store,0.0,
2024-10-21,RCPT00001993,ST30,SKU03991,CUST02108,1,2711.33,2711.33,Online,0.0,
2024-10-21,RCPT00001993,ST30,SKU02402,CUST02108,1,212.06,212.06,Online,0.0,
2024-10-21,RCPT00001993,ST30,SKU01535,CUST02108,1,296.6,296.6,Online,0.0,
2024-10-21,RCPT00001993,ST30,SKU03622,CUST02108,2,288.6,577.2,Online,0.0,
2022-08-10,RCPT00001994,ST18,SKU01908,CUST05140,1,2110.37,2110.37,In-Store,0.0,
2022-08-10,RCPT00001994,ST18,SKU03149,CUST05140,2,610.58,1221.16,In-Store,0.0,
2024-11-03,RCPT00001995,ST29,SKU00505,CUST00471,2,353.96,707.92,In-Store,0.0,
2024-11-03,RCPT00001995,ST29,SKU03727,CUST00471,1,1660.93,1660.93,In-Store,0.0,
2024-11-03,RCPT00001995,ST29,SKU02601,CUST00471,2,34.52,62.21,In-Store,9.9,PROMO009
2024-11-03,RCPT00001995,ST29,SKU04321,CUST00471,2,961.3,1922.6,In-Store,0.0,
2024-10-29,RCPT00001996,ST25,SKU02769,CUST01608,3,725.22,2175.66,In-Store,0.0,
2024-10-29,RCPT00001996,ST25,SKU00596,CUST01608,2,468.99,937.98,In-Store,0.0,
2024-03-26,RCPT00001997,ST04,SKU02138,CUST02844,3,799.69,1348.28,Online,43.8,PROMO075
2024-03-26,RCPT00001997,ST04,SKU04140,CUST02844,2,331.4,372.49,Online,43.8,PROMO075
2024-03-26,RCPT00001997,ST04,SKU03069,CUST02844,1,296.3,166.52,Online,43.8,PROMO075
2022-03-14,RCPT00001998,ST20,SKU04321,CUST01134,4,961.3,3845.2,Online,0.0,
2022-03-14,RCPT00001998,ST20,SKU03055,CUST01134,5,130.59,652.95,Online,0.0,
2022-03-14,RCPT00001998,ST20,SKU01836,CUST01134,1,1656.58,1656.58,Online,0.0,
2022-03-14,RCPT00001998,ST20,SKU01239,CUST01134,2,2148.74,4297.48,Online,0.0,
2024-06-22,RCPT00001999,ST13,SKU02028,CUST07420,1,349.07,270.18,Mobile App,22.6,PROMO045
2024-06-22,RCPT00001999,ST13,SKU04611,CUST07420,5,272.61,1055.0,Mobile App,22.6,PROMO045
2025-03-17,RCPT00002000,ST07,SKU02540,CUST04165,1,309.18,309.18,In-Store,0.0,
2023-05-03,RCPT00002001,ST30,SKU03149,CUST02520,1,610.58,610.58,In-Store,0.0,
2023-05-03,RCPT00002001,ST30,SKU04321,CUST02520,1,961.3,961.3,In-Store,0.0,
2025-07-16,RCPT00002002,ST17,SKU02538,CUST01075,2,216.58,433.16,In-Store,0.0,
2025-03-10,RCPT00002003,ST29,SKU01787,CUST05876,2,444.45,888.9,In-Store,0.0,
2024-11-12,RCPT00002004,ST04,SKU03025,CUST05057,1,396.16,396.16,Mobile App,0.0,
2025-12-28,RCPT00002005,ST29,SKU00125,CUST07524,2,477.75,955.5,In-Store,0.0,
2022-07-30,RCPT00002006,ST12,SKU04853,CUST07387,2,541.65,1083.3,Online,0.0,
2022-07-30,RCPT00002006,ST12,SKU03550,CUST07387,2,865.57,1731.14,Online,0.0,
2025-11-04,RCPT00002007,ST30,SKU00190,CUST04637,1,145.42,145.42,In-Store,0.0,
2025-11-04,RCPT00002007,ST30,SKU03232,CUST04637,1,2223.84,2223.84,In-Store,0.0,
2024-11-20,RCPT00002008,ST25,SKU03855,CUST09676,2,683.9,1367.8,In-Store,0.0,
2023-05-08,RCPT00002009,ST17,SKU02879,CUST02405,1,131.72,131.72,Online,0.0,
2023-05-08,RCPT00002009,ST17,SKU04305,CUST02405,1,782.22,782.22,Online,0.0,
2023-11-26,RCPT00002010,ST06,SKU04154,CUST03969,1,351.77,351.77,Online,0.0,
2023-11-26,RCPT00002010,ST06,SKU01045,CUST03969,1,451.29,451.29,Online,0.0,
2023-02-05,RCPT00002011,ST18,SKU02163,CUST08009,2,791.7,1583.4,In-Store,0.0,
2025-03-17,RCPT00002012,ST16,SKU00942,CUST07491,3,172.9,518.7,Online,0.0,
2025-03-17,RCPT00002012,ST16,SKU01685,CUST07491,4,135.27,541.08,Online,0.0,
2024-03-05,RCPT00002013,ST21,SKU00020,CUST04349,1,109.5,109.5,In-Store,0.0,
2023-05-16,RCPT00002014,ST07,SKU04460,CUST07224,1,322.19,322.19,Online,0.0,
2023-05-16,RCPT00002014,ST07,SKU03495,CUST07224,1,77.84,77.84,Online,0.0,
2023-05-16,RCPT00002014,ST07,SKU00942,CUST07224,2,172.9,345.8,Online,0.0,
2025-09-14,RCPT00002015,ST29,SKU02807,CUST01585,2,185.26,370.52,In-Store,0.0,
2025-03-14,RCPT00002016,ST04,SKU02366,CUST01861,2,1439.58,2879.16,In-Store,0.0,
2025-03-14,RCPT00002016,ST04,SKU02297,CUST01861,2,1276.77,2553.54,In-Store,0.0,
2025-12-09,RCPT00002017,ST27,SKU01746,CUST08788,1,1073.45,1073.45,Online,0.0,
2022-05-18,RCPT00002018,ST17,SKU04321,CUST06235,1,961.3,961.3,In-Store,0.0,
2025-01-09,RCPT00002019,ST21,SKU03004,CUST02431,5,2087.35,10436.75,Online,0.0,
2025-01-09,RCPT00002019,ST21,SKU04649,CUST02431,1,541.59,541.59,Online,0.0,
2023-03-08,RCPT00002020,ST11,SKU03906,CUST04718,2,125.53,251.06,Online,0.0,
2023-03-08,RCPT00002020,ST11,SKU00062,CUST04718,1,499.45,499.45,Online,0.0,
2023-03-08,RCPT00002020,ST11,SKU02449,CUST04718,2,137.83,216.12,Online,21.6,PROMO066
2023-03-08,RCPT00002020,ST11,SKU04728,CUST04718,4,217.88,871.52,Online,0.0,
2023-03-08,RCPT00002020,ST11,SKU01259,CUST04718,3,371.59,1114.77,Online,0.0,
2023-07-05,RCPT00002021,ST16,SKU03840,CUST08343,2,255.12,510.24,Online,0.0,
2023-07-05,RCPT00002021,ST16,SKU00287,CUST08343,1,881.37,763.27,Online,13.4,PROMO055
2024-07-15,RCPT00002022,ST23,SKU01136,CUST09844,1,306.5,237.23,Mobile App,22.6,PROMO045
2024-07-15,RCPT00002022,ST23,SKU00462,CUST09844,5,241.55,934.8,Mobile App,22.6,PROMO045
2025-09-12,RCPT00002023,ST01,SKU00283,CUST09950,3,560.13,1680.39,Online,0.0,
2025-09-12,RCPT00002023,ST01,SKU00597,CUST09950,1,655.29,655.29,Online,0.0,
2024-02-05,RCPT00002024,ST28,SKU00791,CUST08351,2,565.04,1130.08,In-Store,0.0,
2024-02-05,RCPT00002024,ST28,SKU04321,CUST08351,1,961.3,961.3,In-Store,0.0,
2024-02-05,RCPT00002024,ST28,SKU02399,CUST08351,3,178.53,535.59,In-Store,0.0,
2024-02-05,RCPT00002024,ST28,SKU03213,CUST08351,1,226.59,226.59,In-Store,0.0,
2023-04-02,RCPT00002025,ST04,SKU02958,CUST07744,1,521.69,521.69,In-Store,0.0,
2024-08-19,RCPT00002026,ST06,SKU02872,CUST07288,1,77.44,77.44,Mobile App,0.0,
2024-12-14,RCPT00002027,ST05,SKU00077,CUST09015,5,1562.82,7814.1,In-Store,0.0,
2024-03-04,RCPT00002028,ST16,SKU01117,CUST02002,1,157.6,157.6,Online,0.0,
2024-03-04,RCPT00002028,ST16,SKU02858,CUST02002,3,90.7,272.1,Online,0.0,
2022-08-27,RCPT00002029,ST08,SKU04783,CUST09753,2,1943.37,3536.93,In-Store,9.0,PROMO033
2022-08-27,RCPT00002029,ST08,SKU03727,CUST09753,2,1660.93,3022.89,In-Store,9.0,PROMO033
2025-03-10,RCPT00002030,ST24,SKU04822,CUST08625,2,457.47,914.94,Online,0.0,
2025-03-10,RCPT00002030,ST24,SKU01988,CUST08625,1,331.12,331.12,Online,0.0,
2023-07-17,RCPT00002031,ST19,SKU04321,CUST03466,1,961.3,722.9,In-Store,24.8,PROMO061
2025-04-22,RCPT00002032,ST14,SKU02683,CUST05034,1,371.82,371.82,Online,0.0,
2023-11-11,RCPT00002033,ST17,SKU01404,CUST02381,3,1213.28,3639.84,In-Store,0.0,
2023-11-11,RCPT00002033,ST17,SKU01217,CUST02381,4,184.17,736.68,In-Store,0.0,
2023-03-19,RCPT00002034,ST16,SKU04653,CUST06389,2,179.35,333.59,In-Store,7.0,PROMO002
2023-03-19,RCPT00002034,ST16,SKU00050,CUST06389,1,34.08,31.69,In-Store,7.0,PROMO002
2023-03-19,RCPT00002034,ST16,SKU02074,CUST06389,1,110.03,102.33,In-Store,7.0,PROMO002
2023-03-19,RCPT00002034,ST16,SKU02860,CUST06389,2,1859.24,2562.03,In-Store,31.1,PROMO079
2023-03-19,RCPT00002034,ST16,SKU04154,CUST06389,2,351.77,654.29,In-Store,7.0,PROMO002
2022-12-26,RCPT00002035,ST27,SKU01870,CUST08427,1,226.16,226.16,In-Store,0.0,
2022-12-26,RCPT00002035,ST27,SKU01048,CUST08427,1,96.18,96.18,In-Store,0.0,
2024-09-06,RCPT00002036,ST20,SKU03246,CUST03730,2,2508.18,5016.36,Online,0.0,
2025-02-18,RCPT00002037,ST23,SKU04756,CUST09864,5,665.32,1852.92,In-Store,44.3,PROMO041
2024-08-23,RCPT00002038,ST20,SKU00849,CUST09387,3,106.11,318.33,In-Store,0.0,
2025-09-12,RCPT00002039,ST16,SKU02896,CUST07611,1,1512.83,1512.83,Mobile App,0.0,
2022-12-18,RCPT00002040,ST30,SKU04926,CUST02193,1,458.92,458.92,Online,0.0,
2022-12-18,RCPT00002040,ST30,SKU04293,CUST02193,2,907.97,1659.77,Online,8.6,PROMO095
2022-12-18,RCPT00002040,ST30,SKU00376,CUST02193,5,207.45,1037.25,Online,0.0,
2022-12-18,RCPT00002040,ST30,SKU02532,CUST02193,2,115.67,231.34,Online,0.0,
2024-02-07,RCPT00002041,ST18,SKU01783,CUST05617,1,396.76,396.76,Online,0.0,
2023-09-09,RCPT00002042,ST17,SKU01111,CUST02010,1,301.5,263.21,Online,12.7,PROMO010
2023-12-22,RCPT00002043,ST11,SKU00976,CUST07375,1,268.42,268.42,In-Store,0.0,
2022-01-03,RCPT00002044,ST29,SKU01846,CUST04478,4,189.44,757.76,In-Store,0.0,
2022-06-11,RCPT00002045,ST30,SKU02335,CUST03570,1,393.56,225.12,Online,42.8,PROMO022
2022-06-11,RCPT00002045,ST30,SKU03572,CUST03570,2,654.81,749.1,Online,42.8,PROMO022
2022-06-11,RCPT00002045,ST30,SKU03901,CUST03570,2,110.45,126.35,Online,42.8,PROMO022
2022-06-11,RCPT00002045,ST30,SKU00994,CUST03570,1,602.13,344.42,Online,42.8,PROMO022
2023-11-26,RCPT00002046,ST05,SKU03503,CUST02737,3,225.31,675.93,In-Store,0.0,
2024-12-21,RCPT00002047,ST26,SKU04381,CUST00456,3,192.07,576.21,Online,0.0,
2023-12-22,RCPT00002048,ST12,SKU03193,CUST06570,2,259.16,518.32,Mobile App,0.0,
2023-12-22,RCPT00002048,ST12,SKU03526,CUST06570,5,154.53,772.65,Mobile App,0.0,
2023-12-22,RCPT00002048,ST12,SKU04830,CUST06570,3,258.35,775.05,Mobile App,0.0,
2025-08-29,RCPT00002049,ST18,SKU02481,CUST00448,1,130.24,130.24,In-Store,0.0,
2025-08-29,RCPT00002049,ST18,SKU03836,CUST00448,5,442.52,2212.6,In-Store,0.0,
2025-08-22,RCPT00002050,ST05,SKU03415,CUST03917,3,1197.64,3592.92,Online,0.0,
2024-03-17,RCPT00002051,ST22,SKU04215,CUST00921,1,508.26,285.64,In-Store,43.8,PROMO075
2024-05-18,RCPT00002052,ST04,SKU01120,CUST09797,2,213.08,286.38,In-Store,32.8,PROMO036
2023-02-01,RCPT00002053,ST24,SKU03077,CUST03303,2,377.75,755.5,In-Store,0.0,
2023-02-01,RCPT00002053,ST24,SKU02957,CUST03303,1,1043.91,1043.91,In-Store,0.0,
2023-02-01,RCPT00002053,ST24,SKU03030,CUST03303,1,108.63,108.63,In-Store,0.0,
2022-12-16,RCPT00002054,ST01,SKU00947,CUST00133,1,634.05,634.05,Mobile App,0.0,
2024-05-24,RCPT00002055,ST03,SKU04596,CUST04110,2,335.55,671.1,Online,0.0,
2024-05-24,RCPT00002055,ST03,SKU03939,CUST04110,2,126.76,139.69,Online,44.9,PROMO065
2024-08-21,RCPT00002056,ST02,SKU04321,CUST09937,3,961.3,2883.9,Online,0.0,
2024-08-21,RCPT00002056,ST02,SKU04321,CUST09937,4,961.3,3845.2,Online,0.0,
2025-08-09,RCPT00002057,ST08,SKU01595,CUST04983,2,170.68,341.36,In-Store,0.0,
2025-08-09,RCPT00002057,ST08,SKU04596,CUST04983,1,335.55,335.55,In-Store,0.0,
2024-08-29,RCPT00002058,ST10,SKU04572,CUST03298,2,1130.67,2261.34,In-Store,0.0,
2024-08-29,RCPT00002058,ST10,SKU04159,CUST03298,1,2188.36,2188.36,In-Store,0.0,
2024-08-29,RCPT00002058,ST10,SKU03727,CUST03298,2,1660.93,3321.86,In-Store,0.0,
2023-11-20,RCPT00002059,ST05,SKU00983,CUST05087,3,1292.33,3876.99,In-Store,0.0,
2023-11-20,RCPT00002059,ST05,SKU00035,CUST05087,2,215.32,430.64,In-Store,0.0,
2025-02-11,RCPT00002060,ST01,SKU03688,CUST07591,2,671.66,748.23,Online,44.3,PROMO041
2025-02-11,RCPT00002060,ST01,SKU04329,CUST07591,2,2452.07,2731.61,Online,44.3,PROMO041
2025-08-29,RCPT00002061,ST02,SKU00014,CUST03379,1,161.5,161.5,In-Store,0.0,
2023-05-20,RCPT00002062,ST14,SKU03586,CUST03617,2,140.05,280.1,In-Store,0.0,
2024-06-27,RCPT00002063,ST05,SKU00164,CUST05063,1,113.99,88.23,In-Store,22.6,PROMO045
2024-09-28,RCPT00002064,ST26,SKU04154,CUST09250,1,351.77,256.79,In-Store,27.0,PROMO094
2023-03-29,RCPT00002065,ST01,SKU02270,CUST05706,1,153.74,153.74,Mobile App,0.0,
2023-03-29,RCPT00002065,ST01,SKU03473,CUST05706,3,195.88,587.64,Mobile App,0.0,
2024-12-03,RCPT00002066,ST29,SKU03673,CUST01204,1,619.3,619.3,Online,0.0,
2024-12-03,RCPT00002066,ST29,SKU04321,CUST01204,3,961.3,2883.9,Online,0.0,
2024-12-03,RCPT00002066,ST29,SKU03876,CUST01204,1,232.78,232.78,Online,0.0,
2022-02-06,RCPT00002067,ST28,SKU03403,CUST08824,1,97.13,97.13,Online,0.0,
2022-01-04,RCPT00002068,ST04,SKU00942,CUST02596,2,172.9,345.8,In-Store,0.0,
2022-01-04,RCPT00002068,ST04,SKU00042,CUST02596,1,1110.09,1110.09,In-Store,0.0,
2023-08-14,RCPT00002069,ST09,SKU02532,CUST03625,5,115.67,578.35,In-Store,0.0,
2023-08-14,RCPT00002069,ST09,SKU00445,CUST03625,2,87.15,174.3,In-Store,0.0,
2023-08-14,RCPT00002069,ST09,SKU04596,CUST03625,1,335.55,335.55,In-Store,0.0,
2023-02-05,RCPT00002070,ST23,SKU00566,CUST01408,3,1220.47,3661.41,In-Store,0.0,
2024-04-10,RCPT00002071,ST17,SKU01438,CUST02898,2,298.01,299.2,Mobile App,49.8,PROMO019
2024-02-14,RCPT00002072,ST20,SKU04381,CUST02283,2,192.07,384.14,In-Store,0.0,
2024-02-14,RCPT00002072,ST20,SKU00286,CUST02283,3,64.45,193.35,In-Store,0.0,
2024-02-14,RCPT00002072,ST20,SKU04010,CUST02283,2,253.31,506.62,In-Store,0.0,
2024-02-14,RCPT00002072,ST20,SKU03489,CUST02283,1,62.41,62.41,In-Store,0.0,
2025-11-29,RCPT00002073,ST30,SKU03323,CUST04689,1,3001.52,3001.52,In-Store,0.0,
2024-01-18,RCPT00002074,ST18,SKU04046,CUST02064,2,114.83,229.66,Mobile App,0.0,
2024-01-18,RCPT00002074,ST18,SKU02878,CUST02064,5,2895.0,14475.0,Mobile App,0.0,
2024-01-18,RCPT00002074,ST18,SKU04321,CUST02064,4,961.3,3845.2,Mobile App,0.0,
2024-01-18,RCPT00002074,ST18,SKU00359,CUST02064,2,210.99,421.98,Mobile App,0.0,
2024-05-12,RCPT00002075,ST04,SKU04199,CUST09483,1,1729.75,1162.39,In-Store,32.8,PROMO036
2024-05-12,RCPT00002075,ST04,SKU03028,CUST09483,2,242.32,325.68,In-Store,32.8,PROMO036
2024-05-12,RCPT00002075,ST04,SKU04288,CUST09483,1,172.44,115.88,In-Store,32.8,PROMO036
2023-09-02,RCPT00002076,ST10,SKU04676,CUST08282,2,398.8,696.3,Mobile App,12.7,PROMO010
2022-07-04,RCPT00002077,ST26,SKU01420,CUST08182,1,213.65,213.65,Mobile App,0.0,
2022-07-04,RCPT00002077,ST26,SKU03313,CUST08182,2,322.08,644.16,Mobile App,0.0,
2022-07-04,RCPT00002077,ST26,SKU03283,CUST08182,1,93.64,93.64,Mobile App,0.0,
2025-07-20,RCPT00002078,ST03,SKU01055,CUST07065,1,916.38,916.38,Online,0.0,
2025-07-20,RCPT00002078,ST03,SKU04362,CUST07065,3,233.42,700.26,Online,0.0,
2025-07-20,RCPT00002078,ST03,SKU03907,CUST07065,1,876.73,876.73,Online,0.0,
2022-02-05,RCPT00002079,ST07,SKU04186,CUST07212,2,176.5,353.0,Online,0.0,
2022-02-05,RCPT00002079,ST07,SKU03340,CUST07212,2,2111.32,4222.64,Online,0.0,
2022-02-05,RCPT00002079,ST07,SKU04508,CUST07212,2,375.55,751.1,Online,0.0,
2022-02-05,RCPT00002079,ST07,SKU03009,CUST07212,1,2815.76,2815.76,Online,0.0,
2024-04-18,RCPT00002080,ST03,SKU00006,CUST03842,1,1413.92,1413.92,Mobile App,0.0,
2024-04-18,RCPT00002080,ST03,SKU02745,CUST03842,2,241.52,483.04,Mobile App,0.0,
2024-03-28,RCPT00002081,ST30,SKU02984,CUST05432,2,365.1,410.37,In-Store,43.8,PROMO075
2022-02-15,RCPT00002082,ST15,SKU02931,CUST05155,3,127.7,383.1,In-Store,0.0,
2022-11-09,RCPT00002083,ST13,SKU00286,CUST01802,1,64.45,64.45,In-Store,0.0,
2022-11-09,RCPT00002083,ST13,SKU03762,CUST01802,1,220.73,220.73,In-Store,0.0,
2025-11-01,RCPT00002084,ST20,SKU02251,CUST02298,2,183.16,366.32,Online,0.0,
2025-11-01,RCPT00002084,ST20,SKU00047,CUST02298,1,289.44,289.44,Online,0.0,
2024-12-02,RCPT00002085,ST21,SKU00832,CUST05192,3,946.53,2839.59,Mobile App,0.0,
2024-12-02,RCPT00002085,ST21,SKU00050,CUST05192,3,34.08,102.24,Mobile App,0.0,
2022-08-11,RCPT00002086,ST04,SKU01184,CUST09573,1,891.4,891.4,In-Store,0.0,
2022-08-11,RCPT00002086,ST04,SKU02592,CUST09573,1,107.17,107.17,In-Store,0.0,
2022-08-11,RCPT00002086,ST04,SKU00692,CUST09573,1,235.52,235.52,In-Store,0.0,
2022-08-19,RCPT00002087,ST22,SKU04500,CUST06921,1,157.68,157.68,In-Store,0.0,
2022-08-19,RCPT00002087,ST22,SKU04091,CUST06921,4,590.54,2362.16,In-Store,0.0,
2022-08-19,RCPT00002087,ST22,SKU02141,CUST06921,2,471.88,943.76,In-Store,0.0,
2025-03-29,RCPT00002088,ST18,SKU00088,CUST07886,1,148.62,148.62,In-Store,0.0,
2025-03-29,RCPT00002088,ST18,SKU04321,CUST07886,2,961.3,1632.29,In-Store,15.1,PROMO067
2025-03-29,RCPT00002088,ST18,SKU00190,CUST07886,2,145.42,290.84,In-Store,0.0,
2025-03-29,RCPT00002088,ST18,SKU03947,CUST07886,4,464.65,1858.6,In-Store,0.0,
2025-09-25,RCPT00002089,ST23,SKU03921,CUST06574,2,69.99,124.44,Online,11.1,PROMO006
2025-11-06,RCPT00002090,ST22,SKU01420,CUST08555,1,213.65,213.65,Online,0.0,
2024-11-13,RCPT00002091,ST29,SKU04596,CUST08482,4,335.55,1342.2,In-Store,0.0,
2024-11-13,RCPT00002091,ST29,SKU04773,CUST08482,2,434.24,868.48,In-Store,0.0,
2023-05-24,RCPT00002092,ST09,SKU02526,CUST01030,4,698.11,2792.44,In-Store,0.0,
2023-05-24,RCPT00002092,ST09,SKU01775,CUST01030,1,204.15,204.15,In-Store,0.0,
2023-05-24,RCPT00002092,ST09,SKU00774,CUST01030,4,94.61,378.44,In-Store,0.0,
2023-05-24,RCPT00002092,ST09,SKU01491,CUST01030,2,848.79,1697.58,In-Store,0.0,
2023-10-23,RCPT00002093,ST05,SKU02615,CUST02265,1,118.71,118.71,In-Store,0.0,
2023-10-23,RCPT00002093,ST05,SKU01760,CUST02265,1,257.59,131.63,In-Store,48.9,PROMO077
2023-10-23,RCPT00002093,ST05,SKU02930,CUST02265,2,170.16,340.32,In-Store,0.0,
2022-12-21,RCPT00002094,ST15,SKU04321,CUST04313,2,961.3,1922.6,Online,0.0,
2022-09-22,RCPT00002095,ST27,SKU04622,CUST08755,5,2025.83,10129.15,In-Store,0.0,
2022-09-22,RCPT00002095,ST27,SKU04824,CUST08755,2,1024.94,2049.88,In-Store,0.0,
2022-09-22,RCPT00002095,ST27,SKU03088,CUST08755,4,223.55,894.2,In-Store,0.0,
2023-03-14,RCPT00002096,ST03,SKU01013,CUST02782,1,964.27,696.2,Online,27.8,PROMO078
2023-03-14,RCPT00002096,ST03,SKU04657,CUST02782,3,395.47,1103.36,Online,7.0,PROMO002
2024-02-26,RCPT00002097,ST27,SKU04060,CUST09051,3,983.88,2951.64,In-Store,0.0,
2024-02-26,RCPT00002097,ST27,SKU01656,CUST09051,3,553.42,1660.26,In-Store,0.0,
2024-02-26,RCPT00002097,ST27,SKU04755,CUST09051,3,176.07,528.21,In-Store,0.0,
2024-02-26,RCPT00002097,ST27,SKU04321,CUST09051,1,961.3,961.3,In-Store,0.0,
2025-08-28,RCPT00002098,ST30,SKU04321,CUST01864,1,961.3,961.3,Online,0.0,
2025-04-10,RCPT00002099,ST07,SKU04386,CUST05659,1,837.35,837.35,In-Store,0.0,
2025-04-10,RCPT00002099,ST07,SKU01244,CUST05659,2,2224.69,4449.38,In-Store,0.0,
2025-04-10,RCPT00002099,ST07,SKU02465,CUST05659,3,107.75,225.63,In-Store,30.2,PROMO090
2022-07-10,RCPT00002100,ST08,SKU02317,CUST01411,2,287.3,574.6,Online,0.0,
2024-03-11,RCPT00002101,ST29,SKU04321,CUST04615,1,961.3,540.25,In-Store,43.8,PROMO075
2023-06-18,RCPT00002102,ST10,SKU02729,CUST09633,2,883.5,1767.0,In-Store,0.0,
2025-11-06,RCPT00002103,ST11,SKU00369,CUST05684,2,368.93,737.86,Online,0.0,
2024-10-10,RCPT00002104,ST01,SKU01302,CUST06040,1,251.67,251.67,In-Store,0.0,
2024-10-10,RCPT00002104,ST01,SKU04860,CUST06040,1,142.95,107.5,In-Store,24.8,PROMO042
2024-11-02,RCPT00002105,ST28,SKU03198,CUST09683,2,128.85,257.7,In-Store,0.0,
2024-11-02,RCPT00002105,ST28,SKU01920,CUST09683,3,314.41,943.23,In-Store,0.0,
2024-06-07,RCPT00002106,ST22,SKU04508,CUST01942,3,375.55,1126.65,Mobile App,0.0,
2024-06-07,RCPT00002106,ST22,SKU00019,CUST01942,1,394.36,394.36,Mobile App,0.0,
2023-09-19,RCPT00002107,ST18,SKU01194,CUST04552,3,620.84,1862.52,In-Store,0.0,
2025-11-05,RCPT00002108,ST29,SKU01466,CUST06948,1,34.29,34.29,Mobile App,0.0,
2025-11-05,RCPT00002108,ST29,SKU02356,CUST06948,3,160.36,481.08,Mobile App,0.0,
2025-11-05,RCPT00002108,ST29,SKU04668,CUST06948,1,116.64,116.64,Mobile App,0.0,
2022-08-03,RCPT00002109,ST25,SKU04154,CUST00703,2,351.77,703.54,Online,0.0,
2022-08-03,RCPT00002109,ST25,SKU02077,CUST00703,4,448.21,1792.84,Online,0.0,
2022-08-03,RCPT00002109,ST25,SKU03021,CUST00703,4,1165.36,4661.44,Online,0.0,
2025-06-01,RCPT00002110,ST28,SKU02848,CUST06121,1,334.01,334.01,Mobile App,0.0,
2022-01-20,RCPT00002111,ST21,SKU04154,CUST08000,1,351.77,351.77,In-Store,0.0,
2022-01-20,RCPT00002111,ST21,SKU00527,CUST08000,3,763.4,2290.2,In-Store,0.0,
2024-05-22,RCPT00002112,ST26,SKU00396,CUST03249,1,394.96,394.96,Online,0.0,
2023-02-26,RCPT00002113,ST29,SKU03307,CUST02081,1,732.34,732.34,In-Store,0.0,
2024-12-06,RCPT00002114,ST18,SKU00254,CUST04549,1,105.55,105.55,Online,0.0,
2024-12-06,RCPT00002114,ST18,SKU01371,CUST04549,1,1277.61,1277.61,Online,0.0,
2024-12-06,RCPT00002114,ST18,SKU04321,CUST04549,1,961.3,961.3,Online,0.0,
2024-12-06,RCPT00002114,ST18,SKU00677,CUST04549,2,3238.81,6477.62,Online,0.0,
2023-01-27,RCPT00002115,ST30,SKU00994,CUST08191,1,602.13,602.13,In-Store,0.0,
2025-05-17,RCPT00002116,ST26,SKU04294,CUST01184,2,499.57,999.14,In-Store,0.0,
2025-09-17,RCPT00002117,ST27,SKU02047,CUST04589,2,319.7,639.4,Online,0.0,
2025-09-17,RCPT00002117,ST27,SKU04321,CUST04589,1,961.3,961.3,Online,0.0,
2025-09-17,RCPT00002117,ST27,SKU04188,CUST04589,2,180.9,361.8,Online,0.0,
2024-11-23,RCPT00002118,ST21,SKU03000,CUST03596,2,172.96,345.92,Online,0.0,
2024-11-23,RCPT00002118,ST21,SKU00531,CUST03596,1,2949.96,2949.96,Online,0.0,
2024-11-23,RCPT00002118,ST21,SKU04596,CUST03596,3,335.55,1006.65,Online,0.0,
2024-11-23,RCPT00002118,ST21,SKU02858,CUST03596,1,90.7,90.7,Online,0.0,
2024-09-23,RCPT00002119,ST20,SKU00563,CUST02374,1,1115.59,814.38,In-Store,27.0,PROMO094
2023-06-19,RCPT00002120,ST04,SKU00923,CUST03259,2,1212.74,2049.53,In-Store,15.5,PROMO054
2023-06-19,RCPT00002120,ST04,SKU04538,CUST03259,4,215.34,861.36,In-Store,0.0,
2022-05-29,RCPT00002121,ST14,SKU03433,CUST02935,4,162.07,370.82,In-Store,42.8,PROMO022
2022-11-16,RCPT00002122,ST11,SKU02141,CUST02810,1,471.88,471.88,In-Store,0.0,
2025-02-12,RCPT00002123,ST26,SKU01376,CUST04358,3,448.86,750.05,In-Store,44.3,PROMO041
2025-02-12,RCPT00002123,ST26,SKU04321,CUST04358,1,961.3,535.44,In-Store,44.3,PROMO041
2023-01-05,RCPT00002124,ST17,SKU04321,CUST05844,2,961.3,1922.6,Online,0.0,
2023-08-01,RCPT00002125,ST16,SKU02176,CUST08079,1,989.87,497.9,In-Store,49.7,PROMO030
2023-08-01,RCPT00002125,ST16,SKU01993,CUST08079,1,142.17,71.51,In-Store,49.7,PROMO030
2023-08-01,RCPT00002125,ST16,SKU00293,CUST08079,1,132.02,66.41,In-Store,49.7,PROMO030
2023-08-01,RCPT00002125,ST16,SKU00027,CUST08079,1,608.24,305.94,In-Store,49.7,PROMO030
2023-06-20,RCPT00002126,ST07,SKU02854,CUST07984,3,173.3,519.9,Online,0.0,
2023-06-20,RCPT00002126,ST07,SKU01363,CUST07984,1,3184.6,3184.6,Online,0.0,
2023-06-20,RCPT00002126,ST07,SKU00845,CUST07984,2,670.83,1341.66,Online,0.0,
2022-10-08,RCPT00002127,ST29,SKU03322,CUST00742,1,3565.54,3565.54,Online,0.0,
2022-10-08,RCPT00002127,ST29,SKU01631,CUST00742,1,301.59,301.59,Online,0.0,
2022-07-11,RCPT00002128,ST19,SKU03088,CUST09992,2,223.55,447.1,In-Store,0.0,
2025-03-21,RCPT00002129,ST06,SKU02785,CUST09258,2,1136.58,2273.16,In-Store,0.0,
2025-03-21,RCPT00002129,ST06,SKU02930,CUST09258,1,170.16,170.16,In-Store,0.0,
2025-07-10,RCPT00002130,ST17,SKU03834,CUST06320,1,1737.86,1737.86,Mobile App,0.0,
2025-07-10,RCPT00002130,ST17,SKU04812,CUST06320,4,251.69,1006.76,Mobile App,0.0,
2025-07-10,RCPT00002130,ST17,SKU02335,CUST06320,1,393.56,393.56,Mobile App,0.0,
2025-07-10,RCPT00002130,ST17,SKU04810,CUST06320,1,33.31,33.31,Mobile App,0.0,
2023-12-27,RCPT00002131,ST22,SKU01504,CUST09891,1,1287.11,902.26,Mobile App,29.9,PROMO043
2022-01-06,RCPT00002132,ST03,SKU02531,CUST04373,2,143.49,286.98,In-Store,0.0,
2022-01-06,RCPT00002132,ST03,SKU03777,CUST04373,4,361.49,1445.96,In-Store,0.0,
2025-12-29,RCPT00002133,ST30,SKU03546,CUST06453,1,496.17,496.17,Online,0.0,
2025-12-29,RCPT00002133,ST30,SKU04309,CUST06453,2,126.84,253.68,Online,0.0,
2025-12-29,RCPT00002133,ST30,SKU03854,CUST06453,3,482.43,1447.29,Online,0.0,
2025-12-29,RCPT00002133,ST30,SKU00893,CUST06453,1,690.66,690.66,Online,0.0,
2024-09-21,RCPT00002134,ST28,SKU03727,CUST01177,3,1660.93,4982.79,Online,0.0,
2024-10-17,RCPT00002135,ST09,SKU04321,CUST08491,1,961.3,961.3,Online,0.0,
2024-10-17,RCPT00002135,ST09,SKU00030,CUST08491,1,402.34,402.34,Online,0.0,
2022-05-10,RCPT00002136,ST02,SKU03548,CUST06684,1,170.33,170.33,In-Store,0.0,
2022-05-10,RCPT00002136,ST02,SKU01160,CUST06684,1,762.62,762.62,In-Store,0.0,
2022-05-10,RCPT00002136,ST02,SKU02298,CUST06684,3,759.4,2278.2,In-Store,0.0,
2022-10-23,RCPT00002137,ST29,SKU02892,CUST00988,1,77.05,77.05,In-Store,0.0,
2023-05-20,RCPT00002138,ST21,SKU00763,CUST08253,2,371.03,742.06,Mobile App,0.0,
2023-05-20,RCPT00002138,ST21,SKU04782,CUST08253,2,1639.0,3278.0,Mobile App,0.0,
2025-06-01,RCPT00002139,ST23,SKU01315,CUST05278,1,1695.35,1695.35,Online,0.0,
2025-06-01,RCPT00002139,ST23,SKU01016,CUST05278,3,98.16,294.48,Online,0.0,
2025-06-01,RCPT00002139,ST23,SKU04321,CUST05278,3,961.3,2883.9,Online,0.0,
2025-06-01,RCPT00002139,ST23,SKU04926,CUST05278,1,458.92,458.92,Online,0.0,
2025-05-10,RCPT00002140,ST08,SKU02117,CUST01048,2,3413.2,6826.4,Online,0.0,
2022-06-29,RCPT00002141,ST13,SKU02449,CUST03759,3,137.83,413.49,In-Store,0.0,
2022-06-29,RCPT00002141,ST13,SKU04125,CUST03759,4,219.82,879.28,In-Store,0.0,
2024-05-13,RCPT00002142,ST01,SKU04920,CUST06918,3,31.96,64.43,In-Store,32.8,PROMO036
2025-03-19,RCPT00002143,ST06,SKU04255,CUST02710,2,285.12,570.24,Online,0.0,
2025-09-11,RCPT00002144,ST15,SKU04783,CUST01642,3,1943.37,5830.11,In-Store,0.0,
2025-11-11,RCPT00002145,ST29,SKU01172,CUST03880,2,302.18,604.36,In-Store,0.0,
2025-10-17,RCPT00002146,ST18,SKU00823,CUST01860,2,183.03,366.06,In-Store,0.0,
2025-10-17,RCPT00002146,ST18,SKU02368,CUST01860,1,849.39,849.39,In-Store,0.0,
2025-10-17,RCPT00002146,ST18,SKU01538,CUST01860,2,384.58,769.16,In-Store,0.0,
2024-08-21,RCPT00002147,ST07,SKU04321,CUST04791,3,961.3,2883.9,In-Store,0.0,
2024-08-21,RCPT00002147,ST07,SKU02056,CUST04791,1,1399.72,1399.72,In-Store,0.0,
2024-08-21,RCPT00002147,ST07,SKU02052,CUST04791,2,277.43,554.86,In-Store,0.0,
2024-06-24,RCPT00002148,ST20,SKU00750,CUST01904,4,1027.66,3181.64,In-Store,22.6,PROMO045
2023-10-18,RCPT00002149,ST23,SKU04375,CUST02048,1,1761.68,1761.68,In-Store,0.0,
2025-11-10,RCPT00002150,ST04,SKU04995,CUST08588,1,1081.35,1081.35,Online,0.0,
2025-05-14,RCPT00002151,ST22,SKU00628,CUST01093,1,135.8,135.8,In-Store,0.0,
2025-05-14,RCPT00002151,ST22,SKU01668,CUST01093,2,212.25,424.5,In-Store,0.0,
2025-05-14,RCPT00002151,ST22,SKU00914,CUST01093,3,3426.97,10280.91,In-Store,0.0,
2023-09-26,RCPT00002152,ST28,SKU00485,CUST05437,2,50.23,100.46,In-Store,0.0,
2023-09-26,RCPT00002152,ST28,SKU00062,CUST05437,2,499.45,998.9,In-Store,0.0,
2023-05-08,RCPT00002153,ST23,SKU03271,CUST01362,2,587.02,1174.04,In-Store,0.0,
2022-12-11,RCPT00002154,ST27,SKU01524,CUST00515,1,1864.17,1864.17,In-Store,0.0,
2022-12-11,RCPT00002154,ST27,SKU04154,CUST00515,1,351.77,351.77,In-Store,0.0,
2022-12-11,RCPT00002154,ST27,SKU02449,CUST00515,3,137.83,413.49,In-Store,0.0,
2023-10-22,RCPT00002155,ST09,SKU03844,CUST06446,3,100.64,301.92,In-Store,0.0,
2022-03-31,RCPT00002156,ST10,SKU02395,CUST03930,1,823.21,823.21,In-Store,0.0,
2025-05-21,RCPT00002157,ST15,SKU00994,CUST05415,1,602.13,602.13,Online,0.0,
2025-05-21,RCPT00002157,ST15,SKU02563,CUST05415,2,180.04,360.08,Online,0.0,
2024-01-19,RCPT00002158,ST09,SKU01046,CUST09643,2,708.58,1417.16,In-Store,0.0,
2022-10-15,RCPT00002159,ST01,SKU02892,CUST00236,1,77.05,77.05,In-Store,0.0,
2022-10-15,RCPT00002159,ST01,SKU02657,CUST00236,2,128.75,257.5,In-Store,0.0,
2025-10-02,RCPT00002160,ST25,SKU02150,CUST05866,2,1382.56,2765.12,Online,0.0,
2023-08-24,RCPT00002161,ST27,SKU00079,CUST07439,1,197.9,172.77,Mobile App,12.7,PROMO010
2025-08-31,RCPT00002162,ST30,SKU03126,CUST09993,2,130.29,260.58,Online,0.0,
2022-07-01,RCPT00002163,ST20,SKU02837,CUST02191,1,2677.22,2677.22,In-Store,0.0,
2022-04-08,RCPT00002164,ST18,SKU01045,CUST01615,1,451.29,451.29,In-Store,0.0,
2022-04-08,RCPT00002164,ST18,SKU01756,CUST01615,1,147.79,147.79,In-Store,0.0,
2023-10-22,RCPT00002165,ST25,SKU04207,CUST05753,1,165.9,84.77,In-Store,48.9,PROMO077
2023-10-22,RCPT00002165,ST25,SKU00740,CUST05753,2,152.31,304.62,In-Store,0.0,
2025-06-26,RCPT00002166,ST29,SKU00949,CUST06299,2,210.68,332.03,In-Store,21.2,PROMO060
2022-10-21,RCPT00002167,ST15,SKU04284,CUST06616,1,89.66,89.66,Online,0.0,
2023-02-13,RCPT00002168,ST04,SKU00190,CUST06491,1,145.42,145.42,In-Store,0.0,
2023-02-07,RCPT00002169,ST22,SKU03977,CUST02293,1,227.8,227.8,In-Store,0.0,
2023-02-07,RCPT00002169,ST22,SKU01278,CUST02293,2,1156.55,2313.1,In-Store,0.0,
2023-05-12,RCPT00002170,ST05,SKU00518,CUST08004,2,374.69,749.38,Online,0.0,
2023-05-12,RCPT00002170,ST05,SKU01530,CUST08004,2,295.91,591.82,Online,0.0,
2025-12-01,RCPT00002171,ST29,SKU00109,CUST00253,2,102.67,205.34,Mobile App,0.0,
2025-12-01,RCPT00002171,ST29,SKU04779,CUST00253,5,192.22,961.1,Mobile App,0.0,
2025-12-01,RCPT00002171,ST29,SKU01059,CUST00253,1,176.99,176.99,Mobile App,0.0,
2023-01-23,RCPT00002172,ST03,SKU04184,CUST06648,1,853.17,853.17,Online,0.0,
2023-01-23,RCPT00002172,ST03,SKU04596,CUST06648,2,335.55,671.1,Online,0.0,
2023-01-23,RCPT00002172,ST03,SKU04824,CUST06648,1,1024.94,1024.94,Online,0.0,
2024-10-24,RCPT00002173,ST25,SKU01357,CUST01636,1,1062.03,1062.03,Online,0.0,
2023-07-11,RCPT00002174,ST18,SKU04339,CUST07310,1,1534.07,1534.07,In-Store,0.0,
2023-07-11,RCPT00002174,ST18,SKU00671,CUST07310,3,315.04,945.12,In-Store,0.0,
2022-06-20,RCPT00002175,ST23,SKU02737,CUST09980,1,315.14,315.14,Mobile App,0.0,
2024-10-01,RCPT00002176,ST06,SKU02198,CUST08684,1,734.76,536.37,Mobile App,27.0,PROMO094
2024-10-01,RCPT00002176,ST06,SKU01265,CUST08684,4,1099.45,3210.39,Mobile App,27.0,PROMO094
2024-10-01,RCPT00002176,ST06,SKU03373,CUST08684,2,1636.4,2389.14,Mobile App,27.0,PROMO094
2024-10-01,RCPT00002176,ST06,SKU03610,CUST08684,2,462.94,675.89,Mobile App,27.0,PROMO094
2022-05-12,RCPT00002177,ST14,SKU00113,CUST06764,2,136.55,273.1,Online,0.0,
2022-05-12,RCPT00002177,ST14,SKU03682,CUST06764,3,34.13,102.39,Online,0.0,
2022-05-12,RCPT00002177,ST14,SKU04355,CUST06764,1,84.69,84.69,Online,0.0,
2022-05-12,RCPT00002177,ST14,SKU04016,CUST06764,1,1492.65,1492.65,Online,0.0,
2022-12-04,RCPT00002178,ST24,SKU01667,CUST03882,2,161.47,322.94,In-Store,0.0,
2022-12-04,RCPT00002178,ST24,SKU00171,CUST03882,2,253.93,507.86,In-Store,0.0,
2022-12-04,RCPT00002178,ST24,SKU02705,CUST03882,2,3268.55,6537.1,In-Store,0.0,
2022-12-28,RCPT00002179,ST29,SKU01675,CUST04759,2,922.38,1844.76,In-Store,0.0,
2022-12-28,RCPT00002179,ST29,SKU04969,CUST04759,1,658.15,658.15,In-Store,0.0,
2023-08-07,RCPT00002180,ST26,SKU04608,CUST03962,3,173.43,261.71,Online,49.7,PROMO030
2023-08-07,RCPT00002180,ST26,SKU02167,CUST03962,5,189.86,477.5,Online,49.7,PROMO030
2023-08-07,RCPT00002180,ST26,SKU02008,CUST03962,3,935.7,1411.97,Online,49.7,PROMO030
2023-08-07,RCPT00002180,ST26,SKU02486,CUST03962,1,279.85,140.76,Online,49.7,PROMO030
2023-10-24,RCPT00002181,ST15,SKU00565,CUST05033,2,336.31,343.71,In-Store,48.9,PROMO077
2025-12-14,RCPT00002182,ST06,SKU03459,CUST00142,1,797.02,797.02,In-Store,0.0,
2024-05-07,RCPT00002183,ST15,SKU02613,CUST06264,3,273.94,821.82,Mobile App,0.0,
2024-05-07,RCPT00002183,ST15,SKU02303,CUST06264,2,180.7,340.08,Mobile App,5.9,PROMO016
2025-10-16,RCPT00002184,ST21,SKU00471,CUST03937,1,344.74,344.74,Online,0.0,
2025-10-16,RCPT00002184,ST21,SKU00703,CUST03937,2,154.86,309.72,Online,0.0,
2025-08-05,RCPT00002185,ST19,SKU03639,CUST07771,5,137.55,687.75,In-Store,0.0,
2025-08-05,RCPT00002185,ST19,SKU02840,CUST07771,3,267.04,801.12,In-Store,0.0,
2022-11-24,RCPT00002186,ST29,SKU03174,CUST04209,3,1052.39,2554.15,In-Store,19.1,PROMO086
2022-11-24,RCPT00002186,ST29,SKU00918,CUST04209,1,1559.59,1261.71,In-Store,19.1,PROMO086
2022-11-30,RCPT00002187,ST15,SKU03838,CUST00200,1,259.95,259.95,In-Store,0.0,
2022-11-30,RCPT00002187,ST15,SKU03189,CUST00200,1,300.85,300.85,In-Store,0.0,
2022-11-30,RCPT00002187,ST15,SKU00043,CUST00200,1,615.37,497.83,In-Store,19.1,PROMO086
2022-11-30,RCPT00002187,ST15,SKU04702,CUST00200,1,2187.66,2187.66,In-Store,0.0,
2022-11-30,RCPT00002187,ST15,SKU03772,CUST00200,1,245.96,198.98,In-Store,19.1,PROMO086
2023-06-28,RCPT00002188,ST30,SKU03172,CUST06698,3,96.27,288.81,In-Store,0.0,
2023-06-28,RCPT00002188,ST30,SKU00994,CUST06698,1,602.13,553.36,In-Store,8.1,PROMO058
2022-07-21,RCPT00002189,ST13,SKU03852,CUST08748,1,568.41,568.41,In-Store,0.0,
2022-07-21,RCPT00002189,ST13,SKU04562,CUST08748,1,1316.91,1316.91,In-Store,0.0,
2022-07-21,RCPT00002189,ST13,SKU04720,CUST08748,1,2230.86,2230.86,In-Store,0.0,
2024-02-09,RCPT00002190,ST13,SKU01444,CUST02906,1,346.92,346.92,In-Store,0.0,
2025-04-13,RCPT00002191,ST17,SKU04544,CUST05631,2,361.72,723.44,In-Store,0.0,
2025-04-13,RCPT00002191,ST17,SKU02416,CUST05631,1,105.53,105.53,In-Store,0.0,
2025-04-13,RCPT00002191,ST17,SKU04094,CUST05631,2,203.65,407.3,In-Store,0.0,
2024-02-01,RCPT00002192,ST06,SKU03676,CUST01753,2,1392.72,2785.44,Online,0.0,
2025-05-24,RCPT00002193,ST25,SKU02845,CUST00902,4,3553.49,14213.96,Mobile App,0.0,
2025-05-24,RCPT00002193,ST25,SKU04530,CUST00902,2,243.09,486.18,Mobile App,0.0,
2025-05-24,RCPT00002193,ST25,SKU01190,CUST00902,2,346.48,692.96,Mobile App,0.0,
2024-12-09,RCPT00002194,ST06,SKU03685,CUST03149,1,44.86,44.86,In-Store,0.0,
2023-02-16,RCPT00002195,ST21,SKU01485,CUST00227,1,476.18,476.18,Mobile App,0.0,
2024-09-02,RCPT00002196,ST27,SKU00953,CUST08016,1,273.99,273.99,In-Store,0.0,
2022-12-28,RCPT00002197,ST01,SKU04321,CUST00709,5,961.3,4806.5,In-Store,0.0,
2022-12-28,RCPT00002197,ST01,SKU00942,CUST00709,1,172.9,172.9,In-Store,0.0,
2024-02-29,RCPT00002198,ST18,SKU04417,CUST08332,1,1557.6,1557.6,In-Store,0.0,
2024-02-29,RCPT00002198,ST18,SKU01535,CUST08332,1,296.6,296.6,In-Store,0.0,
2025-10-16,RCPT00002199,ST07,SKU00166,CUST07562,2,830.77,1661.54,Online,0.0,
2023-04-03,RCPT00002201,ST11,SKU03031,CUST00444,3,175.91,527.73,Online,0.0,
2023-04-03,RCPT00002201,ST11,SKU00363,CUST00444,2,1103.75,2207.5,Online,0.0,
2023-06-30,RCPT00002202,ST25,SKU02007,CUST09150,2,237.34,474.68,Online,0.0,
2023-06-30,RCPT00002202,ST25,SKU04445,CUST09150,4,975.78,3586.97,Online,8.1,PROMO058
2022-07-08,RCPT00002203,ST22,SKU00746,CUST07038,1,1030.75,1030.75,In-Store,0.0,
2025-01-21,RCPT00002204,ST03,SKU00520,CUST08051,1,47.04,47.04,Online,0.0,
2025-01-21,RCPT00002204,ST03,SKU02543,CUST08051,1,1956.24,1956.24,Online,0.0,
2025-01-21,RCPT00002204,ST03,SKU02503,CUST08051,2,280.9,561.8,Online,0.0,
2023-10-16,RCPT00002205,ST06,SKU03937,CUST02668,3,235.76,707.28,In-Store,0.0,
2023-10-16,RCPT00002205,ST06,SKU00976,CUST02668,2,268.42,299.02,In-Store,44.3,PROMO048
2023-10-16,RCPT00002205,ST06,SKU04321,CUST02668,2,961.3,1922.6,In-Store,0.0,
2025-07-05,RCPT00002206,ST10,SKU01941,CUST02252,2,546.17,1092.34,Online,0.0,
2025-07-05,RCPT00002206,ST10,SKU02520,CUST02252,2,158.02,316.04,Online,0.0,
2023-08-19,RCPT00002207,ST19,SKU02842,CUST05137,3,535.34,1402.06,In-Store,12.7,PROMO010
2024-09-23,RCPT00002208,ST01,SKU04765,CUST06782,1,2309.27,1685.77,In-Store,27.0,PROMO094
2024-09-23,RCPT00002208,ST01,SKU04596,CUST06782,1,335.55,244.95,In-Store,27.0,PROMO094
2023-12-15,RCPT00002209,ST20,SKU03123,CUST00190,1,356.02,356.02,Mobile App,0.0,
2023-12-15,RCPT00002209,ST20,SKU02247,CUST00190,3,179.3,537.9,Mobile App,0.0,
2022-11-18,RCPT00002210,ST23,SKU00126,CUST05164,3,253.44,760.32,Online,0.0,
2022-11-18,RCPT00002210,ST23,SKU01126,CUST05164,4,1716.23,6864.92,Online,0.0,
2022-04-11,RCPT00002211,ST29,SKU04769,CUST09554,5,2064.58,10322.9,Online,0.0,
2022-04-11,RCPT00002211,ST29,SKU02892,CUST09554,3,77.05,231.15,Online,0.0,
2025-06-18,RCPT00002212,ST21,SKU04354,CUST06806,2,1741.96,3483.92,In-Store,0.0,
2024-08-14,RCPT00002213,ST17,SKU04321,CUST07677,1,961.3,961.3,Online,0.0,
2024-08-14,RCPT00002213,ST17,SKU02998,CUST07677,1,891.24,891.24,Online,0.0,
2024-08-14,RCPT00002213,ST17,SKU03172,CUST07677,1,96.27,96.27,Online,0.0,
2024-08-14,RCPT00002213,ST17,SKU00982,CUST07677,5,1475.54,7377.7,Online,0.0,
2023-12-18,RCPT00002214,ST16,SKU04321,CUST01445,1,961.3,961.3,In-Store,0.0,
2023-12-18,RCPT00002214,ST16,SKU00605,CUST01445,1,420.44,420.44,In-Store,0.0,
2023-12-18,RCPT00002214,ST16,SKU02243,CUST01445,3,589.04,1767.12,In-Store,0.0,
2023-12-18,RCPT00002214,ST16,SKU01697,CUST01445,1,306.11,306.11,In-Store,0.0,
2024-04-18,RCPT00002215,ST07,SKU00250,CUST06034,1,322.41,322.41,In-Store,0.0,
2024-04-18,RCPT00002215,ST07,SKU02835,CUST06034,1,1538.54,1538.54,In-Store,0.0,
2022-12-28,RCPT00002216,ST08,SKU01544,CUST05094,2,131.34,262.68,In-Store,0.0,
2022-12-28,RCPT00002216,ST08,SKU04847,CUST05094,1,630.96,576.7,In-Store,8.6,PROMO095
2023-04-05,RCPT00002217,ST14,SKU02046,CUST02717,1,2009.47,1384.52,Mobile App,31.1,PROMO079
2025-02-08,RCPT00002218,ST13,SKU04321,CUST03795,3,961.3,1606.33,In-Store,44.3,PROMO041
2023-05-18,RCPT00002219,ST16,SKU00163,CUST06809,3,151.67,455.01,In-Store,0.0,
2023-05-18,RCPT00002219,ST16,SKU02883,CUST06809,4,1040.02,4160.08,In-Store,0.0,
2023-09-14,RCPT00002220,ST17,SKU01317,CUST06105,2,644.83,1125.87,In-Store,12.7,PROMO010
2023-09-14,RCPT00002220,ST17,SKU03727,CUST06105,1,1660.93,1449.99,In-Store,12.7,PROMO010
2025-05-12,RCPT00002221,ST07,SKU02770,CUST00123,1,756.35,756.35,In-Store,0.0,
2025-05-12,RCPT00002221,ST07,SKU03425,CUST00123,4,202.48,809.92,In-Store,0.0,
2025-05-12,RCPT00002221,ST07,SKU02659,CUST00123,1,601.35,601.35,In-Store,0.0,
2025-05-12,RCPT00002221,ST07,SKU02967,CUST00123,4,735.42,2941.68,In-Store,0.0,
2024-01-29,RCPT00002222,ST10,SKU00038,CUST00821,4,377.52,782.22,In-Store,48.2,PROMO069
2024-01-29,RCPT00002222,ST10,SKU04321,CUST00821,1,961.3,497.95,In-Store,48.2,PROMO069
2023-09-24,RCPT00002223,ST29,SKU00285,CUST07074,1,505.67,505.67,In-Store,0.0,
2022-12-19,RCPT00002224,ST22,SKU04010,CUST06052,2,253.31,506.62,In-Store,0.0,
2025-06-20,RCPT00002225,ST03,SKU03084,CUST00815,1,114.28,114.28,Online,0.0,
2025-06-20,RCPT00002225,ST03,SKU03159,CUST00815,1,134.99,134.99,Online,0.0,
2024-12-29,RCPT00002226,ST04,SKU04381,CUST06477,1,192.07,192.07,In-Store,0.0,
2024-09-08,RCPT00002227,ST05,SKU03743,CUST06698,1,253.24,253.24,Mobile App,0.0,
2025-04-07,RCPT00002228,ST28,SKU02870,CUST09712,4,794.71,3178.84,In-Store,0.0,
2023-09-22,RCPT00002229,ST03,SKU04321,CUST02909,1,961.3,961.3,In-Store,0.0,
2022-08-09,RCPT00002230,ST20,SKU03608,CUST06931,2,1095.08,2190.16,In-Store,0.0,
2022-08-09,RCPT00002230,ST20,SKU03727,CUST06931,3,1660.93,4982.79,In-Store,0.0,
2023-12-28,RCPT00002231,ST14,SKU00412,CUST03046,1,627.15,439.63,Online,29.9,PROMO043
2022-10-16,RCPT00002232,ST09,SKU03946,CUST03985,1,849.0,849.0,Online,0.0,
2022-10-16,RCPT00002232,ST09,SKU00620,CUST03985,1,273.51,273.51,Online,0.0,
2025-04-29,RCPT00002233,ST18,SKU04381,CUST01633,1,192.07,192.07,In-Store,0.0,
2022-04-08,RCPT00002234,ST28,SKU03647,CUST09065,2,1456.54,2913.08,In-Store,0.0,
2022-04-08,RCPT00002234,ST28,SKU02526,CUST09065,1,698.11,698.11,In-Store,0.0,
2022-04-08,RCPT00002234,ST28,SKU00268,CUST09065,5,165.9,829.5,In-Store,0.0,
2022-04-08,RCPT00002234,ST28,SKU01045,CUST09065,2,451.29,902.58,In-Store,0.0,
2022-04-08,RCPT00002234,ST28,SKU01677,CUST09065,1,127.3,127.3,In-Store,0.0,
2025-04-12,RCPT00002235,ST08,SKU00920,CUST08444,2,114.73,229.46,In-Store,0.0,
2025-04-12,RCPT00002235,ST08,SKU01184,CUST08444,1,891.4,891.4,In-Store,0.0,
2023-04-13,RCPT00002236,ST07,SKU02837,CUST09204,2,2677.22,4181.82,In-Store,21.9,PROMO046
2023-04-13,RCPT00002236,ST07,SKU03690,CUST09204,2,312.29,487.8,In-Store,21.9,PROMO046
2022-06-09,RCPT00002237,ST03,SKU04211,CUST07153,1,311.36,178.1,In-Store,42.8,PROMO022
2022-06-09,RCPT00002237,ST03,SKU00190,CUST07153,3,145.42,249.54,In-Store,42.8,PROMO022
2024-02-22,RCPT00002238,ST06,SKU04573,CUST04305,1,269.93,269.93,In-Store,0.0,
2024-02-22,RCPT00002238,ST06,SKU03153,CUST04305,1,315.02,315.02,In-Store,0.0,
2022-01-18,RCPT00002239,ST24,SKU04571,CUST05412,2,868.52,1737.04,Online,0.0,
2022-01-18,RCPT00002239,ST24,SKU04315,CUST05412,1,497.47,497.47,Online,0.0,
2023-05-04,RCPT00002240,ST16,SKU04104,CUST03381,1,572.29,572.29,In-Store,0.0,
2023-05-04,RCPT00002240,ST16,SKU03549,CUST03381,3,173.56,520.68,In-Store,0.0,
2023-05-04,RCPT00002240,ST16,SKU02740,CUST03381,1,104.22,104.22,In-Store,0.0,
2023-05-04,RCPT00002240,ST16,SKU03647,CUST03381,1,1456.54,1456.54,In-Store,0.0,
2022-11-15,RCPT00002241,ST04,SKU00139,CUST00013,1,790.82,790.82,In-Store,0.0,
2022-11-15,RCPT00002241,ST04,SKU00538,CUST00013,4,1101.07,4404.28,In-Store,0.0,
2023-07-19,RCPT00002242,ST21,SKU04255,CUST08629,2,285.12,570.24,Online,0.0,
2024-05-18,RCPT00002243,ST14,SKU00994,CUST08612,3,602.13,1474.01,In-Store,18.4,PROMO089
2024-05-18,RCPT00002243,ST14,SKU04321,CUST08612,1,961.3,645.99,In-Store,32.8,PROMO036
2024-05-18,RCPT00002243,ST14,SKU02657,CUST08612,2,128.75,141.88,In-Store,44.9,PROMO065
2024-05-18,RCPT00002243,ST14,SKU02428,CUST08612,1,151.98,102.13,In-Store,32.8,PROMO036
2025-04-27,RCPT00002244,ST14,SKU00635,CUST01377,1,153.34,153.34,In-Store,0.0,
2025-04-27,RCPT00002244,ST14,SKU04596,CUST01377,1,335.55,335.55,In-Store,0.0,
2025-04-27,RCPT00002244,ST14,SKU00831,CUST01377,3,950.49,2851.47,In-Store,0.0,
2024-12-19,RCPT00002245,ST06,SKU02368,CUST05959,1,849.39,849.39,Online,0.0,
2024-12-19,RCPT00002245,ST06,SKU04176,CUST05959,1,275.44,275.44,Online,0.0,
2025-09-15,RCPT00002246,ST21,SKU03727,CUST08155,5,1660.93,8304.65,In-Store,0.0,
2023-12-05,RCPT00002247,ST29,SKU01785,CUST04444,2,110.74,221.48,In-Store,0.0,
2023-12-05,RCPT00002247,ST29,SKU03698,CUST04444,2,422.86,845.72,In-Store,0.0,
2023-12-27,RCPT00002248,ST30,SKU04783,CUST09361,1,1943.37,1362.3,In-Store,29.9,PROMO043
2023-12-13,RCPT00002249,ST21,SKU01676,CUST09028,1,2232.74,2232.74,Mobile App,0.0,
2022-06-01,RCPT00002250,ST04,SKU04337,CUST01840,2,508.17,581.35,Online,42.8,PROMO022
2022-06-01,RCPT00002250,ST04,SKU03535,CUST01840,3,178.62,306.51,Online,42.8,PROMO022
2024-01-01,RCPT00002251,ST14,SKU03546,CUST05546,1,496.17,347.82,In-Store,29.9,PROMO043
2022-02-07,RCPT00002252,ST15,SKU00529,CUST09922,1,604.91,604.91,In-Store,0.0,
2022-02-07,RCPT00002252,ST15,SKU04347,CUST09922,1,305.95,305.95,In-Store,0.0,
2022-02-01,RCPT00002253,ST30,SKU02802,CUST06221,1,398.56,398.56,Mobile App,0.0,
2022-02-01,RCPT00002253,ST30,SKU04516,CUST06221,5,1767.67,8838.35,Mobile App,0.0,
2023-01-18,RCPT00002254,ST12,SKU01706,CUST03501,1,1068.65,1068.65,Online,0.0,
2023-11-09,RCPT00002255,ST21,SKU04321,CUST09161,3,961.3,2883.9,In-Store,0.0,
2023-11-09,RCPT00002255,ST21,SKU01343,CUST09161,2,332.15,664.3,In-Store,0.0,
2023-03-24,RCPT00002256,ST15,SKU01601,CUST02545,1,137.22,123.91,Online,9.7,PROMO072
2023-03-24,RCPT00002256,ST15,SKU03826,CUST02545,2,3319.6,6639.2,Online,0.0,
2022-11-13,RCPT00002257,ST23,SKU04321,CUST09474,2,961.3,1922.6,Online,0.0,
2022-01-21,RCPT00002258,ST20,SKU01480,CUST00767,1,136.33,136.33,In-Store,0.0,
2022-01-21,RCPT00002258,ST20,SKU03488,CUST00767,2,136.44,272.88,In-Store,0.0,
2025-05-03,RCPT00002259,ST27,SKU01418,CUST05204,2,1090.09,2180.18,In-Store,0.0,
2024-05-24,RCPT00002260,ST23,SKU04321,CUST04134,2,961.3,1922.6,Online,0.0,
2024-05-24,RCPT00002260,ST23,SKU00367,CUST04134,1,1853.07,1512.11,Online,18.4,PROMO089
2024-05-24,RCPT00002260,ST23,SKU04321,CUST04134,1,961.3,961.3,Online,0.0,
2022-05-12,RCPT00002261,ST06,SKU04321,CUST01165,1,961.3,961.3,In-Store,0.0,
2024-12-27,RCPT00002262,ST12,SKU01018,CUST07067,1,242.43,242.43,In-Store,0.0,
2024-12-27,RCPT00002262,ST12,SKU04188,CUST07067,1,180.9,180.9,In-Store,0.0,
2025-08-17,RCPT00002263,ST21,SKU00953,CUST01775,2,273.99,547.98,In-Store,0.0,
2025-08-17,RCPT00002263,ST21,SKU04329,CUST01775,3,2452.07,7356.21,In-Store,0.0,
2025-08-17,RCPT00002263,ST21,SKU02355,CUST01775,1,321.17,321.17,In-Store,0.0,
2025-08-17,RCPT00002263,ST21,SKU04563,CUST01775,1,2647.1,2647.1,In-Store,0.0,
2025-08-17,RCPT00002263,ST21,SKU04812,CUST01775,3,251.69,755.07,In-Store,0.0,
2022-08-12,RCPT00002264,ST14,SKU03955,CUST09635,3,499.04,1497.12,Online,0.0,
2024-02-05,RCPT00002265,ST06,SKU01578,CUST03851,1,540.35,540.35,Online,0.0,
2023-07-06,RCPT00002266,ST18,SKU01173,CUST08592,3,346.97,1040.91,Online,0.0,
2023-07-06,RCPT00002266,ST18,SKU01784,CUST08592,2,168.81,337.62,Online,0.0,
2023-07-06,RCPT00002266,ST18,SKU03231,CUST08592,4,1705.55,6822.2,Online,0.0,
2023-07-06,RCPT00002266,ST18,SKU01982,CUST08592,1,88.35,88.35,Online,0.0,
2023-01-11,RCPT00002267,ST30,SKU04693,CUST02661,3,225.63,676.89,Online,0.0,
2024-01-02,RCPT00002268,ST02,SKU00793,CUST06066,3,1050.17,2208.51,In-Store,29.9,PROMO043
2024-01-02,RCPT00002268,ST02,SKU01483,CUST06066,2,152.56,213.89,In-Store,29.9,PROMO043
2024-02-28,RCPT00002269,ST29,SKU00844,CUST06803,1,246.71,246.71,In-Store,0.0,
2024-02-28,RCPT00002269,ST29,SKU04032,CUST06803,3,203.7,611.1,In-Store,0.0,
2024-03-16,RCPT00002270,ST14,SKU04258,CUST01212,1,47.15,26.5,In-Store,43.8,PROMO075
2024-03-16,RCPT00002270,ST14,SKU03757,CUST01212,4,1271.47,2858.26,In-Store,43.8,PROMO075
2024-03-16,RCPT00002270,ST14,SKU00190,CUST01212,1,145.42,81.73,In-Store,43.8,PROMO075
2024-03-16,RCPT00002270,ST14,SKU02016,CUST01212,2,194.97,219.15,In-Store,43.8,PROMO075
2023-03-05,RCPT00002271,ST22,SKU03727,CUST02900,1,1660.93,1660.93,In-Store,0.0,
2023-03-05,RCPT00002271,ST22,SKU03130,CUST02900,2,4194.16,8388.32,In-Store,0.0,
2023-08-10,RCPT00002272,ST23,SKU03461,CUST05636,2,861.75,1723.5,Online,0.0,
2023-08-10,RCPT00002272,ST23,SKU02298,CUST05636,1,759.4,759.4,Online,0.0,
2022-09-30,RCPT00002273,ST03,SKU04321,CUST05138,3,961.3,2883.9,Online,0.0,
2022-09-30,RCPT00002273,ST03,SKU02254,CUST05138,1,563.54,563.54,Online,0.0,
2022-09-30,RCPT00002273,ST03,SKU01804,CUST05138,1,220.92,220.92,Online,0.0,
2022-09-30,RCPT00002273,ST03,SKU04154,CUST05138,4,351.77,1407.08,Online,0.0,
2023-05-27,RCPT00002274,ST10,SKU00554,CUST08825,1,88.32,88.32,In-Store,0.0,
2023-05-27,RCPT00002274,ST10,SKU03945,CUST08825,2,140.02,280.04,In-Store,0.0,
2023-05-27,RCPT00002274,ST10,SKU00845,CUST08825,3,670.83,2012.49,In-Store,0.0,
2023-05-27,RCPT00002274,ST10,SKU03633,CUST08825,3,118.27,354.81,In-Store,0.0,
2023-05-27,RCPT00002274,ST10,SKU02063,CUST08825,1,429.58,429.58,In-Store,0.0,
2024-09-29,RCPT00002275,ST30,SKU01420,CUST06163,1,213.65,155.96,In-Store,27.0,PROMO094
2025-09-28,RCPT00002276,ST05,SKU04596,CUST00589,2,335.55,671.1,In-Store,0.0,
2025-02-26,RCPT00002277,ST28,SKU01246,CUST01249,1,526.86,526.86,Online,0.0,
2025-02-26,RCPT00002277,ST28,SKU03408,CUST01249,1,250.13,250.13,Online,0.0,
2024-01-13,RCPT00002278,ST04,SKU00002,CUST00676,2,70.38,140.76,Mobile App,0.0,
2024-01-13,RCPT00002278,ST04,SKU02295,CUST00676,1,1019.04,1019.04,Mobile App,0.0,
2022-10-05,RCPT00002279,ST23,SKU04321,CUST07082,2,961.3,1922.6,In-Store,0.0,
2022-12-29,RCPT00002280,ST18,SKU04662,CUST02450,1,186.44,186.44,Mobile App,0.0,
2022-12-29,RCPT00002280,ST18,SKU04445,CUST02450,1,975.78,975.78,Mobile App,0.0,
2022-12-29,RCPT00002280,ST18,SKU03694,CUST02450,3,328.79,986.37,Mobile App,0.0,
2022-12-29,RCPT00002280,ST18,SKU04191,CUST02450,2,106.7,213.4,Mobile App,0.0,
2022-07-19,RCPT00002281,ST21,SKU00029,CUST01362,1,1987.18,1987.18,In-Store,0.0,
2022-07-19,RCPT00002281,ST21,SKU04528,CUST01362,1,388.54,388.54,In-Store,0.0,
2022-07-19,RCPT00002281,ST21,SKU03575,CUST01362,3,162.88,275.1,In-Store,43.7,PROMO026
2025-03-10,RCPT00002282,ST25,SKU00214,CUST07908,2,392.18,784.36,In-Store,0.0,
2025-03-10,RCPT00002282,ST25,SKU04321,CUST07908,1,961.3,816.14,In-Store,15.1,PROMO067
2022-12-08,RCPT00002283,ST08,SKU00055,CUST09796,1,409.38,409.38,Mobile App,0.0,
2022-12-08,RCPT00002283,ST08,SKU00970,CUST09796,1,354.04,354.04,Mobile App,0.0,
2025-09-17,RCPT00002284,ST23,SKU00835,CUST07341,3,837.84,2299.87,In-Store,8.5,PROMO007
2025-12-05,RCPT00002285,ST01,SKU00369,CUST02525,1,368.93,368.93,Online,0.0,
2025-12-05,RCPT00002285,ST01,SKU03413,CUST02525,2,314.95,629.9,Online,0.0,
2025-12-05,RCPT00002285,ST01,SKU04453,CUST02525,1,265.58,265.58,Online,0.0,
2025-09-18,RCPT00002286,ST21,SKU01066,CUST06056,1,50.68,50.68,Mobile App,0.0,
2025-07-16,RCPT00002287,ST04,SKU02567,CUST01659,5,372.0,1860.0,In-Store,0.0,
2025-07-16,RCPT00002287,ST04,SKU03746,CUST01659,1,223.44,223.44,In-Store,0.0,
2025-07-16,RCPT00002287,ST04,SKU00953,CUST01659,2,273.99,547.98,In-Store,0.0,
2025-07-16,RCPT00002287,ST04,SKU03239,CUST01659,1,165.27,165.27,In-Store,0.0,
2025-07-16,RCPT00002287,ST04,SKU04750,CUST01659,3,914.6,2743.8,In-Store,0.0,
2025-11-20,RCPT00002288,ST26,SKU04321,CUST04283,1,961.3,961.3,Online,0.0,
2023-08-14,RCPT00002289,ST21,SKU03203,CUST00839,1,182.62,182.62,Mobile App,0.0,
2023-08-14,RCPT00002289,ST21,SKU00779,CUST00839,1,664.45,664.45,Mobile App,0.0,
2023-06-13,RCPT00002290,ST06,SKU00280,CUST08188,1,469.64,469.64,Mobile App,0.0,
2023-06-13,RCPT00002290,ST06,SKU04321,CUST08188,1,961.3,961.3,Mobile App,0.0,
2025-12-30,RCPT00002291,ST21,SKU04321,CUST02397,1,961.3,961.3,Online,0.0,
2025-12-30,RCPT00002291,ST21,SKU02043,CUST02397,1,212.81,212.81,Online,0.0,
2025-12-30,RCPT00002291,ST21,SKU02531,CUST02397,2,143.49,286.98,Online,0.0,
2024-02-13,RCPT00002292,ST16,SKU04321,CUST02219,1,961.3,961.3,In-Store,0.0,
2024-02-13,RCPT00002292,ST16,SKU01274,CUST02219,2,558.36,1116.72,In-Store,0.0,
2024-02-13,RCPT00002292,ST16,SKU01545,CUST02219,2,186.61,373.22,In-Store,0.0,
2024-02-13,RCPT00002292,ST16,SKU02892,CUST02219,3,77.05,231.15,In-Store,0.0,
2025-08-02,RCPT00002293,ST18,SKU03690,CUST08332,3,312.29,936.87,Online,0.0,
2025-08-02,RCPT00002293,ST18,SKU04692,CUST08332,4,57.36,229.44,Online,0.0,
2025-08-02,RCPT00002293,ST18,SKU04094,CUST08332,4,203.65,814.6,Online,0.0,
2024-09-10,RCPT00002294,ST04,SKU01079,CUST08960,1,125.88,125.88,In-Store,0.0,
2024-09-10,RCPT00002294,ST04,SKU04944,CUST08960,1,90.88,90.88,In-Store,0.0,
2024-09-10,RCPT00002294,ST04,SKU04596,CUST08960,2,335.55,671.1,In-Store,0.0,
2024-09-10,RCPT00002294,ST04,SKU00643,CUST08960,1,490.78,490.78,In-Store,0.0,
2024-09-10,RCPT00002294,ST04,SKU02372,CUST08960,2,401.1,802.2,In-Store,0.0,
2023-08-02,RCPT00002295,ST29,SKU04154,CUST02258,1,351.77,176.94,Online,49.7,PROMO030
2023-08-02,RCPT00002295,ST29,SKU00864,CUST02258,1,223.39,112.37,Online,49.7,PROMO030
2024-09-18,RCPT00002296,ST30,SKU02353,CUST05123,1,747.09,747.09,Online,0.0,
2024-12-26,RCPT00002297,ST21,SKU00749,CUST00050,1,148.59,148.59,In-Store,0.0,
2024-12-26,RCPT00002297,ST21,SKU00079,CUST00050,3,197.9,593.7,In-Store,0.0,
2024-12-26,RCPT00002297,ST21,SKU04903,CUST00050,1,237.98,237.98,In-Store,0.0,
2024-12-26,RCPT00002297,ST21,SKU00050,CUST00050,1,34.08,34.08,In-Store,0.0,
2025-01-07,RCPT00002298,ST29,SKU04321,CUST08731,1,961.3,961.3,In-Store,0.0,
2024-12-13,RCPT00002299,ST30,SKU00002,CUST05402,2,70.38,140.76,In-Store,0.0,
2024-12-13,RCPT00002299,ST30,SKU01606,CUST05402,3,187.87,563.61,In-Store,0.0,
2023-08-28,RCPT00002300,ST20,SKU04321,CUST01633,1,961.3,839.21,Mobile App,12.7,PROMO010
2025-04-19,RCPT00002301,ST19,SKU01683,CUST01753,1,513.45,513.45,In-Store,0.0,
2025-02-19,RCPT00002302,ST16,SKU01904,CUST03360,1,280.72,183.31,In-Store,34.7,PROMO057
2025-09-01,RCPT00002303,ST20,SKU03389,CUST08798,1,580.11,580.11,In-Store,0.0,
2022-12-23,RCPT00002304,ST09,SKU04921,CUST06455,1,373.55,373.55,In-Store,0.0,
2022-12-23,RCPT00002304,ST09,SKU00929,CUST06455,1,158.05,158.05,In-Store,0.0,
2022-12-23,RCPT00002304,ST09,SKU02802,CUST06455,1,398.56,398.56,In-Store,0.0,
2023-12-25,RCPT00002305,ST24,SKU02760,CUST07664,2,430.99,604.25,In-Store,29.9,PROMO043
2023-06-10,RCPT00002306,ST22,SKU00458,CUST04046,1,452.69,272.07,Mobile App,39.9,PROMO040
2023-01-21,RCPT00002307,ST21,SKU00500,CUST03188,1,1264.58,1264.58,In-Store,0.0,
2023-01-21,RCPT00002307,ST21,SKU02239,CUST03188,1,239.19,239.19,In-Store,0.0,
2023-11-17,RCPT00002308,ST13,SKU04013,CUST01304,3,447.28,1341.84,In-Store,0.0,
2024-12-15,RCPT00002309,ST30,SKU02088,CUST08907,1,69.31,69.31,In-Store,0.0,
2024-12-15,RCPT00002309,ST30,SKU02396,CUST08907,4,672.42,2689.68,In-Store,0.0,
2024-12-15,RCPT00002309,ST30,SKU03722,CUST08907,2,78.55,157.1,In-Store,0.0,
2024-06-24,RCPT00002310,ST07,SKU03381,CUST09388,1,176.04,136.25,In-Store,22.6,PROMO045
2024-06-24,RCPT00002310,ST07,SKU01101,CUST09388,2,126.22,195.39,In-Store,22.6,PROMO045
2024-06-24,RCPT00002310,ST07,SKU04350,CUST09388,5,394.93,1528.38,In-Store,22.6,PROMO045
2024-06-24,RCPT00002310,ST07,SKU03727,CUST09388,1,1660.93,1285.56,In-Store,22.6,PROMO045
2024-03-05,RCPT00002311,ST22,SKU03503,CUST06401,1,225.31,225.31,In-Store,0.0,
2024-05-12,RCPT00002312,ST18,SKU04480,CUST01153,2,584.24,785.22,Online,32.8,PROMO036
2024-05-12,RCPT00002312,ST18,SKU03960,CUST01153,2,171.93,231.07,Online,32.8,PROMO036
2024-05-12,RCPT00002312,ST18,SKU04531,CUST01153,2,105.09,141.24,Online,32.8,PROMO036
2023-06-09,RCPT00002313,ST15,SKU01915,CUST03801,1,677.32,407.07,In-Store,39.9,PROMO040
2022-04-27,RCPT00002314,ST08,SKU00630,CUST03061,1,1408.73,1408.73,In-Store,0.0,
2022-01-28,RCPT00002315,ST10,SKU00687,CUST02242,3,1165.09,3495.27,Online,0.0,
2022-12-26,RCPT00002316,ST15,SKU03785,CUST07689,4,233.48,735.93,Online,21.2,PROMO091
2022-12-26,RCPT00002316,ST15,SKU04321,CUST07689,1,961.3,961.3,Online,0.0,
2022-06-02,RCPT00002317,ST20,SKU03283,CUST05057,2,93.64,107.12,Mobile App,42.8,PROMO022
2022-07-21,RCPT00002318,ST05,SKU02805,CUST08962,3,82.43,247.29,Online,0.0,
2025-05-23,RCPT00002319,ST27,SKU04445,CUST03929,1,975.78,975.78,In-Store,0.0,
2025-05-23,RCPT00002319,ST27,SKU01343,CUST03929,1,332.15,332.15,In-Store,0.0,
2022-08-21,RCPT00002320,ST07,SKU02849,CUST01013,2,73.3,146.6,In-Store,0.0,
2022-08-21,RCPT00002320,ST07,SKU03232,CUST01013,2,2223.84,4447.68,In-Store,0.0,
2023-01-01,RCPT00002321,ST21,SKU01592,CUST05392,1,1748.08,1597.75,Online,8.6,PROMO095
2023-10-08,RCPT00002322,ST27,SKU01712,CUST05102,1,264.48,264.48,Mobile App,0.0,
2023-10-08,RCPT00002322,ST27,SKU03702,CUST05102,1,473.65,473.65,Mobile App,0.0,
2022-11-24,RCPT00002323,ST20,SKU02851,CUST08653,1,2854.29,2854.29,In-Store,0.0,
2022-11-24,RCPT00002323,ST20,SKU02309,CUST08653,1,272.44,272.44,In-Store,0.0,
2022-11-24,RCPT00002323,ST20,SKU04596,CUST08653,2,335.55,671.1,In-Store,0.0,
2025-04-05,RCPT00002324,ST13,SKU00447,CUST09733,1,198.19,198.19,In-Store,0.0,
2025-03-05,RCPT00002325,ST03,SKU04321,CUST04704,1,961.3,961.3,In-Store,0.0,
2025-03-05,RCPT00002325,ST03,SKU02980,CUST04704,1,1789.14,1789.14,In-Store,0.0,
2025-03-05,RCPT00002325,ST03,SKU01371,CUST04704,2,1277.61,2555.22,In-Store,0.0,
2025-03-05,RCPT00002325,ST03,SKU00845,CUST04704,3,670.83,2012.49,In-Store,0.0,
2022-11-19,RCPT00002326,ST19,SKU02905,CUST00243,1,867.68,867.68,In-Store,0.0,
2022-11-19,RCPT00002326,ST19,SKU03015,CUST00243,2,62.87,68.53,In-Store,45.5,PROMO031
2025-06-24,RCPT00002327,ST15,SKU04803,CUST05431,1,1055.76,1055.76,In-Store,0.0,
2025-04-24,RCPT00002328,ST11,SKU01213,CUST02491,2,423.96,847.92,In-Store,0.0,
2025-04-24,RCPT00002328,ST11,SKU00834,CUST02491,1,754.91,754.91,In-Store,0.0,
2025-09-22,RCPT00002329,ST03,SKU02660,CUST01963,1,81.91,81.91,In-Store,0.0,
2025-09-22,RCPT00002329,ST03,SKU04342,CUST01963,1,60.73,60.73,In-Store,0.0,
2024-11-10,RCPT00002330,ST30,SKU00140,CUST09097,2,148.11,296.22,Online,0.0,
2024-11-10,RCPT00002330,ST30,SKU03236,CUST09097,2,160.9,289.94,Online,9.9,PROMO009
2025-03-11,RCPT00002331,ST06,SKU04596,CUST05706,1,335.55,335.55,Online,0.0,
2024-03-02,RCPT00002332,ST19,SKU03816,CUST01868,1,2031.96,2031.96,Mobile App,0.0,
2024-03-02,RCPT00002332,ST19,SKU04496,CUST01868,1,278.23,278.23,Mobile App,0.0,
2024-03-02,RCPT00002332,ST19,SKU03126,CUST01868,1,130.29,130.29,Mobile App,0.0,
2025-08-21,RCPT00002333,ST21,SKU00692,CUST08610,3,235.52,706.56,Online,0.0,
2025-08-21,RCPT00002333,ST21,SKU00862,CUST08610,2,1745.5,1759.46,Online,49.6,PROMO088
2025-08-21,RCPT00002333,ST21,SKU00423,CUST08610,3,109.08,327.24,Online,0.0,
2023-09-20,RCPT00002334,ST16,SKU01544,CUST01781,1,131.34,131.34,Mobile App,0.0,
2023-09-20,RCPT00002334,ST16,SKU04845,CUST01781,1,1000.23,1000.23,Mobile App,0.0,
2023-09-20,RCPT00002334,ST16,SKU01781,CUST01781,4,260.71,1042.84,Mobile App,0.0,
2023-09-20,RCPT00002334,ST16,SKU03455,CUST01781,4,309.96,1239.84,Mobile App,0.0,
2025-12-24,RCPT00002336,ST16,SKU03522,CUST08055,4,112.92,451.68,In-Store,0.0,
2025-12-24,RCPT00002336,ST16,SKU02359,CUST08055,2,613.59,1227.18,In-Store,0.0,
2025-12-24,RCPT00002336,ST16,SKU03739,CUST08055,1,140.88,140.88,In-Store,0.0,
2025-12-24,RCPT00002336,ST16,SKU01491,CUST08055,2,848.79,1697.58,In-Store,0.0,
2025-09-26,RCPT00002337,ST30,SKU04321,CUST02978,3,961.3,2883.9,In-Store,0.0,
2025-09-26,RCPT00002337,ST30,SKU04390,CUST02978,5,1832.3,9161.5,In-Store,0.0,
2024-06-21,RCPT00002338,ST14,SKU02368,CUST07784,4,849.39,2446.24,In-Store,28.0,PROMO081
2025-06-17,RCPT00002339,ST07,SKU00817,CUST01090,3,1401.77,4205.31,In-Store,0.0,
2022-09-28,RCPT00002340,ST18,SKU04188,CUST07508,2,180.9,361.8,In-Store,0.0,
2022-09-28,RCPT00002340,ST18,SKU00847,CUST07508,2,398.86,797.72,In-Store,0.0,
2024-10-16,RCPT00002341,ST23,SKU01106,CUST01594,1,115.88,115.88,Online,0.0,
2022-10-01,RCPT00002342,ST24,SKU02373,CUST03353,1,111.72,111.72,In-Store,0.0,
2024-09-21,RCPT00002343,ST29,SKU04321,CUST04702,2,961.3,1922.6,Online,0.0,
2024-09-21,RCPT00002343,ST29,SKU03922,CUST04702,4,2095.66,8382.64,Online,0.0,
2024-09-21,RCPT00002343,ST29,SKU04321,CUST04702,1,961.3,961.3,Online,0.0,
2024-01-18,RCPT00002344,ST06,SKU03914,CUST05882,2,268.05,536.1,Online,0.0,
2024-02-04,RCPT00002345,ST03,SKU02445,CUST05433,1,122.76,122.76,Online,0.0,
2024-02-04,RCPT00002345,ST03,SKU02314,CUST05433,3,471.33,1413.99,Online,0.0,
2023-02-07,RCPT00002346,ST12,SKU02010,CUST03378,1,301.95,301.95,Mobile App,0.0,
2023-02-07,RCPT00002346,ST12,SKU04056,CUST03378,3,1184.05,3552.15,Mobile App,0.0,
2023-02-07,RCPT00002346,ST12,SKU03812,CUST03378,5,1167.25,5836.25,Mobile App,0.0,
2023-02-07,RCPT00002346,ST12,SKU04154,CUST03378,2,351.77,703.54,Mobile App,0.0,
2025-08-17,RCPT00002347,ST23,SKU04321,CUST04837,1,961.3,961.3,Online,0.0,
2023-12-31,RCPT00002348,ST21,SKU04035,CUST05158,1,140.98,98.83,In-Store,29.9,PROMO043
2023-12-31,RCPT00002348,ST21,SKU03030,CUST05158,1,108.63,76.15,In-Store,29.9,PROMO043
2025-09-05,RCPT00002349,ST17,SKU04012,CUST07496,5,631.0,3155.0,Mobile App,0.0,
2025-09-05,RCPT00002349,ST17,SKU03851,CUST07496,4,99.5,398.0,Mobile App,0.0,
2025-09-05,RCPT00002349,ST17,SKU00617,CUST07496,1,1071.33,1071.33,Mobile App,0.0,
2025-09-05,RCPT00002349,ST17,SKU02015,CUST07496,2,104.06,208.12,Mobile App,0.0,
2023-02-10,RCPT00002350,ST17,SKU04551,CUST01548,2,2498.23,4996.46,Online,0.0,
2023-02-10,RCPT00002350,ST17,SKU03812,CUST01548,5,1167.25,5836.25,Online,0.0,
2023-02-10,RCPT00002350,ST17,SKU02892,CUST01548,1,77.05,77.05,Online,0.0,
2023-05-26,RCPT00002351,ST14,SKU03606,CUST01389,4,152.07,608.28,Mobile App,0.0,
2023-10-19,RCPT00002352,ST16,SKU04662,CUST07309,3,186.44,559.32,Online,0.0,
2023-08-12,RCPT00002353,ST17,SKU04321,CUST01942,1,961.3,961.3,Mobile App,0.0,
2023-08-12,RCPT00002353,ST17,SKU04190,CUST01942,1,272.17,272.17,Mobile App,0.0,
2025-12-16,RCPT00002354,ST30,SKU02840,CUST04245,1,267.04,267.04,In-Store,0.0,
2025-12-16,RCPT00002354,ST30,SKU02042,CUST04245,1,128.72,128.72,In-Store,0.0,
2025-12-16,RCPT00002354,ST30,SKU01371,CUST04245,2,1277.61,2555.22,In-Store,0.0,
2025-12-16,RCPT00002354,ST30,SKU02616,CUST04245,3,564.32,1692.96,In-Store,0.0,
2022-08-01,RCPT00002355,ST11,SKU01507,CUST04900,1,220.84,220.84,In-Store,0.0,
2022-08-01,RCPT00002355,ST11,SKU02708,CUST04900,2,1971.33,3942.66,In-Store,0.0,
2022-09-24,RCPT00002356,ST21,SKU04894,CUST00833,2,262.59,525.18,Online,0.0,
2023-02-07,RCPT00002357,ST13,SKU00300,CUST09030,1,100.55,100.55,Online,0.0,
2024-04-17,RCPT00002358,ST05,SKU04782,CUST04355,5,1639.0,4113.89,Mobile App,49.8,PROMO019
2024-04-17,RCPT00002358,ST05,SKU04321,CUST04355,4,961.3,1930.29,Mobile App,49.8,PROMO019
2024-04-17,RCPT00002358,ST05,SKU01371,CUST04355,2,1277.61,1282.72,Mobile App,49.8,PROMO019
2025-02-21,RCPT00002359,ST05,SKU04321,CUST05695,3,961.3,1606.33,Online,44.3,PROMO041
2022-10-30,RCPT00002360,ST10,SKU00677,CUST01598,1,3238.81,3238.81,In-Store,0.0,
2022-10-30,RCPT00002360,ST10,SKU01938,CUST01598,1,1070.48,1070.48,In-Store,0.0,
2022-10-30,RCPT00002360,ST10,SKU04409,CUST01598,2,2585.87,5171.74,In-Store,0.0,
2022-09-03,RCPT00002361,ST11,SKU04176,CUST05509,1,275.44,250.65,Mobile App,9.0,PROMO033
2022-09-03,RCPT00002361,ST11,SKU02023,CUST05509,1,133.8,121.76,Mobile App,9.0,PROMO033
2025-10-31,RCPT00002362,ST09,SKU00845,CUST08374,3,670.83,2012.49,Online,0.0,
2025-10-31,RCPT00002362,ST09,SKU03671,CUST08374,1,91.48,91.48,Online,0.0,
2025-10-31,RCPT00002362,ST09,SKU03592,CUST08374,1,297.65,297.65,Online,0.0,
2025-05-16,RCPT00002364,ST01,SKU00505,CUST00770,4,353.96,1415.84,In-Store,0.0,
2025-05-16,RCPT00002364,ST01,SKU04154,CUST00770,1,351.77,351.77,In-Store,0.0,
2025-05-16,RCPT00002364,ST01,SKU04053,CUST00770,2,315.46,630.92,In-Store,0.0,
2023-03-02,RCPT00002365,ST14,SKU02875,CUST00111,2,150.02,300.04,Online,0.0,
2023-06-26,RCPT00002366,ST29,SKU02026,CUST02749,1,1823.87,1823.87,In-Store,0.0,
2023-06-26,RCPT00002366,ST29,SKU04453,CUST02749,1,265.58,265.58,In-Store,0.0,
2025-07-05,RCPT00002367,ST03,SKU01671,CUST01294,3,102.7,308.1,In-Store,0.0,
2024-12-04,RCPT00002368,ST06,SKU00194,CUST04556,1,524.73,524.73,Online,0.0,
2025-01-21,RCPT00002369,ST01,SKU03214,CUST07462,1,1764.51,1482.19,In-Store,16.0,PROMO035
2025-01-21,RCPT00002369,ST01,SKU03292,CUST07462,1,164.03,164.03,In-Store,0.0,
2025-01-21,RCPT00002369,ST01,SKU01882,CUST07462,2,69.32,138.64,In-Store,0.0,
2025-01-21,RCPT00002369,ST01,SKU03799,CUST07462,2,272.04,544.08,In-Store,0.0,
2022-04-15,RCPT00002370,ST14,SKU03922,CUST08913,4,2095.66,8382.64,Mobile App,0.0,
2024-04-04,RCPT00002371,ST08,SKU03292,CUST08294,5,164.03,411.72,Mobile App,49.8,PROMO019
2024-04-04,RCPT00002371,ST08,SKU01775,CUST08294,3,204.15,307.45,Mobile App,49.8,PROMO019
2022-04-19,RCPT00002372,ST03,SKU03396,CUST00667,3,661.74,1985.22,Online,0.0,
2023-10-12,RCPT00002373,ST11,SKU00669,CUST07304,4,631.77,2527.08,Online,0.0,
2023-10-12,RCPT00002373,ST11,SKU03633,CUST07304,3,118.27,354.81,Online,0.0,
2023-10-12,RCPT00002373,ST11,SKU02275,CUST07304,2,188.12,376.24,Online,0.0,
2024-03-24,RCPT00002374,ST29,SKU04651,CUST01837,1,655.85,368.59,In-Store,43.8,PROMO075
2024-03-24,RCPT00002374,ST29,SKU01343,CUST01837,1,332.15,186.67,In-Store,43.8,PROMO075
2024-03-24,RCPT00002374,ST29,SKU04321,CUST01837,2,961.3,1080.5,In-Store,43.8,PROMO075
2024-03-24,RCPT00002374,ST29,SKU01769,CUST01837,3,576.91,972.67,In-Store,43.8,PROMO075
2024-03-24,RCPT00002374,ST29,SKU01170,CUST01837,2,365.5,410.82,In-Store,43.8,PROMO075
2025-01-23,RCPT00002375,ST06,SKU04481,CUST04782,3,144.61,433.83,In-Store,0.0,
2025-01-23,RCPT00002375,ST06,SKU02504,CUST04782,4,737.52,2950.08,In-Store,0.0,
2022-11-14,RCPT00002376,ST22,SKU00190,CUST05600,1,145.42,145.42,In-Store,0.0,
2022-11-14,RCPT00002376,ST22,SKU00506,CUST05600,1,319.73,319.73,In-Store,0.0,
2022-11-14,RCPT00002376,ST22,SKU04321,CUST05600,1,961.3,961.3,In-Store,0.0,
2023-08-13,RCPT00002377,ST19,SKU03727,CUST08737,1,1660.93,1660.93,In-Store,0.0,
2022-06-02,RCPT00002378,ST30,SKU04486,CUST01929,2,1402.38,1604.32,Online,42.8,PROMO022
2022-06-02,RCPT00002378,ST30,SKU01578,CUST01929,3,540.35,927.24,Online,42.8,PROMO022
2025-08-19,RCPT00002379,ST12,SKU04321,CUST09596,1,961.3,961.3,In-Store,0.0,
2023-12-12,RCPT00002380,ST07,SKU03217,CUST07794,1,683.2,683.2,In-Store,0.0,
2023-09-10,RCPT00002381,ST05,SKU00670,CUST07620,1,108.81,94.99,In-Store,12.7,PROMO010
2024-12-18,RCPT00002382,ST01,SKU03536,CUST03046,2,127.11,254.22,Online,0.0,
2024-12-18,RCPT00002382,ST01,SKU03217,CUST03046,2,683.2,1366.4,Online,0.0,
2025-04-30,RCPT00002383,ST22,SKU04798,CUST03112,2,640.44,1280.88,Online,0.0,
2025-04-30,RCPT00002383,ST22,SKU00864,CUST03112,1,223.39,170.45,Online,23.7,PROMO013
2024-04-22,RCPT00002384,ST06,SKU04571,CUST05275,3,868.52,2605.56,In-Store,0.0,
2024-04-22,RCPT00002384,ST06,SKU00286,CUST05275,3,64.45,181.94,In-Store,5.9,PROMO016
2024-04-22,RCPT00002384,ST06,SKU04314,CUST05275,5,567.99,2839.95,In-Store,0.0,
2024-04-22,RCPT00002384,ST06,SKU04622,CUST05275,1,2025.83,2025.83,In-Store,0.0,
2023-07-13,RCPT00002385,ST20,SKU04696,CUST02574,3,1571.33,4713.99,Mobile App,0.0,
2023-07-13,RCPT00002385,ST20,SKU01103,CUST02574,2,222.82,385.92,Mobile App,13.4,PROMO055
2023-12-06,RCPT00002386,ST19,SKU01246,CUST07196,1,526.86,526.86,Online,0.0,
2023-12-06,RCPT00002386,ST19,SKU00686,CUST07196,3,1242.49,3727.47,Online,0.0,
2023-12-06,RCPT00002386,ST19,SKU04049,CUST07196,2,329.02,658.04,Online,0.0,
2023-12-06,RCPT00002386,ST19,SKU03425,CUST07196,1,202.48,202.48,Online,0.0,
2023-12-06,RCPT00002386,ST19,SKU03105,CUST07196,3,160.13,480.39,Online,0.0,
2024-04-12,RCPT00002387,ST05,SKU03838,CUST09317,5,259.95,652.47,In-Store,49.8,PROMO019
2022-10-19,RCPT00002388,ST06,SKU00917,CUST00305,1,182.25,182.25,In-Store,0.0,
2023-05-23,RCPT00002389,ST22,SKU03579,CUST07620,3,573.52,1720.56,In-Store,0.0,
2024-11-14,RCPT00002390,ST24,SKU00177,CUST04691,5,114.65,516.5,In-Store,9.9,PROMO009
2024-11-14,RCPT00002390,ST24,SKU02177,CUST04691,1,488.47,488.47,In-Store,0.0,
2025-10-07,RCPT00002391,ST30,SKU02513,CUST09126,2,101.57,203.14,Online,0.0,
2025-10-07,RCPT00002391,ST30,SKU03323,CUST09126,3,3001.52,9004.56,Online,0.0,
2025-10-07,RCPT00002391,ST30,SKU04824,CUST09126,1,1024.94,1024.94,Online,0.0,
2025-10-07,RCPT00002391,ST30,SKU04619,CUST09126,3,297.98,893.94,Online,0.0,
2023-12-22,RCPT00002392,ST14,SKU03302,CUST03239,2,426.07,852.14,Online,0.0,
2023-12-22,RCPT00002392,ST14,SKU02068,CUST03239,1,249.89,249.89,Online,0.0,
2025-03-17,RCPT00002393,ST01,SKU00728,CUST01090,1,3555.73,3555.73,Online,0.0,
2024-08-12,RCPT00002394,ST12,SKU02898,CUST09423,2,989.39,1978.78,Online,0.0,
2024-08-12,RCPT00002394,ST12,SKU04742,CUST09423,1,362.06,362.06,Online,0.0,
2024-08-12,RCPT00002394,ST12,SKU04321,CUST09423,1,961.3,961.3,Online,0.0,
2022-08-09,RCPT00002395,ST09,SKU04596,CUST08874,2,335.55,671.1,In-Store,0.0,
2025-12-02,RCPT00002396,ST14,SKU04596,CUST03281,1,335.55,335.55,Online,0.0,
2025-12-02,RCPT00002396,ST14,SKU02420,CUST03281,2,122.08,244.16,Online,0.0,
2025-12-02,RCPT00002396,ST14,SKU03197,CUST03281,1,516.84,516.84,Online,0.0,
2023-12-18,RCPT00002397,ST12,SKU03149,CUST01480,1,610.58,610.58,In-Store,0.0,
2023-12-18,RCPT00002397,ST12,SKU04079,CUST01480,1,226.24,226.24,In-Store,0.0,
2024-02-20,RCPT00002398,ST16,SKU04904,CUST02236,1,1471.86,1471.86,In-Store,0.0,
2024-07-19,RCPT00002399,ST10,SKU04318,CUST00569,1,205.5,159.06,In-Store,22.6,PROMO045
2024-12-12,RCPT00002400,ST25,SKU04321,CUST08107,1,961.3,961.3,In-Store,0.0,
2025-12-03,RCPT00002401,ST26,SKU04159,CUST06028,4,2188.36,8753.44,Online,0.0,
2025-12-03,RCPT00002401,ST26,SKU02829,CUST06028,3,445.62,1336.86,Online,0.0,
2024-11-12,RCPT00002402,ST10,SKU03818,CUST01704,3,148.24,400.69,Online,9.9,PROMO009
2023-11-07,RCPT00002403,ST14,SKU01664,CUST05706,4,436.52,1746.08,Mobile App,0.0,
2023-11-07,RCPT00002403,ST14,SKU03370,CUST05706,1,56.2,56.2,Mobile App,0.0,
2022-05-11,RCPT00002404,ST21,SKU00754,CUST04901,1,2674.24,2674.24,Online,0.0,
2022-05-11,RCPT00002404,ST21,SKU03292,CUST04901,2,164.03,328.06,Online,0.0,
2024-12-05,RCPT00002405,ST27,SKU04693,CUST02184,1,225.63,225.63,In-Store,0.0,
2023-03-06,RCPT00002406,ST07,SKU02111,CUST03084,1,175.31,175.31,Online,0.0,
2023-03-06,RCPT00002406,ST07,SKU01048,CUST03084,1,96.18,75.41,Online,21.6,PROMO066
2024-12-16,RCPT00002407,ST03,SKU03727,CUST08265,3,1660.93,4982.79,Online,0.0,
2024-01-13,RCPT00002408,ST30,SKU00400,CUST06988,2,1799.17,3598.34,In-Store,0.0,
2024-01-13,RCPT00002408,ST30,SKU01530,CUST06988,1,295.91,295.91,In-Store,0.0,
2024-01-13,RCPT00002408,ST30,SKU02749,CUST06988,2,1104.61,2209.22,In-Store,0.0,
2025-11-22,RCPT00002409,ST14,SKU01092,CUST04703,1,1883.52,1883.52,Mobile App,0.0,
2025-11-22,RCPT00002409,ST14,SKU00011,CUST04703,1,123.36,123.36,Mobile App,0.0,
2025-11-22,RCPT00002409,ST14,SKU04899,CUST04703,1,222.1,222.1,Mobile App,0.0,
2024-05-24,RCPT00002410,ST28,SKU04735,CUST03194,1,604.76,604.76,Online,0.0,
2024-05-24,RCPT00002410,ST28,SKU03029,CUST03194,5,67.29,336.45,Online,0.0,
2023-03-13,RCPT00002411,ST20,SKU00118,CUST08790,2,289.69,538.82,Mobile App,7.0,PROMO002
2023-03-13,RCPT00002411,ST20,SKU04562,CUST08790,5,1316.91,4536.75,Mobile App,31.1,PROMO079
2024-06-27,RCPT00002412,ST11,SKU01115,CUST04205,2,124.25,192.34,In-Store,22.6,PROMO045
2023-08-07,RCPT00002413,ST20,SKU04041,CUST08944,3,575.93,869.08,Online,49.7,PROMO030
2023-08-07,RCPT00002413,ST20,SKU03446,CUST08944,1,142.94,71.9,Online,49.7,PROMO030
2024-12-09,RCPT00002414,ST22,SKU02692,CUST08049,2,2095.03,4190.06,Mobile App,0.0,
2024-12-09,RCPT00002414,ST22,SKU00097,CUST08049,1,1103.71,1103.71,Mobile App,0.0,
2024-12-09,RCPT00002414,ST22,SKU03476,CUST08049,2,681.44,1362.88,Mobile App,0.0,
2025-05-25,RCPT00002415,ST30,SKU02693,CUST00177,1,1518.89,1518.89,In-Store,0.0,
2025-05-25,RCPT00002415,ST30,SKU01988,CUST00177,3,331.12,993.36,In-Store,0.0,
2025-05-25,RCPT00002415,ST30,SKU03511,CUST00177,3,709.78,2129.34,In-Store,0.0,
2025-11-25,RCPT00002416,ST07,SKU02837,CUST04999,1,2677.22,2677.22,Online,0.0,
2025-11-25,RCPT00002416,ST07,SKU04520,CUST04999,1,258.45,258.45,Online,0.0,
2025-11-25,RCPT00002416,ST07,SKU02605,CUST04999,2,67.28,134.56,Online,0.0,
2024-07-24,RCPT00002417,ST09,SKU01886,CUST04566,1,1996.89,1996.89,Online,0.0,
2025-01-05,RCPT00002418,ST30,SKU04596,CUST02804,1,335.55,335.55,In-Store,0.0,
2025-01-05,RCPT00002418,ST30,SKU02403,CUST02804,1,200.51,200.51,In-Store,0.0,
2023-09-07,RCPT00002419,ST08,SKU02858,CUST06201,3,90.7,237.54,Mobile App,12.7,PROMO010
2022-06-02,RCPT00002420,ST17,SKU01282,CUST03209,2,39.37,45.04,Mobile App,42.8,PROMO022
2023-02-13,RCPT00002421,ST15,SKU04445,CUST01668,2,975.78,1951.56,In-Store,0.0,
2023-02-13,RCPT00002421,ST15,SKU03064,CUST01668,2,247.54,495.08,In-Store,0.0,
2023-02-13,RCPT00002421,ST15,SKU04321,CUST01668,2,961.3,1922.6,In-Store,0.0,
2025-07-12,RCPT00002422,ST27,SKU00613,CUST08583,1,37.48,37.48,Online,0.0,
2024-02-08,RCPT00002423,ST27,SKU02141,CUST04606,1,471.88,471.88,Mobile App,0.0,
2024-10-24,RCPT00002425,ST06,SKU01264,CUST07726,2,1108.95,2217.9,In-Store,0.0,
2025-04-26,RCPT00002426,ST01,SKU02311,CUST03610,1,650.22,650.22,Online,0.0,
2025-04-26,RCPT00002426,ST01,SKU02092,CUST03610,2,420.0,840.0,Online,0.0,
2025-04-26,RCPT00002426,ST01,SKU04154,CUST03610,2,351.77,703.54,Online,0.0,
2024-05-23,RCPT00002427,ST12,SKU01285,CUST07981,2,370.92,741.84,In-Store,0.0,
2024-12-12,RCPT00002428,ST07,SKU04066,CUST06647,3,275.52,826.56,In-Store,0.0,
2024-12-12,RCPT00002428,ST07,SKU04460,CUST06647,5,322.19,1610.95,In-Store,0.0,
2024-11-13,RCPT00002429,ST24,SKU01438,CUST08202,2,298.01,596.02,Online,0.0,
2022-07-13,RCPT00002430,ST30,SKU04824,CUST01763,5,1024.94,5124.7,Online,0.0,
2022-05-02,RCPT00002431,ST08,SKU04626,CUST04397,1,468.52,468.52,Online,0.0,
2022-05-02,RCPT00002431,ST08,SKU03746,CUST04397,4,223.44,893.76,Online,0.0,
2025-07-30,RCPT00002432,ST24,SKU02653,CUST05494,3,382.55,1147.65,Online,0.0,
2023-05-07,RCPT00002433,ST26,SKU03743,CUST09592,3,253.24,759.72,Mobile App,0.0,
2023-07-04,RCPT00002434,ST04,SKU03800,CUST02235,5,114.46,572.3,Online,0.0,
2023-07-04,RCPT00002434,ST04,SKU00940,CUST02235,3,148.78,446.34,Online,0.0,
2024-11-07,RCPT00002435,ST28,SKU04321,CUST06540,4,961.3,3845.2,Online,0.0,
2024-11-07,RCPT00002435,ST28,SKU04321,CUST06540,1,961.3,961.3,Online,0.0,
2022-08-03,RCPT00002436,ST24,SKU01371,CUST08934,2,1277.61,2555.22,Mobile App,0.0,
2025-08-05,RCPT00002437,ST06,SKU02928,CUST08798,2,1846.27,3692.54,In-Store,0.0,
2025-08-05,RCPT00002437,ST06,SKU03637,CUST08798,2,91.64,103.55,In-Store,43.5,PROMO020
2023-12-02,RCPT00002438,ST16,SKU02077,CUST07606,1,448.21,448.21,In-Store,0.0,
2023-08-24,RCPT00002439,ST11,SKU04436,CUST05171,1,671.85,586.53,In-Store,12.7,PROMO010
2023-08-24,RCPT00002439,ST11,SKU04167,CUST05171,1,200.13,151.9,In-Store,24.1,PROMO093
2022-01-17,RCPT00002440,ST26,SKU02605,CUST02206,1,67.28,67.28,In-Store,0.0,
2022-01-13,RCPT00002441,ST22,SKU02031,CUST05352,1,1821.78,1821.78,In-Store,0.0,
2022-09-01,RCPT00002442,ST20,SKU02221,CUST01950,2,125.4,228.23,In-Store,9.0,PROMO033
2022-09-01,RCPT00002442,ST20,SKU02368,CUST01950,3,849.39,2318.83,In-Store,9.0,PROMO033
2022-09-01,RCPT00002442,ST20,SKU02858,CUST01950,2,90.7,165.07,In-Store,9.0,PROMO033
2022-09-01,RCPT00002442,ST20,SKU02786,CUST01950,2,69.89,127.2,In-Store,9.0,PROMO033
2024-02-13,RCPT00002443,ST29,SKU04138,CUST02021,1,2075.16,2075.16,Online,0.0,
2024-02-13,RCPT00002443,ST29,SKU04083,CUST02021,1,724.3,724.3,Online,0.0,
2024-02-13,RCPT00002443,ST29,SKU03076,CUST02021,1,1091.52,1091.52,Online,0.0,
2024-09-05,RCPT00002444,ST20,SKU04032,CUST04073,1,203.7,203.7,Online,0.0,
2024-09-05,RCPT00002444,ST20,SKU03325,CUST04073,1,62.69,62.69,Online,0.0,
2024-06-15,RCPT00002445,ST23,SKU01117,CUST05186,1,157.6,135.38,Online,14.1,PROMO023
2024-11-28,RCPT00002446,ST03,SKU01677,CUST07003,4,127.3,509.2,Online,0.0,
2024-11-28,RCPT00002446,ST03,SKU01153,CUST07003,1,897.4,897.4,Online,0.0,
2023-12-08,RCPT00002447,ST21,SKU03571,CUST02089,1,1043.87,1043.87,In-Store,0.0,
2024-03-13,RCPT00002448,ST27,SKU01859,CUST02923,5,1895.5,5326.36,In-Store,43.8,PROMO075
2024-03-13,RCPT00002448,ST27,SKU02930,CUST02923,3,170.16,286.89,In-Store,43.8,PROMO075
2022-03-24,RCPT00002449,ST10,SKU01405,CUST00569,3,579.34,1738.02,In-Store,0.0,
2022-03-24,RCPT00002449,ST10,SKU04596,CUST00569,1,335.55,335.55,In-Store,0.0,
2023-07-05,RCPT00002450,ST29,SKU00047,CUST00295,1,289.44,289.44,Online,0.0,
2023-07-05,RCPT00002450,ST29,SKU04181,CUST00295,2,63.14,126.28,Online,0.0,
2023-07-05,RCPT00002450,ST29,SKU04035,CUST00295,4,140.98,563.92,Online,0.0,
2023-07-05,RCPT00002450,ST29,SKU02335,CUST00295,1,393.56,393.56,Online,0.0,
2023-07-05,RCPT00002450,ST29,SKU00376,CUST00295,1,207.45,207.45,Online,0.0,
2025-03-10,RCPT00002451,ST06,SKU04321,CUST08154,1,961.3,816.14,Online,15.1,PROMO067
2025-03-10,RCPT00002451,ST06,SKU00376,CUST08154,3,207.45,622.35,Online,0.0,
2025-03-10,RCPT00002451,ST06,SKU00625,CUST08154,1,362.43,362.43,Online,0.0,
2025-09-08,RCPT00002452,ST29,SKU00492,CUST05969,1,1126.69,1126.69,In-Store,0.0,
2025-06-10,RCPT00002453,ST22,SKU02083,CUST08247,2,133.13,266.26,In-Store,0.0,
2025-06-10,RCPT00002453,ST22,SKU02434,CUST08247,1,733.61,733.61,In-Store,0.0,
2023-04-08,RCPT00002454,ST12,SKU04940,CUST02000,1,617.3,617.3,In-Store,0.0,
2022-04-05,RCPT00002455,ST30,SKU04321,CUST06951,4,961.3,3845.2,Mobile App,0.0,
2022-04-05,RCPT00002455,ST30,SKU00901,CUST06951,2,653.7,1307.4,Mobile App,0.0,
2022-11-27,RCPT00002456,ST22,SKU01671,CUST02168,1,102.7,102.7,In-Store,0.0,
2022-11-27,RCPT00002456,ST22,SKU04760,CUST02168,2,216.71,350.64,In-Store,19.1,PROMO086
2022-11-27,RCPT00002456,ST22,SKU04321,CUST02168,2,961.3,1922.6,In-Store,0.0,
2022-11-27,RCPT00002456,ST22,SKU02387,CUST02168,2,187.76,375.52,In-Store,0.0,
2022-11-27,RCPT00002456,ST22,SKU03633,CUST02168,3,118.27,354.81,In-Store,0.0,
2023-02-03,RCPT00002457,ST03,SKU03566,CUST06672,2,120.06,240.12,In-Store,0.0,
2023-02-03,RCPT00002457,ST03,SKU01948,CUST06672,1,1592.06,1592.06,In-Store,0.0,
2023-12-24,RCPT00002458,ST03,SKU04424,CUST07572,2,1200.53,1683.14,Online,29.9,PROMO043
2023-12-24,RCPT00002458,ST03,SKU01297,CUST07572,1,280.29,196.48,Online,29.9,PROMO043
2025-06-10,RCPT00002459,ST27,SKU00737,CUST08299,1,436.92,436.92,In-Store,0.0,
2025-06-10,RCPT00002459,ST27,SKU02340,CUST08299,1,234.67,234.67,In-Store,0.0,
2023-10-11,RCPT00002460,ST07,SKU04218,CUST07351,1,96.37,96.37,In-Store,0.0,
2023-10-11,RCPT00002460,ST07,SKU04927,CUST07351,1,201.34,201.34,In-Store,0.0,
2024-10-12,RCPT00002461,ST08,SKU01115,CUST03162,3,124.25,372.75,In-Store,0.0,
2025-07-12,RCPT00002462,ST05,SKU04251,CUST04113,1,184.58,184.58,In-Store,0.0,
2025-07-12,RCPT00002462,ST05,SKU04032,CUST04113,2,203.7,407.4,In-Store,0.0,
2022-12-19,RCPT00002463,ST21,SKU00244,CUST04180,1,750.15,750.15,In-Store,0.0,
2022-12-19,RCPT00002463,ST21,SKU02368,CUST04180,1,849.39,849.39,In-Store,0.0,
2022-12-19,RCPT00002463,ST21,SKU04132,CUST04180,1,2255.25,2255.25,In-Store,0.0,
2022-12-19,RCPT00002463,ST21,SKU00227,CUST04180,4,2851.22,10424.06,In-Store,8.6,PROMO095
2024-05-30,RCPT00002464,ST21,SKU04484,CUST06093,1,219.98,219.98,In-Store,0.0,
2025-11-27,RCPT00002465,ST18,SKU04596,CUST07697,1,335.55,335.55,In-Store,0.0,
2023-08-04,RCPT00002466,ST09,SKU01871,CUST07978,2,155.25,156.18,In-Store,49.7,PROMO030
2024-05-20,RCPT00002467,ST27,SKU03611,CUST06451,1,164.98,164.98,In-Store,0.0,
2024-06-01,RCPT00002468,ST13,SKU04596,CUST06149,2,335.55,671.1,In-Store,0.0,
2024-06-01,RCPT00002468,ST13,SKU03088,CUST06149,3,223.55,670.65,In-Store,0.0,
2024-06-01,RCPT00002468,ST13,SKU04971,CUST06149,1,1795.74,1795.74,In-Store,0.0,
2022-09-16,RCPT00002469,ST28,SKU00888,CUST01521,1,244.92,244.92,In-Store,0.0,
2022-09-16,RCPT00002469,ST28,SKU04321,CUST01521,1,961.3,961.3,In-Store,0.0,
2022-09-16,RCPT00002469,ST28,SKU00486,CUST01521,1,2425.84,2425.84,In-Store,0.0,
2024-07-02,RCPT00002470,ST27,SKU04381,CUST09086,1,192.07,148.66,In-Store,22.6,PROMO045
2024-07-02,RCPT00002470,ST27,SKU03676,CUST09086,3,1392.72,3233.9,In-Store,22.6,PROMO045
2024-05-27,RCPT00002471,ST08,SKU00265,CUST00190,2,246.23,492.46,Mobile App,0.0,
2024-05-27,RCPT00002471,ST08,SKU02665,CUST00190,1,142.5,142.5,Mobile App,0.0,
2024-01-08,RCPT00002472,ST11,SKU03876,CUST07966,2,232.78,465.56,Mobile App,0.0,
2024-01-08,RCPT00002472,ST11,SKU03640,CUST07966,3,331.65,994.95,Mobile App,0.0,
2024-10-05,RCPT00002473,ST17,SKU03324,CUST09958,3,1776.24,3889.97,In-Store,27.0,PROMO094
2024-10-05,RCPT00002473,ST17,SKU04321,CUST09958,1,961.3,701.75,In-Store,27.0,PROMO094
2024-01-21,RCPT00002474,ST16,SKU00542,CUST09942,2,1367.3,2734.6,Online,0.0,
2023-01-27,RCPT00002475,ST20,SKU01371,CUST08484,4,1277.61,5110.44,In-Store,0.0,
2025-10-09,RCPT00002476,ST08,SKU01767,CUST01897,1,219.82,219.82,Online,0.0,
2025-01-01,RCPT00002477,ST13,SKU01045,CUST04682,1,451.29,451.29,In-Store,0.0,
2022-07-10,RCPT00002478,ST01,SKU04504,CUST01800,1,195.03,195.03,In-Store,0.0,
2023-10-28,RCPT00002479,ST26,SKU01695,CUST02090,3,1323.43,3970.29,In-Store,0.0,
2023-10-28,RCPT00002479,ST26,SKU01345,CUST02090,1,344.03,344.03,In-Store,0.0,
2023-10-28,RCPT00002479,ST26,SKU02821,CUST02090,1,965.81,965.81,In-Store,0.0,
2022-04-11,RCPT00002480,ST08,SKU04321,CUST02149,3,961.3,2883.9,Online,0.0,
2022-04-11,RCPT00002480,ST08,SKU03812,CUST02149,3,1167.25,3501.75,Online,0.0,
2022-04-11,RCPT00002480,ST08,SKU03840,CUST02149,2,255.12,510.24,Online,0.0,
2022-07-10,RCPT00002481,ST04,SKU04748,CUST06399,5,553.81,2769.05,Mobile App,0.0,
2022-07-10,RCPT00002481,ST04,SKU02777,CUST06399,2,702.45,1404.9,Mobile App,0.0,
2022-07-10,RCPT00002481,ST04,SKU02465,CUST06399,1,107.75,107.75,Mobile App,0.0,
2022-07-10,RCPT00002481,ST04,SKU03063,CUST06399,3,363.59,1090.77,Mobile App,0.0,
2024-08-07,RCPT00002482,ST10,SKU00688,CUST06730,2,220.16,354.46,In-Store,19.5,PROMO087
2023-09-27,RCPT00002483,ST27,SKU04991,CUST04892,2,206.19,412.38,Mobile App,0.0,
2023-09-27,RCPT00002483,ST27,SKU01371,CUST04892,1,1277.61,1277.61,Mobile App,0.0,
2022-08-21,RCPT00002484,ST20,SKU02651,CUST01722,1,851.41,851.41,In-Store,0.0,
2022-08-21,RCPT00002484,ST20,SKU04630,CUST01722,1,118.95,118.95,In-Store,0.0,
2022-02-01,RCPT00002485,ST27,SKU00168,CUST05308,1,2234.32,2234.32,In-Store,0.0,
2022-03-27,RCPT00002486,ST28,SKU04084,CUST08629,1,89.59,89.59,In-Store,0.0,
2022-03-27,RCPT00002486,ST28,SKU04235,CUST08629,1,205.43,205.43,In-Store,0.0,
2022-03-27,RCPT00002486,ST28,SKU04155,CUST08629,1,2612.22,2612.22,In-Store,0.0,
2023-01-05,RCPT00002487,ST04,SKU04520,CUST01576,1,258.45,258.45,Online,0.0,
2023-01-29,RCPT00002488,ST19,SKU00079,CUST07462,3,197.9,593.7,Online,0.0,
2024-11-12,RCPT00002489,ST06,SKU00376,CUST07685,1,207.45,207.45,Online,0.0,
2025-04-23,RCPT00002490,ST03,SKU03134,CUST06879,4,196.94,787.76,In-Store,0.0,
2025-04-23,RCPT00002490,ST03,SKU04749,CUST06879,1,1569.69,1569.69,In-Store,0.0,
2023-04-23,RCPT00002491,ST06,SKU01152,CUST04984,1,486.03,486.03,Online,0.0,
2022-09-28,RCPT00002492,ST24,SKU02568,CUST08993,2,1014.43,2028.86,Online,0.0,
2022-09-28,RCPT00002492,ST24,SKU02643,CUST08993,1,4162.05,4162.05,Online,0.0,
2022-09-28,RCPT00002492,ST24,SKU04571,CUST08993,2,868.52,1737.04,Online,0.0,
2022-09-28,RCPT00002492,ST24,SKU02923,CUST08993,3,124.18,372.54,Online,0.0,
2024-12-29,RCPT00002493,ST19,SKU03120,CUST02802,1,188.39,188.39,In-Store,0.0,
2022-07-25,RCPT00002494,ST15,SKU00417,CUST05408,1,40.43,40.43,Online,0.0,
2022-07-25,RCPT00002494,ST15,SKU04935,CUST05408,5,623.85,3119.25,Online,0.0,
2022-07-25,RCPT00002494,ST15,SKU00269,CUST05408,1,170.73,170.73,Online,0.0,
2025-10-12,RCPT00002495,ST29,SKU03442,CUST05602,1,157.67,157.67,In-Store,0.0,
2025-10-12,RCPT00002495,ST29,SKU04321,CUST05602,1,961.3,961.3,In-Store,0.0,
2023-09-25,RCPT00002496,ST21,SKU00189,CUST01763,4,69.3,277.2,Mobile App,0.0,
2023-09-25,RCPT00002496,ST21,SKU02156,CUST01763,1,184.79,184.79,Mobile App,0.0,
2023-09-25,RCPT00002496,ST21,SKU02015,CUST01763,3,104.06,312.18,Mobile App,0.0,
2023-09-25,RCPT00002496,ST21,SKU04019,CUST01763,3,496.8,1490.4,Mobile App,0.0,
2025-07-01,RCPT00002497,ST21,SKU02353,CUST03979,1,747.09,747.09,Mobile App,0.0,
2024-07-25,RCPT00002498,ST26,SKU01217,CUST05125,2,184.17,368.34,In-Store,0.0,
2022-06-16,RCPT00002499,ST20,SKU02823,CUST00137,1,596.63,341.27,In-Store,42.8,PROMO022
2022-06-16,RCPT00002499,ST20,SKU00728,CUST00137,5,3555.73,10169.39,In-Store,42.8,PROMO022
2022-06-16,RCPT00002499,ST20,SKU01690,CUST00137,1,721.65,412.78,In-Store,42.8,PROMO022
2022-06-16,RCPT00002499,ST20,SKU04571,CUST00137,1,868.52,496.79,In-Store,42.8,PROMO022
2024-02-08,RCPT00002500,ST01,SKU02892,CUST04680,1,77.05,77.05,In-Store,0.0,
2024-02-08,RCPT00002500,ST01,SKU02034,CUST04680,1,751.83,751.83,In-Store,0.0,
2024-02-08,RCPT00002500,ST01,SKU04321,CUST04680,2,961.3,1922.6,In-Store,0.0,
2022-03-12,RCPT00002501,ST23,SKU00845,CUST08362,2,670.83,1341.66,In-Store,0.0,
2022-03-12,RCPT00002501,ST23,SKU00328,CUST08362,5,204.97,604.66,In-Store,41.0,PROMO076
2022-03-12,RCPT00002501,ST23,SKU04883,CUST08362,1,399.81,399.81,In-Store,0.0,
2023-01-20,RCPT00002502,ST17,SKU03139,CUST05023,4,39.88,159.52,In-Store,0.0,
2024-04-13,RCPT00002503,ST20,SKU01031,CUST09025,1,668.1,335.39,Online,49.8,PROMO019
2022-05-01,RCPT00002504,ST18,SKU03579,CUST03863,1,573.52,573.52,In-Store,0.0,
2022-06-29,RCPT00002505,ST12,SKU02983,CUST03552,2,1062.71,2125.42,In-Store,0.0,
2022-04-11,RCPT00002506,ST03,SKU01757,CUST02608,4,92.06,368.24,In-Store,0.0,
2022-04-11,RCPT00002506,ST03,SKU04365,CUST02608,1,1774.69,1774.69,In-Store,0.0,
2023-11-23,RCPT00002507,ST29,SKU00001,CUST09052,1,813.41,690.59,In-Store,15.1,PROMO064
2023-11-23,RCPT00002507,ST29,SKU04032,CUST09052,1,203.7,203.7,In-Store,0.0,
2023-11-23,RCPT00002507,ST29,SKU04596,CUST09052,4,335.55,1342.2,In-Store,0.0,
2024-05-04,RCPT00002508,ST06,SKU04321,CUST09969,3,961.3,2883.9,In-Store,0.0,
2025-08-18,RCPT00002509,ST18,SKU04321,CUST05594,1,961.3,961.3,Online,0.0,
2022-10-18,RCPT00002510,ST20,SKU04515,CUST03625,3,244.19,732.57,In-Store,0.0,
2022-10-18,RCPT00002510,ST20,SKU01105,CUST03625,1,718.64,718.64,In-Store,0.0,
2022-06-28,RCPT00002511,ST28,SKU04549,CUST00967,3,106.08,318.24,Online,0.0,
2022-06-28,RCPT00002511,ST28,SKU02870,CUST00967,1,794.71,794.71,Online,0.0,
2022-06-28,RCPT00002511,ST28,SKU03395,CUST00967,1,271.84,271.84,Online,0.0,
2024-11-13,RCPT00002512,ST22,SKU04321,CUST00755,1,961.3,961.3,In-Store,0.0,
2022-07-14,RCPT00002513,ST26,SKU04296,CUST00920,1,315.31,315.31,Online,0.0,
2025-11-20,RCPT00002514,ST06,SKU01840,CUST03851,2,117.69,235.38,Online,0.0,
2024-07-25,RCPT00002515,ST08,SKU04290,CUST08196,4,199.57,798.28,Online,0.0,
2024-07-25,RCPT00002515,ST08,SKU03644,CUST08196,5,649.61,3248.05,Online,0.0,
2025-10-25,RCPT00002516,ST25,SKU01492,CUST01661,2,117.46,234.92,Online,0.0,
2025-10-25,RCPT00002516,ST25,SKU00382,CUST01661,1,104.56,104.56,Online,0.0,
2023-09-05,RCPT00002517,ST29,SKU01359,CUST00688,1,303.38,264.85,In-Store,12.7,PROMO010
2023-09-05,RCPT00002517,ST29,SKU04493,CUST00688,1,52.07,45.46,In-Store,12.7,PROMO010
2023-09-05,RCPT00002517,ST29,SKU04728,CUST00688,1,217.88,190.21,In-Store,12.7,PROMO010
2022-10-26,RCPT00002518,ST23,SKU04995,CUST05960,1,1081.35,1081.35,In-Store,0.0,
2022-10-26,RCPT00002518,ST23,SKU00926,CUST05960,3,285.44,856.32,In-Store,0.0,
2022-10-26,RCPT00002518,ST23,SKU04318,CUST05960,1,205.5,205.5,In-Store,0.0,
2024-06-17,RCPT00002519,ST10,SKU04087,CUST02880,2,79.2,136.07,In-Store,14.1,PROMO023
2024-04-06,RCPT00002520,ST18,SKU02141,CUST05394,2,471.88,473.77,Mobile App,49.8,PROMO019
2025-03-07,RCPT00002521,ST12,SKU03536,CUST08099,1,127.11,127.11,Mobile App,0.0,
2025-03-07,RCPT00002521,ST12,SKU04154,CUST08099,1,351.77,351.77,Mobile App,0.0,
2023-03-24,RCPT00002522,ST09,SKU02898,CUST02595,1,989.39,681.69,In-Store,31.1,PROMO079
2022-12-10,RCPT00002523,ST30,SKU04596,CUST04041,1,335.55,335.55,In-Store,0.0,
2024-07-06,RCPT00002524,ST04,SKU01045,CUST08734,3,451.29,974.79,In-Store,28.0,PROMO081
2024-10-30,RCPT00002525,ST11,SKU03850,CUST07654,1,514.7,514.7,In-Store,0.0,
2024-10-30,RCPT00002525,ST11,SKU03827,CUST07654,1,403.01,403.01,In-Store,0.0,
2024-10-30,RCPT00002525,ST11,SKU01249,CUST07654,1,112.21,112.21,In-Store,0.0,
2022-02-04,RCPT00002526,ST21,SKU02531,CUST04311,1,143.49,132.15,Mobile App,7.9,PROMO096
2022-02-04,RCPT00002526,ST21,SKU04321,CUST04311,1,961.3,961.3,Mobile App,0.0,
2022-02-04,RCPT00002526,ST21,SKU02956,CUST04311,1,261.17,261.17,Mobile App,0.0,
2022-10-19,RCPT00002527,ST11,SKU04321,CUST05289,2,961.3,1922.6,In-Store,0.0,
2022-10-19,RCPT00002527,ST11,SKU03004,CUST05289,1,2087.35,2087.35,In-Store,0.0,
2022-10-19,RCPT00002527,ST11,SKU03292,CUST05289,1,164.03,164.03,In-Store,0.0,
2022-10-19,RCPT00002527,ST11,SKU00266,CUST05289,4,4319.42,17277.68,In-Store,0.0,
2022-07-12,RCPT00002528,ST17,SKU01468,CUST09867,4,645.85,2583.4,In-Store,0.0,
2022-07-12,RCPT00002528,ST17,SKU04606,CUST09867,1,1007.37,1007.37,In-Store,0.0,
2024-05-05,RCPT00002529,ST23,SKU04508,CUST04065,3,375.55,1126.65,Mobile App,0.0,
2023-08-01,RCPT00002530,ST03,SKU02404,CUST06441,1,28.16,14.16,Online,49.7,PROMO030
2022-09-29,RCPT00002531,ST26,SKU01551,CUST07656,1,179.55,179.55,In-Store,0.0,
2022-09-29,RCPT00002531,ST26,SKU00075,CUST07656,1,3697.58,3697.58,In-Store,0.0,
2023-11-28,RCPT00002532,ST22,SKU01968,CUST05699,1,599.03,599.03,Mobile App,0.0,
2024-06-03,RCPT00002533,ST17,SKU02682,CUST08063,1,2202.3,2202.3,In-Store,0.0,
2024-06-03,RCPT00002533,ST17,SKU04424,CUST08063,2,1200.53,2401.06,In-Store,0.0,
2025-10-13,RCPT00002534,ST26,SKU03042,CUST01437,1,2656.05,2656.05,Online,0.0,
2023-08-09,RCPT00002535,ST02,SKU03353,CUST05440,1,48.61,48.61,In-Store,0.0,
2023-08-09,RCPT00002535,ST02,SKU00772,CUST05440,1,289.73,289.73,In-Store,0.0,
2022-06-05,RCPT00002536,ST05,SKU00196,CUST08286,1,90.98,52.04,Mobile App,42.8,PROMO022
2022-06-05,RCPT00002536,ST05,SKU02786,CUST08286,2,69.89,79.95,Mobile App,42.8,PROMO022
2022-06-05,RCPT00002536,ST05,SKU01488,CUST08286,2,612.26,700.43,Mobile App,42.8,PROMO022
2022-06-05,RCPT00002536,ST05,SKU02617,CUST08286,1,764.09,437.06,Mobile App,42.8,PROMO022
2022-06-05,RCPT00002536,ST05,SKU04278,CUST08286,3,440.26,755.49,Mobile App,42.8,PROMO022
2023-01-08,RCPT00002537,ST21,SKU01662,CUST07893,3,495.84,1487.52,Online,0.0,
2024-10-06,RCPT00002538,ST06,SKU02878,CUST02541,3,2895.0,6340.05,Mobile App,27.0,PROMO094
2024-10-06,RCPT00002538,ST06,SKU02531,CUST02541,2,143.49,209.5,Mobile App,27.0,PROMO094
2024-10-06,RCPT00002538,ST06,SKU01349,CUST02541,1,342.9,250.32,Mobile App,27.0,PROMO094
2023-01-26,RCPT00002539,ST10,SKU03457,CUST09768,3,207.73,623.19,Mobile App,0.0,
2025-10-22,RCPT00002540,ST11,SKU03930,CUST04176,3,1786.19,5358.57,In-Store,0.0,
2025-10-22,RCPT00002540,ST11,SKU04154,CUST04176,4,351.77,1407.08,In-Store,0.0,
2022-08-08,RCPT00002541,ST27,SKU00185,CUST05494,1,484.73,484.73,Online,0.0,
2022-08-08,RCPT00002541,ST27,SKU00286,CUST05494,4,64.45,257.8,Online,0.0,
2022-08-08,RCPT00002541,ST27,SKU03292,CUST05494,3,164.03,492.09,Online,0.0,
2024-04-27,RCPT00002542,ST22,SKU02858,CUST01918,1,90.7,90.7,In-Store,0.0,
2024-04-27,RCPT00002542,ST22,SKU04321,CUST01918,4,961.3,3845.2,In-Store,0.0,
2024-04-27,RCPT00002542,ST22,SKU02393,CUST01918,1,273.25,273.25,In-Store,0.0,
2025-09-11,RCPT00002543,ST26,SKU00728,CUST05075,2,3555.73,7111.46,In-Store,0.0,
2025-09-11,RCPT00002543,ST26,SKU01641,CUST05075,1,759.85,695.26,In-Store,8.5,PROMO007
2025-09-11,RCPT00002543,ST26,SKU00934,CUST05075,1,1037.02,1037.02,In-Store,0.0,
2023-01-09,RCPT00002544,ST07,SKU00454,CUST07969,1,79.58,79.58,Online,0.0,
2023-01-09,RCPT00002544,ST07,SKU04783,CUST07969,1,1943.37,1943.37,Online,0.0,
2022-03-12,RCPT00002545,ST11,SKU00685,CUST05800,1,2583.23,2583.23,In-Store,0.0,
2022-03-12,RCPT00002545,ST11,SKU02640,CUST05800,1,1563.22,1563.22,In-Store,0.0,
2023-05-06,RCPT00002546,ST06,SKU03292,CUST09693,4,164.03,656.12,In-Store,0.0,
2023-05-06,RCPT00002546,ST06,SKU04614,CUST09693,3,177.07,531.21,In-Store,0.0,
2023-05-06,RCPT00002546,ST06,SKU04170,CUST09693,1,393.34,393.34,In-Store,0.0,
2024-12-13,RCPT00002547,ST09,SKU03384,CUST05502,4,150.88,603.52,In-Store,0.0,
2024-12-13,RCPT00002547,ST09,SKU00511,CUST05502,1,172.85,172.85,In-Store,0.0,
2024-09-05,RCPT00002548,ST15,SKU01354,CUST04519,4,99.58,398.32,In-Store,0.0,
2024-09-05,RCPT00002548,ST15,SKU04455,CUST04519,1,143.47,143.47,In-Store,0.0,
2024-09-08,RCPT00002549,ST08,SKU00773,CUST08754,1,139.16,139.16,Mobile App,0.0,
2024-09-08,RCPT00002549,ST08,SKU04904,CUST08754,1,1471.86,1471.86,Mobile App,0.0,
2024-09-08,RCPT00002549,ST08,SKU02255,CUST08754,4,234.37,937.48,Mobile App,0.0,
2022-07-31,RCPT00002550,ST22,SKU01876,CUST02278,4,282.4,1129.6,In-Store,0.0,
2022-07-31,RCPT00002550,ST22,SKU00976,CUST02278,1,268.42,268.42,In-Store,0.0,
2022-07-31,RCPT00002550,ST22,SKU00953,CUST02278,1,273.99,273.99,In-Store,0.0,
2022-07-19,RCPT00002551,ST20,SKU02113,CUST09276,2,309.55,348.55,Mobile App,43.7,PROMO026
2022-07-19,RCPT00002551,ST20,SKU01372,CUST09276,1,1572.73,1572.73,Mobile App,0.0,
2024-03-08,RCPT00002552,ST17,SKU00210,CUST09678,1,3556.85,1998.95,Mobile App,43.8,PROMO075
2022-11-26,RCPT00002553,ST12,SKU00991,CUST07625,1,226.46,226.46,In-Store,0.0,
2022-11-26,RCPT00002553,ST12,SKU02740,CUST07625,1,104.22,104.22,In-Store,0.0,
2022-11-26,RCPT00002553,ST12,SKU04596,CUST07625,1,335.55,335.55,In-Store,0.0,
2022-09-14,RCPT00002554,ST08,SKU00019,CUST04171,2,394.36,788.72,In-Store,0.0,
2022-09-14,RCPT00002554,ST08,SKU04789,CUST04171,4,67.08,268.32,In-Store,0.0,
2024-04-27,RCPT00002555,ST01,SKU00994,CUST05627,4,602.13,2408.52,Mobile App,0.0,
2024-04-27,RCPT00002555,ST01,SKU03028,CUST05627,1,242.32,242.32,Mobile App,0.0,
2024-04-27,RCPT00002555,ST01,SKU04053,CUST05627,2,315.46,630.92,Mobile App,0.0,
2023-02-15,RCPT00002556,ST09,SKU02114,CUST09307,1,712.38,712.38,In-Store,0.0,
2023-02-15,RCPT00002556,ST09,SKU04088,CUST09307,4,146.66,586.64,In-Store,0.0,
2025-02-28,RCPT00002557,ST14,SKU01755,CUST06136,2,158.5,317.0,Mobile App,0.0,
2025-07-28,RCPT00002558,ST04,SKU04321,CUST07818,1,961.3,496.99,Online,48.3,PROMO032
2025-07-28,RCPT00002558,ST04,SKU02314,CUST07818,1,471.33,471.33,Online,0.0,
2025-07-28,RCPT00002558,ST04,SKU04813,CUST07818,1,397.81,397.81,Online,0.0,
2022-07-15,RCPT00002559,ST17,SKU04299,CUST07527,3,677.46,2032.38,In-Store,0.0,
2022-07-15,RCPT00002559,ST17,SKU00492,CUST07527,1,1126.69,1126.69,In-Store,0.0,
2025-08-13,RCPT00002560,ST07,SKU02462,CUST06396,4,171.89,687.56,In-Store,0.0,
2025-08-13,RCPT00002560,ST07,SKU02611,CUST06396,1,191.87,191.87,In-Store,0.0,
2022-05-01,RCPT00002561,ST26,SKU04350,CUST06965,1,394.93,394.93,In-Store,0.0,
2022-05-01,RCPT00002561,ST26,SKU02730,CUST06965,1,247.3,247.3,In-Store,0.0,
2025-08-03,RCPT00002562,ST01,SKU03313,CUST01133,3,322.08,966.24,Mobile App,0.0,
2025-08-03,RCPT00002562,ST01,SKU04321,CUST01133,1,961.3,496.99,Mobile App,48.3,PROMO032
2025-02-22,RCPT00002563,ST25,SKU01576,CUST01859,1,709.54,395.21,Mobile App,44.3,PROMO041
2023-03-12,RCPT00002564,ST27,SKU02415,CUST09712,2,441.21,820.65,In-Store,7.0,PROMO002
2023-03-12,RCPT00002564,ST27,SKU04596,CUST09712,1,335.55,312.06,In-Store,7.0,PROMO002
2024-12-29,RCPT00002565,ST29,SKU01591,CUST08797,3,239.52,718.56,In-Store,0.0,
2024-12-29,RCPT00002565,ST29,SKU03914,CUST08797,1,268.05,268.05,In-Store,0.0,
2024-12-29,RCPT00002565,ST29,SKU04034,CUST08797,1,1575.82,1575.82,In-Store,0.0,
2025-08-24,RCPT00002566,ST03,SKU00179,CUST07876,3,85.36,256.08,In-Store,0.0,
2025-08-24,RCPT00002566,ST03,SKU00127,CUST07876,1,223.69,223.69,In-Store,0.0,
2025-08-24,RCPT00002566,ST03,SKU01371,CUST07876,3,1277.61,3832.83,In-Store,0.0,
2022-11-09,RCPT00002567,ST01,SKU00851,CUST01103,2,2160.89,4321.78,In-Store,0.0,
2025-02-05,RCPT00002568,ST01,SKU04321,CUST00096,1,961.3,961.3,In-Store,0.0,
2025-02-05,RCPT00002568,ST01,SKU01255,CUST00096,1,182.77,182.77,In-Store,0.0,
2024-09-10,RCPT00002569,ST08,SKU03727,CUST07468,2,1660.93,3321.86,Mobile App,0.0,
2024-09-10,RCPT00002569,ST08,SKU04321,CUST07468,2,961.3,1922.6,Mobile App,0.0,
2024-09-10,RCPT00002569,ST08,SKU00097,CUST07468,2,1103.71,2207.42,Mobile App,0.0,
2025-04-13,RCPT00002570,ST11,SKU02315,CUST01622,3,569.66,1708.98,Online,0.0,
2022-06-22,RCPT00002571,ST25,SKU03727,CUST08199,1,1660.93,1660.93,In-Store,0.0,
2024-01-01,RCPT00002572,ST27,SKU00994,CUST03627,1,602.13,422.09,Online,29.9,PROMO043
2022-11-13,RCPT00002573,ST28,SKU02189,CUST09077,2,100.87,201.74,In-Store,0.0,
2022-11-13,RCPT00002573,ST28,SKU00953,CUST09077,2,273.99,547.98,In-Store,0.0,
2022-11-13,RCPT00002573,ST28,SKU02932,CUST09077,4,606.53,2426.12,In-Store,0.0,
2022-11-13,RCPT00002573,ST28,SKU02200,CUST09077,4,866.94,2566.14,In-Store,26.0,PROMO050
2022-12-18,RCPT00002574,ST11,SKU04105,CUST01388,3,464.78,1394.34,In-Store,0.0,
2022-12-18,RCPT00002574,ST11,SKU04913,CUST01388,1,466.91,466.91,In-Store,0.0,
2022-03-14,RCPT00002575,ST23,SKU03727,CUST02166,2,1660.93,3321.86,In-Store,0.0,
2024-03-30,RCPT00002576,ST08,SKU02795,CUST02570,2,2010.34,2259.62,In-Store,43.8,PROMO075
2024-03-30,RCPT00002576,ST08,SKU03688,CUST02570,1,671.66,377.47,In-Store,43.8,PROMO075
2025-04-01,RCPT00002577,ST30,SKU01968,CUST05921,1,599.03,599.03,Mobile App,0.0,
2025-04-01,RCPT00002577,ST30,SKU02543,CUST05921,1,1956.24,1956.24,Mobile App,0.0,
2025-12-03,RCPT00002578,ST25,SKU04476,CUST05103,3,134.95,404.85,Online,0.0,
2025-12-03,RCPT00002578,ST25,SKU04584,CUST05103,1,278.58,278.58,Online,0.0,
2025-12-03,RCPT00002578,ST25,SKU04137,CUST05103,1,2390.77,2390.77,Online,0.0,
2024-05-01,RCPT00002579,ST07,SKU04380,CUST02706,1,286.93,286.93,In-Store,0.0,
2024-05-01,RCPT00002579,ST07,SKU00994,CUST02706,1,602.13,602.13,In-Store,0.0,
2022-09-10,RCPT00002580,ST03,SKU01363,CUST06816,1,3184.6,3184.6,In-Store,0.0,
2022-02-19,RCPT00002581,ST28,SKU03406,CUST00017,2,256.16,512.32,In-Store,0.0,
2022-02-19,RCPT00002581,ST28,SKU02015,CUST00017,2,104.06,208.12,In-Store,0.0,
2024-06-13,RCPT00002582,ST20,SKU04615,CUST09956,1,277.75,238.59,Online,14.1,PROMO023
2024-06-13,RCPT00002582,ST20,SKU01894,CUST09956,2,620.89,1066.69,Online,14.1,PROMO023
2022-04-12,RCPT00002583,ST07,SKU01775,CUST08858,1,204.15,204.15,In-Store,0.0,
2022-04-12,RCPT00002583,ST07,SKU01987,CUST08858,1,1078.02,1078.02,In-Store,0.0,
2022-04-12,RCPT00002583,ST07,SKU04975,CUST08858,3,125.79,377.37,In-Store,0.0,
2024-01-28,RCPT00002584,ST19,SKU02830,CUST03573,1,150.61,78.02,In-Store,48.2,PROMO069
2024-01-28,RCPT00002584,ST19,SKU01304,CUST03573,1,76.18,39.46,In-Store,48.2,PROMO069
2024-01-28,RCPT00002584,ST19,SKU04012,CUST03573,1,631.0,326.86,In-Store,48.2,PROMO069
2024-04-23,RCPT00002585,ST01,SKU03246,CUST09701,1,2508.18,2508.18,In-Store,0.0,
2025-05-31,RCPT00002586,ST17,SKU04321,CUST01956,1,961.3,961.3,Online,0.0,
2024-08-09,RCPT00002587,ST29,SKU03870,CUST09845,1,301.78,301.78,In-Store,0.0,
2023-04-18,RCPT00002588,ST05,SKU01129,CUST09089,1,329.67,257.47,In-Store,21.9,PROMO046
2023-04-18,RCPT00002588,ST05,SKU04596,CUST09089,1,335.55,262.06,In-Store,21.9,PROMO046
2023-11-28,RCPT00002589,ST01,SKU00913,CUST07970,1,77.47,77.47,In-Store,0.0,
2022-07-27,RCPT00002590,ST29,SKU03541,CUST09185,1,711.13,711.13,Mobile App,0.0,
2024-12-03,RCPT00002591,ST09,SKU04321,CUST09354,2,961.3,1922.6,Online,0.0,
2024-03-06,RCPT00002592,ST03,SKU00994,CUST09478,4,602.13,1353.59,Online,43.8,PROMO075
2025-07-30,RCPT00002593,ST07,SKU01866,CUST03725,2,264.81,529.62,Online,0.0,
2023-10-15,RCPT00002594,ST29,SKU04596,CUST02987,2,335.55,671.1,In-Store,0.0,
2023-10-21,RCPT00002595,ST24,SKU04321,CUST04295,2,961.3,1922.6,In-Store,0.0,
2022-06-22,RCPT00002596,ST28,SKU04046,CUST07187,1,114.83,114.83,In-Store,0.0,
2022-06-22,RCPT00002596,ST28,SKU02896,CUST07187,2,1512.83,3025.66,In-Store,0.0,
2022-06-22,RCPT00002596,ST28,SKU02399,CUST07187,2,178.53,357.06,In-Store,0.0,
2022-06-22,RCPT00002596,ST28,SKU02247,CUST07187,2,179.3,358.6,In-Store,0.0,
2022-06-22,RCPT00002596,ST28,SKU04783,CUST07187,1,1943.37,1943.37,In-Store,0.0,
2025-01-12,RCPT00002597,ST28,SKU00044,CUST09927,1,525.77,525.77,Online,0.0,
2025-01-12,RCPT00002597,ST28,SKU00140,CUST09927,4,148.11,592.44,Online,0.0,
2025-01-12,RCPT00002597,ST28,SKU04154,CUST09927,2,351.77,703.54,Online,0.0,
2025-01-12,RCPT00002597,ST28,SKU04430,CUST09927,2,132.15,150.12,Online,43.2,PROMO098
2025-12-04,RCPT00002598,ST03,SKU03450,CUST06733,1,288.17,288.17,In-Store,0.0,
2025-12-04,RCPT00002598,ST03,SKU04132,CUST06733,2,2255.25,4510.5,In-Store,0.0,
2025-12-04,RCPT00002598,ST03,SKU00974,CUST06733,1,47.34,47.34,In-Store,0.0,
2022-09-06,RCPT00002599,ST13,SKU00363,CUST04610,1,1103.75,1004.41,In-Store,9.0,PROMO033
2024-10-07,RCPT00002600,ST17,SKU03815,CUST07963,4,160.57,468.86,In-Store,27.0,PROMO094
2024-09-13,RCPT00002601,ST30,SKU02114,CUST05942,3,712.38,2137.14,In-Store,0.0,
2024-04-05,RCPT00002602,ST19,SKU02368,CUST06616,2,849.39,852.79,Online,49.8,PROMO019
2024-12-17,RCPT00002603,ST07,SKU03719,CUST07803,1,134.23,134.23,In-Store,0.0,
2025-08-20,RCPT00002604,ST23,SKU03389,CUST08220,1,580.11,580.11,Mobile App,0.0,
2025-08-20,RCPT00002604,ST23,SKU01189,CUST08220,2,2299.8,4599.6,Mobile App,0.0,
2025-08-20,RCPT00002604,ST23,SKU00893,CUST08220,1,690.66,690.66,Mobile App,0.0,
2025-01-29,RCPT00002605,ST07,SKU00605,CUST00565,1,420.44,420.44,In-Store,0.0,
2025-01-29,RCPT00002605,ST07,SKU03531,CUST00565,1,1772.13,1772.13,In-Store,0.0,
2025-01-29,RCPT00002605,ST07,SKU01294,CUST00565,1,441.87,441.87,In-Store,0.0,
2025-01-29,RCPT00002605,ST07,SKU00826,CUST00565,1,186.38,186.38,In-Store,0.0,
2024-10-08,RCPT00002606,ST24,SKU04154,CUST06198,1,351.77,256.79,Online,27.0,PROMO094
2024-09-26,RCPT00002607,ST11,SKU02368,CUST00779,1,849.39,620.05,Online,27.0,PROMO094
2024-09-26,RCPT00002607,ST11,SKU01133,CUST00779,1,347.45,253.64,Online,27.0,PROMO094
2022-12-20,RCPT00002608,ST07,SKU00174,CUST05091,3,638.72,1916.16,Mobile App,0.0,
2022-08-05,RCPT00002609,ST03,SKU00484,CUST05782,2,179.04,358.08,Online,0.0,
2023-08-27,RCPT00002610,ST16,SKU02379,CUST04140,3,119.83,313.83,Mobile App,12.7,PROMO010
2023-08-27,RCPT00002610,ST16,SKU04596,CUST04140,3,335.55,770.09,Mobile App,23.5,PROMO051
2023-11-08,RCPT00002611,ST22,SKU04466,CUST08578,2,224.59,449.18,In-Store,0.0,
2023-11-08,RCPT00002611,ST22,SKU04596,CUST08578,2,335.55,671.1,In-Store,0.0,
2024-11-22,RCPT00002612,ST19,SKU01507,CUST08666,4,220.84,883.36,In-Store,0.0,
2024-11-22,RCPT00002612,ST19,SKU00404,CUST08666,1,230.08,230.08,In-Store,0.0,
2024-11-22,RCPT00002612,ST19,SKU00445,CUST08666,4,87.15,348.6,In-Store,0.0,
2023-07-19,RCPT00002613,ST20,SKU00875,CUST09615,3,1556.21,4668.63,In-Store,0.0,
2025-09-11,RCPT00002614,ST21,SKU01068,CUST02359,1,2201.06,2201.06,In-Store,0.0,
2025-02-02,RCPT00002615,ST21,SKU03567,CUST02323,1,458.98,458.98,In-Store,0.0,
2025-02-02,RCPT00002615,ST21,SKU01758,CUST02323,2,127.26,254.52,In-Store,0.0,
2025-02-02,RCPT00002615,ST21,SKU00953,CUST02323,2,273.99,547.98,In-Store,0.0,
2025-02-02,RCPT00002615,ST21,SKU04445,CUST02323,2,975.78,1951.56,In-Store,0.0,
2022-07-22,RCPT00002616,ST08,SKU02141,CUST04380,1,471.88,471.88,In-Store,0.0,
2022-07-22,RCPT00002616,ST08,SKU04329,CUST04380,2,2452.07,4904.14,In-Store,0.0,
2024-05-29,RCPT00002617,ST15,SKU02820,CUST07975,1,859.3,859.3,Mobile App,0.0,
2023-07-16,RCPT00002618,ST14,SKU01904,CUST02630,1,280.72,280.72,In-Store,0.0,
2023-12-17,RCPT00002619,ST20,SKU02916,CUST08035,1,811.15,811.15,In-Store,0.0,
2023-12-17,RCPT00002619,ST20,SKU04641,CUST08035,1,113.8,113.8,In-Store,0.0,
2023-12-17,RCPT00002619,ST20,SKU04154,CUST08035,1,351.77,351.77,In-Store,0.0,
2023-12-17,RCPT00002619,ST20,SKU04321,CUST08035,1,961.3,961.3,In-Store,0.0,
2023-12-17,RCPT00002619,ST20,SKU03718,CUST08035,2,2305.93,4611.86,In-Store,0.0,
2023-08-21,RCPT00002620,ST24,SKU03053,CUST04602,1,4086.72,3567.71,In-Store,12.7,PROMO010
2023-08-21,RCPT00002620,ST24,SKU04004,CUST04602,3,309.68,705.14,In-Store,24.1,PROMO093
2024-06-20,RCPT00002621,ST29,SKU03292,CUST08544,2,164.03,281.8,Online,14.1,PROMO023
2024-06-20,RCPT00002621,ST29,SKU01041,CUST08544,1,395.7,339.91,Online,14.1,PROMO023
2024-06-20,RCPT00002621,ST29,SKU00504,CUST08544,1,1466.31,1259.56,Online,14.1,PROMO023
2022-05-07,RCPT00002622,ST18,SKU04130,CUST03343,2,710.24,1420.48,In-Store,0.0,
2023-06-06,RCPT00002623,ST17,SKU03134,CUST01807,1,196.94,118.36,In-Store,39.9,PROMO040
2023-05-12,RCPT00002624,ST06,SKU03460,CUST06802,1,3034.93,3034.93,In-Store,0.0,
2022-12-16,RCPT00002625,ST18,SKU04596,CUST05400,5,335.55,1677.75,In-Store,0.0,
2023-07-29,RCPT00002626,ST18,SKU04321,CUST07609,2,961.3,1445.8,Online,24.8,PROMO061
2023-09-27,RCPT00002627,ST11,SKU04321,CUST08281,4,961.3,3845.2,In-Store,0.0,
2023-09-27,RCPT00002627,ST11,SKU00924,CUST08281,3,401.13,1203.39,In-Store,0.0,
2023-09-27,RCPT00002627,ST11,SKU01048,CUST08281,2,96.18,192.36,In-Store,0.0,
2023-09-27,RCPT00002627,ST11,SKU01797,CUST08281,1,74.29,74.29,In-Store,0.0,
2025-06-23,RCPT00002628,ST06,SKU01491,CUST01550,3,848.79,2546.37,In-Store,0.0,
2025-06-23,RCPT00002628,ST06,SKU03297,CUST01550,3,185.56,556.68,In-Store,0.0,
2025-06-23,RCPT00002628,ST06,SKU04424,CUST01550,2,1200.53,2401.06,In-Store,0.0,
2023-11-11,RCPT00002629,ST20,SKU00687,CUST08279,1,1165.09,1165.09,In-Store,0.0,
2023-11-11,RCPT00002629,ST20,SKU00595,CUST08279,3,2693.97,8081.91,In-Store,0.0,
2023-11-11,RCPT00002629,ST20,SKU03306,CUST08279,2,1549.76,2631.49,In-Store,15.1,PROMO064
2023-11-11,RCPT00002629,ST20,SKU01677,CUST08279,1,127.3,127.3,In-Store,0.0,
2022-03-23,RCPT00002630,ST14,SKU00639,CUST08911,3,853.59,2560.77,Online,0.0,
2022-03-23,RCPT00002630,ST14,SKU01326,CUST08911,1,248.26,248.26,Online,0.0,
2022-03-23,RCPT00002630,ST14,SKU00983,CUST08911,1,1292.33,1292.33,Online,0.0,
2024-01-05,RCPT00002631,ST09,SKU03854,CUST09238,3,482.43,1447.29,Online,0.0,
2024-12-10,RCPT00002632,ST17,SKU00376,CUST06392,3,207.45,622.35,Online,0.0,
2024-12-10,RCPT00002632,ST17,SKU02268,CUST06392,2,205.47,410.94,Online,0.0,
2024-12-10,RCPT00002632,ST17,SKU04489,CUST06392,1,251.01,251.01,Online,0.0,
2024-12-26,RCPT00002633,ST05,SKU04321,CUST06928,1,961.3,961.3,Mobile App,0.0,
2025-02-28,RCPT00002634,ST29,SKU00942,CUST04380,2,172.9,345.8,Online,0.0,
2022-01-08,RCPT00002635,ST21,SKU04450,CUST08989,5,507.9,2539.5,In-Store,0.0,
2022-01-08,RCPT00002635,ST21,SKU00872,CUST08989,3,215.12,645.36,In-Store,0.0,
2023-07-17,RCPT00002636,ST29,SKU04824,CUST01879,1,1024.94,1024.94,In-Store,0.0,
2023-07-17,RCPT00002636,ST29,SKU02130,CUST01879,3,749.78,2249.34,In-Store,0.0,
2023-07-17,RCPT00002636,ST29,SKU03377,CUST01879,1,169.11,169.11,In-Store,0.0,
2025-11-07,RCPT00002637,ST18,SKU04705,CUST01960,1,147.03,147.03,In-Store,0.0,
2025-11-07,RCPT00002637,ST18,SKU00190,CUST01960,1,145.42,145.42,In-Store,0.0,
2025-11-07,RCPT00002637,ST18,SKU00588,CUST01960,4,189.7,758.8,In-Store,0.0,
2023-06-18,RCPT00002638,ST03,SKU02426,CUST02766,2,191.07,382.14,In-Store,0.0,
2022-04-08,RCPT00002639,ST19,SKU04170,CUST03414,1,393.34,393.34,In-Store,0.0,
2025-06-03,RCPT00002640,ST19,SKU01164,CUST07929,2,241.81,483.62,Mobile App,0.0,
2025-06-03,RCPT00002640,ST19,SKU04154,CUST07929,2,351.77,703.54,Mobile App,0.0,
2024-06-07,RCPT00002641,ST24,SKU00038,CUST03267,2,377.52,755.04,In-Store,0.0,
2024-11-20,RCPT00002642,ST20,SKU03088,CUST07454,3,223.55,670.65,In-Store,0.0,
2022-10-30,RCPT00002643,ST27,SKU00378,CUST00992,2,224.48,448.96,Online,0.0,
2022-02-20,RCPT00002644,ST30,SKU04321,CUST00467,1,961.3,961.3,Online,0.0,
2022-02-20,RCPT00002644,ST30,SKU02642,CUST00467,5,191.59,957.95,Online,0.0,
2022-02-20,RCPT00002644,ST30,SKU03907,CUST00467,1,876.73,876.73,Online,0.0,
2022-02-20,RCPT00002644,ST30,SKU01774,CUST00467,3,129.33,387.99,Online,0.0,
2022-02-20,RCPT00002644,ST30,SKU02141,CUST00467,1,471.88,471.88,Online,0.0,
2022-05-02,RCPT00002645,ST10,SKU01750,CUST00136,1,225.67,225.67,In-Store,0.0,
2022-05-02,RCPT00002645,ST10,SKU00845,CUST00136,5,670.83,3354.15,In-Store,0.0,
2022-05-02,RCPT00002645,ST10,SKU04321,CUST00136,3,961.3,2883.9,In-Store,0.0,
2022-05-02,RCPT00002645,ST10,SKU01691,CUST00136,3,242.67,728.01,In-Store,0.0,
2023-06-12,RCPT00002646,ST04,SKU01191,CUST06493,2,672.51,1345.02,In-Store,0.0,
2022-06-05,RCPT00002647,ST25,SKU04321,CUST05906,1,961.3,549.86,In-Store,42.8,PROMO022
2022-06-05,RCPT00002647,ST25,SKU04321,CUST05906,2,961.3,1099.73,In-Store,42.8,PROMO022
2022-06-05,RCPT00002647,ST25,SKU03055,CUST05906,1,130.59,74.7,In-Store,42.8,PROMO022
2023-10-10,RCPT00002648,ST28,SKU02054,CUST04270,1,148.75,148.75,Mobile App,0.0,
2023-10-10,RCPT00002648,ST28,SKU04166,CUST04270,2,263.67,527.34,Mobile App,0.0,
2023-10-10,RCPT00002648,ST28,SKU04596,CUST04270,2,335.55,671.1,Mobile App,0.0,
2024-04-23,RCPT00002649,ST09,SKU03149,CUST04832,4,610.58,2442.32,In-Store,0.0,
2024-04-23,RCPT00002649,ST09,SKU01755,CUST04832,1,158.5,158.5,In-Store,0.0,
2022-05-28,RCPT00002650,ST03,SKU01274,CUST05088,3,558.36,958.15,In-Store,42.8,PROMO022
2023-12-30,RCPT00002651,ST24,SKU03643,CUST06467,2,259.02,363.15,In-Store,29.9,PROMO043
2022-05-09,RCPT00002652,ST06,SKU00813,CUST07775,2,1860.66,3721.32,In-Store,0.0,
2022-05-09,RCPT00002652,ST06,SKU03378,CUST07775,1,119.38,119.38,In-Store,0.0,
2023-01-10,RCPT00002653,ST21,SKU00506,CUST02880,1,319.73,319.73,Mobile App,0.0,
2023-01-10,RCPT00002653,ST21,SKU03727,CUST02880,1,1660.93,1660.93,Mobile App,0.0,
2023-01-10,RCPT00002653,ST21,SKU02696,CUST02880,1,153.52,153.52,Mobile App,0.0,
2023-07-16,RCPT00002654,ST10,SKU03816,CUST01953,1,2031.96,2031.96,In-Store,0.0,
2023-07-16,RCPT00002654,ST10,SKU04321,CUST01953,2,961.3,1445.8,In-Store,24.8,PROMO061
2025-08-14,RCPT00002655,ST07,SKU04489,CUST08654,1,251.01,251.01,Online,0.0,
2025-08-14,RCPT00002655,ST07,SKU01993,CUST08654,2,142.17,284.34,Online,0.0,
2025-10-06,RCPT00002656,ST24,SKU01993,CUST03371,1,142.17,142.17,Mobile App,0.0,
2024-05-25,RCPT00002657,ST13,SKU00484,CUST04899,1,179.04,179.04,In-Store,0.0,
2023-08-17,RCPT00002658,ST08,SKU00445,CUST09429,2,87.15,174.3,Online,0.0,
2024-08-07,RCPT00002659,ST09,SKU04625,CUST09059,2,66.1,132.2,In-Store,0.0,
2022-11-27,RCPT00002660,ST07,SKU04860,CUST01408,3,142.95,428.85,In-Store,0.0,
2023-10-15,RCPT00002661,ST30,SKU04348,CUST07710,1,274.76,274.76,In-Store,0.0,
2024-05-18,RCPT00002662,ST21,SKU01961,CUST07348,1,250.71,168.48,Mobile App,32.8,PROMO036
2024-06-10,RCPT00002663,ST18,SKU00151,CUST05346,1,201.86,201.86,In-Store,0.0,
2024-06-10,RCPT00002663,ST18,SKU04309,CUST05346,1,126.84,126.84,In-Store,0.0,
2024-06-10,RCPT00002663,ST18,SKU04984,CUST05346,1,236.75,236.75,In-Store,0.0,
2024-04-29,RCPT00002664,ST01,SKU04302,CUST09792,4,174.83,699.32,Online,0.0,
2024-04-29,RCPT00002664,ST01,SKU02405,CUST09792,3,152.08,456.24,Online,0.0,
2024-04-29,RCPT00002664,ST01,SKU04596,CUST09792,1,335.55,335.55,Online,0.0,
2023-12-28,RCPT00002665,ST10,SKU03593,CUST01276,3,25.67,53.98,In-Store,29.9,PROMO043
2023-12-28,RCPT00002665,ST10,SKU02503,CUST01276,1,280.9,196.91,In-Store,29.9,PROMO043
2023-12-28,RCPT00002665,ST10,SKU04799,CUST01276,1,161.33,113.09,In-Store,29.9,PROMO043
2024-11-15,RCPT00002666,ST23,SKU01823,CUST06896,1,1248.39,1248.39,Online,0.0,
2024-11-15,RCPT00002666,ST23,SKU02181,CUST06896,3,165.04,495.12,Online,0.0,
2024-11-15,RCPT00002666,ST23,SKU01274,CUST06896,1,558.36,558.36,Online,0.0,
2025-05-28,RCPT00002667,ST28,SKU04335,CUST01878,1,284.74,284.74,Online,0.0,
2022-12-20,RCPT00002668,ST13,SKU00726,CUST00128,2,974.67,1949.34,Online,0.0,
2022-01-10,RCPT00002669,ST26,SKU01556,CUST00736,1,1701.38,1701.38,In-Store,0.0,
2022-01-10,RCPT00002669,ST26,SKU04216,CUST00736,2,1422.8,2845.6,In-Store,0.0,
2023-04-12,RCPT00002670,ST12,SKU01437,CUST01650,4,1550.38,4272.85,Online,31.1,PROMO079
2025-08-11,RCPT00002671,ST15,SKU01952,CUST08909,3,1332.06,2445.66,Online,38.8,PROMO056
2025-08-11,RCPT00002671,ST15,SKU04950,CUST08909,3,340.58,1021.74,Online,0.0,
2025-10-25,RCPT00002672,ST26,SKU01662,CUST02915,3,495.84,1487.52,Online,0.0,
2025-10-25,RCPT00002672,ST26,SKU02678,CUST02915,2,159.07,318.14,Online,0.0,
2025-10-25,RCPT00002672,ST26,SKU02738,CUST02915,1,230.16,230.16,Online,0.0,
2025-10-25,RCPT00002672,ST26,SKU00953,CUST02915,3,273.99,821.97,Online,0.0,
2024-09-30,RCPT00002673,ST09,SKU04840,CUST00759,2,639.65,933.89,Online,27.0,PROMO094
2024-09-30,RCPT00002673,ST09,SKU04321,CUST00759,1,961.3,701.75,Online,27.0,PROMO094
2024-09-30,RCPT00002673,ST09,SKU01555,CUST00759,3,110.36,241.69,Online,27.0,PROMO094
2025-08-08,RCPT00002674,ST30,SKU04596,CUST00006,2,335.55,671.1,Online,0.0,
2024-07-22,RCPT00002675,ST05,SKU00372,CUST07427,4,44.47,177.88,In-Store,0.0,
2024-07-22,RCPT00002675,ST05,SKU02377,CUST07427,1,93.23,93.23,In-Store,0.0,
2022-04-25,RCPT00002676,ST27,SKU01780,CUST09775,5,378.86,1894.3,In-Store,0.0,
2022-04-25,RCPT00002676,ST27,SKU00893,CUST09775,4,690.66,2762.64,In-Store,0.0,
2022-04-25,RCPT00002676,ST27,SKU03476,CUST09775,1,681.44,681.44,In-Store,0.0,
2022-04-25,RCPT00002676,ST27,SKU01966,CUST09775,1,110.6,110.6,In-Store,0.0,
2024-04-20,RCPT00002677,ST17,SKU04154,CUST07432,1,351.77,351.77,Online,0.0,
2024-04-20,RCPT00002677,ST17,SKU01712,CUST07432,1,264.48,264.48,Online,0.0,
2024-05-18,RCPT00002678,ST02,SKU01365,CUST08596,1,57.76,38.81,Online,32.8,PROMO036
2024-05-18,RCPT00002678,ST02,SKU04596,CUST08596,1,335.55,225.49,Online,32.8,PROMO036
2024-05-18,RCPT00002678,ST02,SKU00260,CUST08596,2,139.74,187.81,Online,32.8,PROMO036
2024-05-18,RCPT00002678,ST02,SKU01162,CUST08596,3,154.8,312.08,Online,32.8,PROMO036
2023-12-17,RCPT00002679,ST05,SKU02858,CUST01268,1,90.7,90.7,In-Store,0.0,
2023-12-17,RCPT00002679,ST05,SKU04722,CUST01268,2,328.81,657.62,In-Store,0.0,
2023-12-17,RCPT00002679,ST05,SKU01054,CUST01268,3,583.57,1750.71,In-Store,0.0,
2023-12-17,RCPT00002679,ST05,SKU01192,CUST01268,1,149.22,149.22,In-Store,0.0,
2023-12-17,RCPT00002679,ST05,SKU00391,CUST01268,1,1207.83,1207.83,In-Store,0.0,
2023-06-19,RCPT00002680,ST06,SKU00994,CUST05045,3,602.13,1806.39,Online,0.0,
2023-06-19,RCPT00002680,ST06,SKU00818,CUST05045,2,363.79,727.58,Online,0.0,
2024-06-27,RCPT00002681,ST07,SKU00551,CUST07191,3,771.74,1666.96,In-Store,28.0,PROMO081
2025-02-13,RCPT00002682,ST06,SKU02557,CUST01141,2,2280.46,2540.43,In-Store,44.3,PROMO041
2024-03-18,RCPT00002683,ST28,SKU02660,CUST09802,1,81.91,46.03,In-Store,43.8,PROMO075
2025-05-11,RCPT00002684,ST11,SKU01561,CUST00269,1,642.41,642.41,Online,0.0,
2025-05-11,RCPT00002684,ST11,SKU04827,CUST00269,2,319.42,638.84,Online,0.0,
2025-05-11,RCPT00002684,ST11,SKU01993,CUST00269,2,142.17,284.34,Online,0.0,
2025-05-11,RCPT00002684,ST11,SKU02568,CUST00269,2,1014.43,2028.86,Online,0.0,
2025-05-11,RCPT00002684,ST11,SKU04166,CUST00269,1,263.67,263.67,Online,0.0,
2023-01-07,RCPT00002685,ST21,SKU02797,CUST06720,1,370.39,370.39,In-Store,0.0,
2023-01-07,RCPT00002685,ST21,SKU04159,CUST06720,3,2188.36,6565.08,In-Store,0.0,
2023-01-07,RCPT00002685,ST21,SKU00687,CUST06720,2,1165.09,2330.18,In-Store,0.0,
2025-01-24,RCPT00002686,ST07,SKU01255,CUST01410,1,182.77,182.77,In-Store,0.0,
2025-01-24,RCPT00002686,ST07,SKU02121,CUST01410,3,217.94,371.37,In-Store,43.2,PROMO098
2025-01-24,RCPT00002686,ST07,SKU01164,CUST01410,1,241.81,241.81,In-Store,0.0,
2022-07-20,RCPT00002687,ST11,SKU02318,CUST01486,1,2419.19,2419.19,Online,0.0,
2022-07-20,RCPT00002687,ST11,SKU01197,CUST01486,5,2209.52,11047.6,Online,0.0,
2024-08-05,RCPT00002688,ST02,SKU01993,CUST01355,3,142.17,426.51,Online,0.0,
2024-12-15,RCPT00002689,ST07,SKU02976,CUST05281,2,837.64,1675.28,Online,0.0,
2024-12-15,RCPT00002689,ST07,SKU04321,CUST05281,1,961.3,961.3,Online,0.0,
2025-06-21,RCPT00002690,ST02,SKU04539,CUST04658,1,221.53,174.57,In-Store,21.2,PROMO060
2025-06-21,RCPT00002690,ST02,SKU02692,CUST04658,1,2095.03,2095.03,In-Store,0.0,
2025-06-21,RCPT00002690,ST02,SKU03937,CUST04658,1,235.76,235.76,In-Store,0.0,
2025-06-21,RCPT00002690,ST02,SKU01975,CUST04658,1,2559.26,2559.26,In-Store,0.0,
2025-06-21,RCPT00002690,ST02,SKU03049,CUST04658,5,267.4,1337.0,In-Store,0.0,
2025-10-30,RCPT00002691,ST06,SKU01958,CUST01642,1,94.8,94.8,Mobile App,0.0,
2025-10-18,RCPT00002692,ST21,SKU02274,CUST07487,1,2368.45,2368.45,Mobile App,0.0,
2022-04-03,RCPT00002693,ST30,SKU04063,CUST05042,4,471.49,1885.96,Mobile App,0.0,
2025-08-16,RCPT00002694,ST04,SKU02317,CUST07758,2,287.3,574.6,Online,0.0,
2025-08-16,RCPT00002694,ST04,SKU04596,CUST07758,3,335.55,1006.65,Online,0.0,
2025-02-09,RCPT00002695,ST06,SKU02873,CUST00002,1,382.88,213.26,Mobile App,44.3,PROMO041
2025-02-09,RCPT00002695,ST06,SKU01501,CUST00002,1,99.7,55.53,Mobile App,44.3,PROMO041
2025-02-09,RCPT00002695,ST06,SKU03688,CUST00002,2,671.66,748.23,Mobile App,44.3,PROMO041
2022-10-15,RCPT00002696,ST29,SKU03361,CUST08616,3,296.27,888.81,In-Store,0.0,
2022-10-15,RCPT00002696,ST29,SKU02018,CUST08616,2,1042.89,2085.78,In-Store,0.0,
2023-04-29,RCPT00002697,ST11,SKU04627,CUST09688,1,630.47,630.47,In-Store,0.0,
2023-04-29,RCPT00002697,ST11,SKU00176,CUST09688,3,45.08,135.24,In-Store,0.0,
2025-06-08,RCPT00002698,ST29,SKU04321,CUST08527,5,961.3,4806.5,Mobile App,0.0,
2023-03-18,RCPT00002699,ST20,SKU03488,CUST05376,3,136.44,380.67,Mobile App,7.0,PROMO002
2022-08-29,RCPT00002700,ST21,SKU00243,CUST07464,2,483.9,880.7,Mobile App,9.0,PROMO033
2025-08-15,RCPT00002701,ST28,SKU04837,CUST08842,2,246.51,493.02,Mobile App,0.0,
2023-07-08,RCPT00002702,ST21,SKU04321,CUST08167,1,961.3,961.3,In-Store,0.0,
2022-02-10,RCPT00002703,ST02,SKU01295,CUST02093,1,148.61,136.87,Online,7.9,PROMO096
2022-01-12,RCPT00002704,ST08,SKU04321,CUST02846,1,961.3,961.3,Mobile App,0.0,
2022-06-30,RCPT00002705,ST22,SKU00819,CUST09473,5,187.97,939.85,In-Store,0.0,
2022-06-30,RCPT00002705,ST22,SKU02251,CUST09473,1,183.16,183.16,In-Store,0.0,
2022-11-23,RCPT00002706,ST12,SKU03954,CUST05782,1,378.57,378.57,Online,0.0,
2022-05-29,RCPT00002707,ST23,SKU04191,CUST09863,3,106.7,183.1,In-Store,42.8,PROMO022
2022-05-29,RCPT00002707,ST23,SKU00064,CUST09863,1,214.86,122.9,In-Store,42.8,PROMO022
2023-08-05,RCPT00002708,ST11,SKU02462,CUST00528,2,171.89,260.93,In-Store,24.1,PROMO093
2024-02-23,RCPT00002709,ST08,SKU04255,CUST06771,4,285.12,1140.48,In-Store,0.0,
2024-02-23,RCPT00002709,ST08,SKU00286,CUST06771,2,64.45,128.9,In-Store,0.0,
2024-02-23,RCPT00002709,ST08,SKU02989,CUST06771,1,186.36,186.36,In-Store,0.0,
2024-02-23,RCPT00002709,ST08,SKU02538,CUST06771,4,216.58,866.32,In-Store,0.0,
2022-06-20,RCPT00002710,ST10,SKU00623,CUST05809,2,297.85,595.7,Online,0.0,
2022-06-20,RCPT00002710,ST10,SKU04321,CUST05809,3,961.3,2883.9,Online,0.0,
2022-06-20,RCPT00002710,ST10,SKU04623,CUST05809,2,71.42,142.84,Online,0.0,
2022-06-18,RCPT00002711,ST03,SKU03571,CUST05732,1,1043.87,597.09,Online,42.8,PROMO022
2022-06-18,RCPT00002711,ST03,SKU02176,CUST05732,1,989.87,566.21,Online,42.8,PROMO022
2022-12-15,RCPT00002712,ST25,SKU03143,CUST04261,1,76.2,60.05,In-Store,21.2,PROMO091
2022-12-15,RCPT00002712,ST25,SKU00079,CUST04261,1,197.9,197.9,In-Store,0.0,
2022-11-15,RCPT00002713,ST30,SKU04321,CUST05518,4,961.3,3845.2,In-Store,0.0,
2022-11-23,RCPT00002714,ST28,SKU01420,CUST08602,1,213.65,213.65,In-Store,0.0,
2022-11-23,RCPT00002714,ST28,SKU04040,CUST08602,1,1438.32,1438.32,In-Store,0.0,
2024-02-28,RCPT00002715,ST22,SKU02820,CUST05169,1,859.3,859.3,Mobile App,0.0,
2024-06-11,RCPT00002716,ST30,SKU04923,CUST04578,1,64.54,64.54,In-Store,0.0,
2024-06-11,RCPT00002716,ST30,SKU02451,CUST04578,3,525.16,1575.48,In-Store,0.0,
2023-08-06,RCPT00002717,ST07,SKU01872,CUST06048,5,577.52,1452.46,Online,49.7,PROMO030
2023-08-06,RCPT00002717,ST07,SKU01889,CUST06048,1,83.31,63.23,Online,24.1,PROMO093
2023-08-06,RCPT00002717,ST07,SKU01704,CUST06048,1,119.92,60.32,Online,49.7,PROMO030
2022-05-08,RCPT00002718,ST22,SKU02325,CUST02240,1,166.16,166.16,In-Store,0.0,
2022-08-01,RCPT00002719,ST21,SKU03292,CUST06308,1,164.03,164.03,Online,0.0,
2025-03-24,RCPT00002720,ST09,SKU04404,CUST03019,1,240.58,240.58,Online,0.0,
2023-07-04,RCPT00002721,ST18,SKU02362,CUST09530,1,606.58,606.58,In-Store,0.0,
2025-11-21,RCPT00002722,ST01,SKU04127,CUST02619,2,97.29,194.58,In-Store,0.0,
2024-04-27,RCPT00002723,ST11,SKU04546,CUST06769,1,1929.18,1929.18,In-Store,0.0,
2024-04-27,RCPT00002723,ST11,SKU02012,CUST06769,1,71.6,71.6,In-Store,0.0,
2024-04-27,RCPT00002723,ST11,SKU00016,CUST06769,1,3478.65,3478.65,In-Store,0.0,
2024-12-18,RCPT00002724,ST30,SKU04341,CUST04407,2,67.39,134.78,Online,0.0,
2022-07-22,RCPT00002725,ST18,SKU01127,CUST07885,1,817.54,817.54,In-Store,0.0,
2025-07-18,RCPT00002726,ST01,SKU03196,CUST04052,2,837.3,1674.6,In-Store,0.0,
2023-03-03,RCPT00002727,ST07,SKU04071,CUST08611,2,174.5,349.0,In-Store,0.0,
2023-03-03,RCPT00002727,ST07,SKU00845,CUST08611,1,670.83,670.83,In-Store,0.0,
2023-04-06,RCPT00002728,ST30,SKU02007,CUST03621,1,237.34,237.34,Mobile App,0.0,
2025-10-04,RCPT00002729,ST08,SKU03126,CUST01530,1,130.29,130.29,In-Store,0.0,
2025-10-04,RCPT00002729,ST08,SKU01120,CUST01530,1,213.08,213.08,In-Store,0.0,
2024-06-04,RCPT00002730,ST19,SKU04339,CUST01539,1,1534.07,1534.07,Online,0.0,
2025-11-11,RCPT00002731,ST13,SKU03094,CUST00006,1,339.49,339.49,Online,0.0,
2025-11-11,RCPT00002731,ST13,SKU03727,CUST00006,1,1660.93,1660.93,Online,0.0,
2024-08-30,RCPT00002732,ST30,SKU04556,CUST04572,1,51.09,51.09,Mobile App,0.0,
2024-08-30,RCPT00002732,ST30,SKU04898,CUST04572,1,966.22,966.22,Mobile App,0.0,
2024-01-06,RCPT00002733,ST18,SKU02761,CUST04912,1,124.14,124.14,In-Store,0.0,
2024-01-06,RCPT00002733,ST18,SKU01563,CUST04912,1,2485.52,2485.52,In-Store,0.0,
2024-01-06,RCPT00002733,ST18,SKU00964,CUST04912,1,229.0,229.0,In-Store,0.0,
2023-04-29,RCPT00002734,ST13,SKU02858,CUST07865,2,90.7,181.4,In-Store,0.0,
2024-06-26,RCPT00002735,ST26,SKU00877,CUST00128,3,157.68,366.13,Online,22.6,PROMO045
2024-06-26,RCPT00002735,ST26,SKU04460,CUST00128,1,322.19,249.38,Online,22.6,PROMO045
2024-06-26,RCPT00002735,ST26,SKU02249,CUST00128,2,154.96,239.88,Online,22.6,PROMO045
2022-05-10,RCPT00002736,ST27,SKU02369,CUST08471,2,162.77,325.54,Online,0.0,
2025-04-13,RCPT00002737,ST08,SKU02620,CUST00689,2,248.89,497.78,In-Store,0.0,
2025-04-13,RCPT00002737,ST08,SKU03104,CUST00689,1,480.01,480.01,In-Store,0.0,
2024-01-06,RCPT00002738,ST14,SKU01065,CUST05615,1,104.37,104.37,In-Store,0.0,
2024-01-06,RCPT00002738,ST14,SKU01122,CUST05615,1,145.52,145.52,In-Store,0.0,
2023-03-24,RCPT00002739,ST19,SKU04589,CUST07981,1,402.1,402.1,Mobile App,0.0,
2023-03-24,RCPT00002739,ST19,SKU00465,CUST07981,3,1563.0,4689.0,Mobile App,0.0,
2022-01-09,RCPT00002740,ST13,SKU00513,CUST06595,3,234.2,702.6,In-Store,0.0,
2022-01-09,RCPT00002740,ST13,SKU04940,CUST06595,2,617.3,1234.6,In-Store,0.0,
2025-12-28,RCPT00002741,ST30,SKU00295,CUST05567,1,1026.78,1026.78,In-Store,0.0,
2024-12-10,RCPT00002742,ST14,SKU03942,CUST02338,3,240.46,721.38,Online,0.0,
2024-12-10,RCPT00002742,ST14,SKU01566,CUST02338,1,369.71,369.71,Online,0.0,
2024-12-10,RCPT00002742,ST14,SKU03435,CUST02338,1,833.81,833.81,Online,0.0,
2024-12-16,RCPT00002743,ST20,SKU03123,CUST05866,2,356.02,712.04,In-Store,0.0,
2022-02-10,RCPT00002744,ST19,SKU02181,CUST06340,1,165.04,165.04,In-Store,0.0,
2024-02-03,RCPT00002745,ST27,SKU00631,CUST00149,2,1304.33,2608.66,Online,0.0,
2024-02-03,RCPT00002745,ST27,SKU04321,CUST00149,1,961.3,961.3,Online,0.0,
2023-08-09,RCPT00002746,ST18,SKU04161,CUST08473,1,189.64,189.64,In-Store,0.0,
2023-08-09,RCPT00002746,ST18,SKU01152,CUST08473,2,486.03,730.99,In-Store,24.8,PROMO061
2023-08-09,RCPT00002746,ST18,SKU01466,CUST08473,1,34.29,34.29,In-Store,0.0,
2024-10-04,RCPT00002747,ST04,SKU01314,CUST02442,4,325.53,950.55,In-Store,27.0,PROMO094
2024-10-04,RCPT00002747,ST04,SKU02990,CUST02442,1,321.24,234.51,In-Store,27.0,PROMO094
2024-10-04,RCPT00002747,ST04,SKU04027,CUST02442,3,118.29,259.06,In-Store,27.0,PROMO094
2024-03-01,RCPT00002748,ST18,SKU00539,CUST03485,1,199.63,199.63,Online,0.0,
2024-03-01,RCPT00002748,ST18,SKU00044,CUST03485,1,525.77,525.77,Online,0.0,
2023-10-10,RCPT00002749,ST28,SKU00002,CUST05691,1,70.38,70.38,Mobile App,0.0,
2023-10-10,RCPT00002749,ST28,SKU01196,CUST05691,1,124.22,124.22,Mobile App,0.0,
2023-10-10,RCPT00002749,ST28,SKU01960,CUST05691,3,98.1,294.3,Mobile App,0.0,
2023-10-10,RCPT00002749,ST28,SKU00942,CUST05691,2,172.9,345.8,Mobile App,0.0,
2024-04-07,RCPT00002750,ST28,SKU00079,CUST04122,2,197.9,198.69,In-Store,49.8,PROMO019
2024-04-07,RCPT00002750,ST28,SKU04097,CUST04122,3,405.48,610.65,In-Store,49.8,PROMO019
2024-04-07,RCPT00002750,ST28,SKU03843,CUST04122,4,125.55,252.1,In-Store,49.8,PROMO019
2025-06-12,RCPT00002751,ST09,SKU00534,CUST07776,3,171.95,515.85,In-Store,0.0,
2025-06-12,RCPT00002751,ST09,SKU04289,CUST07776,2,533.97,1067.94,In-Store,0.0,
2022-10-24,RCPT00002752,ST15,SKU04321,CUST05011,1,961.3,961.3,In-Store,0.0,
2022-10-24,RCPT00002752,ST15,SKU03712,CUST05011,2,756.91,1513.82,In-Store,0.0,
2025-12-01,RCPT00002753,ST30,SKU03379,CUST05983,3,57.39,172.17,In-Store,0.0,
2025-12-01,RCPT00002753,ST30,SKU04321,CUST05983,1,961.3,961.3,In-Store,0.0,
2023-05-16,RCPT00002754,ST09,SKU03292,CUST08719,1,164.03,164.03,Mobile App,0.0,
2023-05-16,RCPT00002754,ST09,SKU01381,CUST08719,2,294.56,589.12,Mobile App,0.0,
2023-11-17,RCPT00002755,ST05,SKU00002,CUST08387,1,70.38,70.38,Online,0.0,
2023-11-17,RCPT00002755,ST05,SKU03256,CUST08387,3,454.99,1364.97,Online,0.0,
2022-04-07,RCPT00002756,ST22,SKU03840,CUST04613,4,255.12,1020.48,Online,0.0,
2022-04-07,RCPT00002756,ST22,SKU00466,CUST04613,1,1233.12,1233.12,Online,0.0,
2022-04-07,RCPT00002756,ST22,SKU00311,CUST04613,1,2295.88,2295.88,Online,0.0,
2023-01-09,RCPT00002757,ST22,SKU03204,CUST06743,1,1690.3,1690.3,Mobile App,0.0,
2024-07-26,RCPT00002758,ST26,SKU01680,CUST04605,1,163.36,163.36,In-Store,0.0,
2024-07-26,RCPT00002758,ST26,SKU02538,CUST04605,1,216.58,216.58,In-Store,0.0,
2024-07-26,RCPT00002758,ST26,SKU04191,CUST04605,1,106.7,62.42,In-Store,41.5,PROMO017
2024-07-26,RCPT00002758,ST26,SKU02335,CUST04605,1,393.56,393.56,In-Store,0.0,
2024-07-26,RCPT00002758,ST26,SKU03286,CUST04605,1,731.23,731.23,In-Store,0.0,
2024-11-09,RCPT00002759,ST05,SKU02847,CUST04772,1,259.88,259.88,Mobile App,0.0,
2023-12-08,RCPT00002760,ST02,SKU01196,CUST04921,1,124.22,124.22,Online,0.0,
2023-12-08,RCPT00002760,ST02,SKU03816,CUST04921,1,2031.96,2031.96,Online,0.0,
2023-12-08,RCPT00002760,ST02,SKU04273,CUST04921,3,1786.15,5358.45,Online,0.0,
2023-12-08,RCPT00002760,ST02,SKU02141,CUST04921,1,471.88,471.88,Online,0.0,
2023-12-08,RCPT00002760,ST02,SKU02665,CUST04921,1,142.5,142.5,Online,0.0,
2022-12-17,RCPT00002761,ST16,SKU03053,CUST06378,1,4086.72,4086.72,In-Store,0.0,
2023-08-18,RCPT00002762,ST06,SKU02768,CUST00320,1,216.52,164.34,Online,24.1,PROMO093
2023-11-06,RCPT00002763,ST04,SKU02141,CUST06082,1,471.88,471.88,Online,0.0,
2023-02-04,RCPT00002764,ST07,SKU04321,CUST05969,1,961.3,961.3,In-Store,0.0,
2023-02-04,RCPT00002764,ST07,SKU01556,CUST05969,2,1701.38,3402.76,In-Store,0.0,
2023-02-04,RCPT00002764,ST07,SKU04866,CUST05969,1,132.78,132.78,In-Store,0.0,
2023-02-04,RCPT00002764,ST07,SKU02141,CUST05969,1,471.88,471.88,In-Store,0.0,
2023-12-12,RCPT00002765,ST09,SKU04166,CUST02800,1,263.67,263.67,In-Store,0.0,
2022-07-15,RCPT00002766,ST06,SKU02780,CUST05464,1,791.92,791.92,Online,0.0,
2022-07-15,RCPT00002766,ST06,SKU02912,CUST05464,1,156.0,156.0,Online,0.0,
2022-07-15,RCPT00002766,ST06,SKU00553,CUST05464,1,159.88,159.88,Online,0.0,
2022-11-23,RCPT00002767,ST22,SKU03535,CUST01815,1,178.62,178.62,Mobile App,0.0,
2022-07-12,RCPT00002768,ST26,SKU03727,CUST08067,1,1660.93,1660.93,In-Store,0.0,
2022-07-12,RCPT00002768,ST26,SKU02410,CUST08067,1,604.52,604.52,In-Store,0.0,
2022-07-12,RCPT00002768,ST26,SKU00097,CUST08067,2,1103.71,2207.42,In-Store,0.0,
2024-06-16,RCPT00002769,ST07,SKU00163,CUST08765,1,151.67,130.28,Mobile App,14.1,PROMO023
2024-06-16,RCPT00002769,ST07,SKU04031,CUST08765,1,763.98,656.26,Mobile App,14.1,PROMO023
2024-06-16,RCPT00002769,ST07,SKU01677,CUST08765,1,127.3,109.35,Mobile App,14.1,PROMO023
2023-04-21,RCPT00002770,ST05,SKU04729,CUST03121,1,1746.02,1746.02,In-Store,0.0,
2022-02-04,RCPT00002771,ST09,SKU01903,CUST09123,4,359.99,1439.96,In-Store,0.0,
2022-02-04,RCPT00002771,ST09,SKU03563,CUST09123,1,793.38,793.38,In-Store,0.0,
2022-02-04,RCPT00002771,ST09,SKU04105,CUST09123,2,464.78,929.56,In-Store,0.0,
2022-02-04,RCPT00002771,ST09,SKU04321,CUST09123,1,961.3,961.3,In-Store,0.0,
2023-12-25,RCPT00002772,ST12,SKU03094,CUST04974,2,339.49,475.96,Mobile App,29.9,PROMO043
2023-03-13,RCPT00002773,ST29,SKU04459,CUST04912,4,1349.01,3895.94,Online,27.8,PROMO078
2023-03-13,RCPT00002773,ST29,SKU02675,CUST04912,1,593.9,552.33,Online,7.0,PROMO002
2023-01-13,RCPT00002774,ST26,SKU01054,CUST07988,2,583.57,1167.14,In-Store,0.0,
2023-11-04,RCPT00002775,ST22,SKU02616,CUST07721,2,564.32,1128.64,In-Store,0.0,
2023-12-25,RCPT00002776,ST26,SKU04144,CUST07836,2,66.69,93.5,Mobile App,29.9,PROMO043
2025-07-13,RCPT00002777,ST24,SKU04571,CUST06411,3,868.52,2605.56,In-Store,0.0,
2025-07-13,RCPT00002777,ST24,SKU03483,CUST06411,4,487.7,1950.8,In-Store,0.0,
2025-03-09,RCPT00002778,ST08,SKU02141,CUST00525,1,471.88,471.88,In-Store,0.0,
2025-03-09,RCPT00002778,ST08,SKU04157,CUST00525,2,2678.35,5356.7,In-Store,0.0,
2022-12-01,RCPT00002779,ST01,SKU04321,CUST01871,2,961.3,1922.6,Online,0.0,
2025-05-05,RCPT00002780,ST26,SKU00287,CUST07550,1,881.37,881.37,In-Store,0.0,
2025-05-05,RCPT00002780,ST26,SKU04064,CUST07550,1,3845.32,3845.32,In-Store,0.0,
2024-03-09,RCPT00002781,ST04,SKU01371,CUST06055,4,1277.61,2872.07,Mobile App,43.8,PROMO075
2025-12-31,RCPT00002782,ST02,SKU01976,CUST00288,1,355.82,355.82,Online,0.0,
2025-12-31,RCPT00002782,ST02,SKU00468,CUST00288,2,100.74,201.48,Online,0.0,
2025-12-31,RCPT00002782,ST02,SKU01701,CUST00288,4,420.92,1683.68,Online,0.0,
2025-05-30,RCPT00002783,ST18,SKU04318,CUST01824,2,205.5,411.0,In-Store,0.0,
2022-03-29,RCPT00002784,ST05,SKU03636,CUST08671,1,299.31,299.31,In-Store,0.0,
2024-10-16,RCPT00002785,ST28,SKU01993,CUST04204,1,142.17,142.17,In-Store,0.0,
2024-07-05,RCPT00002786,ST21,SKU00715,CUST07468,2,1566.97,2425.67,Mobile App,22.6,PROMO045
2024-07-05,RCPT00002786,ST21,SKU00059,CUST07468,2,122.45,189.55,Mobile App,22.6,PROMO045
2024-07-05,RCPT00002786,ST21,SKU03727,CUST07468,1,1660.93,1285.56,Mobile App,22.6,PROMO045
2025-02-17,RCPT00002787,ST20,SKU02983,CUST04789,3,1062.71,1775.79,In-Store,44.3,PROMO041
2023-03-31,RCPT00002788,ST10,SKU04477,CUST02036,1,97.54,97.54,Online,0.0,
2023-03-31,RCPT00002788,ST10,SKU03804,CUST02036,2,257.43,514.86,Online,0.0,
2023-03-31,RCPT00002788,ST10,SKU03553,CUST02036,1,236.82,236.82,Online,0.0,
2022-09-16,RCPT00002789,ST10,SKU03727,CUST06280,1,1660.93,1660.93,In-Store,0.0,
2022-01-22,RCPT00002790,ST03,SKU00402,CUST00838,2,723.68,1447.36,Mobile App,0.0,
2022-01-22,RCPT00002790,ST03,SKU00581,CUST00838,3,1265.07,3795.21,Mobile App,0.0,
2025-05-14,RCPT00002791,ST04,SKU01190,CUST00466,1,346.48,346.48,Online,0.0,
2025-05-14,RCPT00002791,ST04,SKU00481,CUST00466,2,1346.77,2693.54,Online,0.0,
2025-05-14,RCPT00002791,ST04,SKU00909,CUST00466,3,403.57,1210.71,Online,0.0,
2025-05-14,RCPT00002791,ST04,SKU00169,CUST00466,2,95.37,190.74,Online,0.0,
2025-05-14,RCPT00002791,ST04,SKU00332,CUST00466,2,1670.05,3340.1,Online,0.0,
2024-02-20,RCPT00002792,ST09,SKU03727,CUST00160,3,1660.93,4982.79,In-Store,0.0,
2025-08-16,RCPT00002793,ST27,SKU03579,CUST01738,1,573.52,573.52,In-Store,0.0,
2025-12-04,RCPT00002794,ST12,SKU04380,CUST03243,5,286.93,1434.65,Online,0.0,
2022-03-30,RCPT00002795,ST07,SKU04321,CUST01111,1,961.3,961.3,Mobile App,0.0,
2022-03-30,RCPT00002795,ST07,SKU00847,CUST01111,1,398.86,398.86,Mobile App,0.0,
2022-05-02,RCPT00002796,ST10,SKU02168,CUST03540,2,482.68,965.36,In-Store,0.0,
2022-05-02,RCPT00002796,ST10,SKU04263,CUST03540,3,284.31,852.93,In-Store,0.0,
2022-05-02,RCPT00002796,ST10,SKU03848,CUST03540,2,1270.1,2540.2,In-Store,0.0,
2022-05-02,RCPT00002796,ST10,SKU03196,CUST03540,1,837.3,837.3,In-Store,0.0,
2022-05-02,RCPT00002796,ST10,SKU01355,CUST03540,1,1326.65,1326.65,In-Store,0.0,
2023-10-10,RCPT00002797,ST18,SKU04596,CUST05118,1,335.55,335.55,Online,0.0,
2023-11-16,RCPT00002798,ST21,SKU04191,CUST01715,1,106.7,106.7,In-Store,0.0,
2024-07-27,RCPT00002799,ST28,SKU01292,CUST04737,1,601.93,601.93,In-Store,0.0,
2024-07-27,RCPT00002800,ST08,SKU03462,CUST05185,2,1587.45,3174.9,In-Store,0.0,
2024-07-27,RCPT00002800,ST08,SKU02080,CUST05185,1,100.16,100.16,In-Store,0.0,
2024-07-27,RCPT00002800,ST08,SKU02155,CUST05185,3,1113.48,3340.44,In-Store,0.0,
2022-12-05,RCPT00002801,ST04,SKU04220,CUST00062,1,689.69,689.69,Online,0.0,
2023-01-22,RCPT00002802,ST14,SKU00901,CUST06343,5,653.7,3268.5,Online,0.0,
2022-06-23,RCPT00002803,ST28,SKU00027,CUST08820,1,608.24,608.24,Online,0.0,
2023-08-18,RCPT00002804,ST02,SKU03727,CUST05996,1,1660.93,1660.93,In-Store,0.0,
2024-12-09,RCPT00002805,ST22,SKU02055,CUST07168,1,445.25,445.25,Mobile App,0.0,
2024-12-09,RCPT00002805,ST22,SKU04321,CUST07168,1,961.3,961.3,Mobile App,0.0,
2024-12-09,RCPT00002805,ST22,SKU01563,CUST07168,1,2485.52,2485.52,Mobile App,0.0,
2023-07-06,RCPT00002806,ST01,SKU03668,CUST05483,1,2009.1,2009.1,In-Store,0.0,
2023-07-06,RCPT00002806,ST01,SKU00896,CUST05483,1,194.43,194.43,In-Store,0.0,
2025-09-10,RCPT00002807,ST14,SKU02415,CUST05265,3,441.21,1323.63,In-Store,0.0,
2022-05-16,RCPT00002808,ST20,SKU02247,CUST02959,3,179.3,537.9,In-Store,0.0,
2022-07-18,RCPT00002809,ST11,SKU04204,CUST09113,3,714.36,2143.08,In-Store,0.0,
2022-07-18,RCPT00002809,ST11,SKU03232,CUST09113,3,2223.84,6671.52,In-Store,0.0,
2022-07-18,RCPT00002809,ST11,SKU02531,CUST09113,1,143.49,143.49,In-Store,0.0,
2022-07-18,RCPT00002809,ST11,SKU04745,CUST09113,1,335.38,335.38,In-Store,0.0,
2022-07-18,RCPT00002809,ST11,SKU03946,CUST09113,1,849.0,849.0,In-Store,0.0,
2024-01-21,RCPT00002810,ST07,SKU00190,CUST02190,3,145.42,436.26,In-Store,0.0,
2024-01-21,RCPT00002810,ST07,SKU04627,CUST02190,2,630.47,1260.94,In-Store,0.0,
2024-05-01,RCPT00002811,ST29,SKU00229,CUST03664,1,421.82,421.82,Online,0.0,
2024-05-01,RCPT00002811,ST29,SKU02309,CUST03664,1,272.44,272.44,Online,0.0,
2025-02-25,RCPT00002812,ST12,SKU03425,CUST09041,1,202.48,132.22,In-Store,34.7,PROMO057
2025-11-05,RCPT00002813,ST16,SKU01536,CUST04629,1,440.4,440.4,Online,0.0,
2025-12-02,RCPT00002814,ST11,SKU03861,CUST08644,1,803.59,803.59,In-Store,0.0,
2025-12-02,RCPT00002814,ST11,SKU01609,CUST08644,2,600.87,1201.74,In-Store,0.0,
2025-12-02,RCPT00002814,ST11,SKU03836,CUST08644,1,442.52,442.52,In-Store,0.0,
2023-02-03,RCPT00002815,ST19,SKU01048,CUST05581,3,96.18,288.54,Online,0.0,
2023-02-03,RCPT00002815,ST19,SKU03855,CUST05581,3,683.9,2051.7,Online,0.0,
2022-11-13,RCPT00002816,ST25,SKU01395,CUST00558,1,122.37,122.37,Online,0.0,
2023-03-04,RCPT00002817,ST04,SKU02171,CUST06904,1,55.54,55.54,In-Store,0.0,
2023-03-04,RCPT00002817,ST04,SKU02314,CUST06904,3,471.33,1413.99,In-Store,0.0,
2023-03-04,RCPT00002817,ST04,SKU02176,CUST06904,1,989.87,989.87,In-Store,0.0,
2022-01-29,RCPT00002818,ST01,SKU04231,CUST02830,1,25.75,25.75,In-Store,0.0,
2022-01-29,RCPT00002818,ST01,SKU01617,CUST02830,2,182.51,365.02,In-Store,0.0,
2022-07-07,RCPT00002819,ST29,SKU01121,CUST05161,1,316.47,316.47,Online,0.0,
2022-04-30,RCPT00002820,ST14,SKU04278,CUST08059,3,440.26,1320.78,Mobile App,0.0,
2023-04-02,RCPT00002821,ST15,SKU04321,CUST05444,1,961.3,961.3,Online,0.0,
2023-04-02,RCPT00002821,ST15,SKU02393,CUST05444,1,273.25,246.74,Online,9.7,PROMO072
2023-04-02,RCPT00002821,ST15,SKU01317,CUST05444,1,644.83,644.83,Online,0.0,
2024-09-03,RCPT00002822,ST09,SKU00019,CUST08351,1,394.36,394.36,In-Store,0.0,
2024-09-03,RCPT00002822,ST09,SKU02326,CUST08351,3,519.52,1558.56,In-Store,0.0,
2024-09-03,RCPT00002822,ST09,SKU02930,CUST08351,3,170.16,510.48,In-Store,0.0,
2024-09-03,RCPT00002822,ST09,SKU03379,CUST08351,1,57.39,57.39,In-Store,0.0,
2024-09-03,RCPT00002822,ST09,SKU00994,CUST08351,1,602.13,602.13,In-Store,0.0,
2025-08-11,RCPT00002823,ST27,SKU04781,CUST03966,3,79.52,120.23,Online,49.6,PROMO088
2025-08-11,RCPT00002823,ST27,SKU04041,CUST03966,3,575.93,1727.79,Online,0.0,
2025-08-11,RCPT00002823,ST27,SKU04627,CUST03966,2,630.47,651.91,Online,48.3,PROMO032
2022-11-28,RCPT00002824,ST08,SKU00770,CUST02198,3,994.68,2414.09,Mobile App,19.1,PROMO086
2022-11-28,RCPT00002824,ST08,SKU04321,CUST02198,1,961.3,961.3,Mobile App,0.0,
2023-08-02,RCPT00002825,ST04,SKU01365,CUST08772,1,57.76,29.05,Mobile App,49.7,PROMO030
2023-08-02,RCPT00002825,ST04,SKU02398,CUST08772,1,682.66,343.38,Mobile App,49.7,PROMO030
2022-11-17,RCPT00002826,ST04,SKU01873,CUST08793,1,747.67,747.67,In-Store,0.0,
2025-09-21,RCPT00002827,ST21,SKU03027,CUST00787,1,724.38,662.81,In-Store,8.5,PROMO007
2025-09-21,RCPT00002827,ST21,SKU02079,CUST00787,2,153.65,307.3,In-Store,0.0,
2022-05-05,RCPT00002828,ST25,SKU04098,CUST03083,4,80.48,321.92,Mobile App,0.0,
2022-06-05,RCPT00002829,ST29,SKU01549,CUST08668,3,235.17,403.55,Online,42.8,PROMO022
2022-06-05,RCPT00002829,ST29,SKU00728,CUST08668,1,3555.73,2033.88,Online,42.8,PROMO022
2024-06-21,RCPT00002830,ST10,SKU02155,CUST06744,1,1113.48,861.83,Online,22.6,PROMO045
2025-07-06,RCPT00002831,ST28,SKU04315,CUST09533,2,497.47,994.94,In-Store,0.0,
2025-07-06,RCPT00002831,ST28,SKU04547,CUST09533,1,343.88,270.98,In-Store,21.2,PROMO060
2022-08-02,RCPT00002832,ST24,SKU01625,CUST01213,3,1672.86,5018.58,Online,0.0,
2024-12-11,RCPT00002833,ST20,SKU02565,CUST00836,2,258.39,516.78,In-Store,0.0,
2023-04-18,RCPT00002834,ST15,SKU00774,CUST07052,1,94.61,73.89,In-Store,21.9,PROMO046
2025-03-22,RCPT00002835,ST30,SKU04061,CUST09961,1,65.6,65.6,Online,0.0,
2024-09-14,RCPT00002836,ST23,SKU02673,CUST08373,1,101.54,101.54,In-Store,0.0,
2024-09-14,RCPT00002836,ST23,SKU00893,CUST08373,4,690.66,2762.64,In-Store,0.0,
2024-09-14,RCPT00002836,ST23,SKU01059,CUST08373,2,176.99,353.98,In-Store,0.0,
2024-09-14,RCPT00002836,ST23,SKU02844,CUST08373,1,1381.98,1381.98,In-Store,0.0,
2024-09-14,RCPT00002836,ST23,SKU03845,CUST08373,1,622.07,622.07,In-Store,0.0,
2023-06-06,RCPT00002837,ST22,SKU03964,CUST08495,1,109.67,65.91,Online,39.9,PROMO040
2023-06-06,RCPT00002837,ST22,SKU01045,CUST08495,4,451.29,1084.9,Online,39.9,PROMO040
2024-03-23,RCPT00002838,ST28,SKU04321,CUST01311,2,961.3,1080.5,Online,43.8,PROMO075
2024-03-23,RCPT00002838,ST28,SKU02532,CUST01311,1,115.67,65.01,Online,43.8,PROMO075
2023-10-15,RCPT00002839,ST30,SKU02672,CUST04201,2,1757.36,3514.72,Online,0.0,
2025-04-07,RCPT00002840,ST15,SKU01045,CUST07358,3,451.29,1353.87,In-Store,0.0,
2025-04-07,RCPT00002840,ST15,SKU04652,CUST07358,1,1268.21,1268.21,In-Store,0.0,
2024-01-26,RCPT00002841,ST13,SKU03840,CUST02993,1,255.12,132.15,Online,48.2,PROMO069
2024-01-26,RCPT00002841,ST13,SKU01742,CUST02993,1,65.38,33.87,Online,48.2,PROMO069
2025-02-10,RCPT00002842,ST24,SKU00942,CUST03832,1,172.9,96.31,Online,44.3,PROMO041
2025-02-10,RCPT00002842,ST24,SKU00958,CUST03832,4,313.45,698.37,Online,44.3,PROMO041
2025-01-28,RCPT00002843,ST07,SKU01647,CUST00329,1,247.03,247.03,In-Store,0.0,
2025-01-28,RCPT00002843,ST07,SKU03795,CUST00329,2,162.83,325.66,In-Store,0.0,
2025-01-28,RCPT00002843,ST07,SKU04551,CUST00329,3,2498.23,7494.69,In-Store,0.0,
2025-01-28,RCPT00002843,ST07,SKU03068,CUST00329,1,187.88,187.88,In-Store,0.0,
2022-12-03,RCPT00002844,ST19,SKU00830,CUST09867,1,290.01,290.01,Online,0.0,
2022-12-03,RCPT00002844,ST19,SKU02526,CUST09867,1,698.11,564.77,Online,19.1,PROMO086
2022-01-14,RCPT00002845,ST16,SKU01326,CUST05571,3,248.26,744.78,In-Store,0.0,
2025-07-21,RCPT00002846,ST25,SKU04162,CUST08907,3,364.89,1094.67,In-Store,0.0,
2025-07-21,RCPT00002846,ST25,SKU01018,CUST08907,2,242.43,484.86,In-Store,0.0,
2022-08-10,RCPT00002847,ST25,SKU03727,CUST00899,2,1660.93,3321.86,In-Store,0.0,
2022-08-10,RCPT00002847,ST25,SKU04321,CUST00899,2,961.3,1922.6,In-Store,0.0,
2022-08-10,RCPT00002847,ST25,SKU03292,CUST00899,5,164.03,820.15,In-Store,0.0,
2025-03-07,RCPT00002848,ST06,SKU02692,CUST09748,1,2095.03,2095.03,In-Store,0.0,
2022-11-02,RCPT00002850,ST17,SKU02391,CUST07991,3,120.15,360.45,Mobile App,0.0,
2025-12-09,RCPT00002851,ST16,SKU04321,CUST05450,1,961.3,961.3,In-Store,0.0,
2025-12-09,RCPT00002851,ST16,SKU04397,CUST05450,1,725.16,725.16,In-Store,0.0,
2025-12-09,RCPT00002851,ST16,SKU02141,CUST05450,1,471.88,471.88,In-Store,0.0,
2024-06-03,RCPT00002852,ST06,SKU00760,CUST02768,1,54.33,54.33,In-Store,0.0,
2025-11-23,RCPT00002853,ST20,SKU04077,CUST04719,1,110.69,110.69,Mobile App,0.0,
2025-11-23,RCPT00002853,ST20,SKU04609,CUST04719,3,575.8,1727.4,Mobile App,0.0,
2025-11-23,RCPT00002853,ST20,SKU04596,CUST04719,1,335.55,335.55,Mobile App,0.0,
2025-05-28,RCPT00002854,ST09,SKU03952,CUST04333,1,382.65,382.65,Mobile App,0.0,
2025-05-28,RCPT00002854,ST09,SKU01938,CUST04333,2,1070.48,2140.96,Mobile App,0.0,
2025-05-28,RCPT00002854,ST09,SKU03053,CUST04333,1,4086.72,4086.72,Mobile App,0.0,
2024-08-30,RCPT00002855,ST04,SKU03785,CUST07703,2,233.48,466.96,Online,0.0,
2024-08-30,RCPT00002855,ST04,SKU03571,CUST07703,1,1043.87,1043.87,Online,0.0,
2025-09-11,RCPT00002856,ST18,SKU01211,CUST01240,3,261.45,784.35,In-Store,0.0,
2022-04-11,RCPT00002857,ST22,SKU04321,CUST02178,1,961.3,961.3,In-Store,0.0,
2022-04-11,RCPT00002857,ST22,SKU03391,CUST02178,2,1440.2,2880.4,In-Store,0.0,
2024-03-22,RCPT00002858,ST08,SKU00429,CUST08951,1,582.88,327.58,In-Store,43.8,PROMO075
2024-06-24,RCPT00002859,ST17,SKU02169,CUST04833,1,1126.93,872.24,In-Store,22.6,PROMO045
2024-06-24,RCPT00002859,ST17,SKU02561,CUST04833,2,513.57,795.01,In-Store,22.6,PROMO045
2022-11-23,RCPT00002860,ST17,SKU01570,CUST03822,1,760.34,760.34,Mobile App,0.0,
2025-03-13,RCPT00002861,ST11,SKU04868,CUST02598,1,647.03,647.03,Online,0.0,
2025-03-13,RCPT00002861,ST11,SKU00285,CUST02598,1,505.67,505.67,Online,0.0,
2025-03-13,RCPT00002861,ST11,SKU00774,CUST02598,1,94.61,94.61,Online,0.0,
2025-03-13,RCPT00002861,ST11,SKU01606,CUST02598,1,187.87,187.87,Online,0.0,
2025-05-18,RCPT00002862,ST01,SKU02374,CUST07187,1,317.99,317.99,In-Store,0.0,
2022-05-06,RCPT00002863,ST05,SKU02848,CUST02063,3,334.01,1002.03,In-Store,0.0,
2025-09-19,RCPT00002864,ST14,SKU00657,CUST07975,4,520.54,2082.16,In-Store,0.0,
2023-08-27,RCPT00002865,ST03,SKU01045,CUST04713,3,451.29,1181.93,In-Store,12.7,PROMO010
2023-08-27,RCPT00002865,ST03,SKU04321,CUST04713,1,961.3,839.21,In-Store,12.7,PROMO010
2022-12-21,RCPT00002866,ST22,SKU03098,CUST05803,1,142.36,142.36,In-Store,0.0,
2022-12-21,RCPT00002866,ST22,SKU04206,CUST05803,3,667.18,2001.54,In-Store,0.0,
2022-12-21,RCPT00002866,ST22,SKU04926,CUST05803,1,458.92,458.92,In-Store,0.0,
2022-12-21,RCPT00002866,ST22,SKU01843,CUST05803,1,407.44,407.44,In-Store,0.0,
2025-07-23,RCPT00002867,ST04,SKU03450,CUST08283,1,288.17,288.17,In-Store,0.0,
2025-07-23,RCPT00002867,ST04,SKU02722,CUST08283,2,225.42,450.84,In-Store,0.0,
2025-11-20,RCPT00002868,ST24,SKU00292,CUST08613,2,210.98,421.96,In-Store,0.0,
2022-11-13,RCPT00002869,ST08,SKU00998,CUST09393,2,2284.54,4569.08,Mobile App,0.0,
2022-11-13,RCPT00002869,ST08,SKU04329,CUST09393,1,2452.07,2452.07,Mobile App,0.0,
2022-11-13,RCPT00002869,ST08,SKU00774,CUST09393,2,94.61,189.22,Mobile App,0.0,
2025-09-25,RCPT00002870,ST30,SKU03030,CUST02519,2,108.63,193.14,In-Store,11.1,PROMO006
2025-09-25,RCPT00002870,ST30,SKU03292,CUST02519,1,164.03,164.03,In-Store,0.0,
2025-09-25,RCPT00002870,ST30,SKU02620,CUST02519,2,248.89,497.78,In-Store,0.0,
2022-04-29,RCPT00002871,ST26,SKU03869,CUST01125,1,109.56,109.56,Mobile App,0.0,
2022-04-29,RCPT00002871,ST26,SKU04758,CUST01125,1,2060.11,2060.11,Mobile App,0.0,
2025-12-05,RCPT00002872,ST04,SKU00850,CUST05594,2,840.4,1680.8,Online,0.0,
2023-08-16,RCPT00002873,ST03,SKU04204,CUST05535,3,714.36,2143.08,In-Store,0.0,
2023-08-16,RCPT00002873,ST03,SKU02246,CUST05535,1,757.44,757.44,In-Store,0.0,
2023-08-16,RCPT00002873,ST03,SKU01775,CUST05535,1,204.15,204.15,In-Store,0.0,
2022-01-02,RCPT00002874,ST02,SKU02973,CUST09622,1,242.96,242.96,Mobile App,0.0,
2022-10-20,RCPT00002875,ST18,SKU02368,CUST08826,1,849.39,849.39,In-Store,0.0,
2022-10-20,RCPT00002875,ST18,SKU04166,CUST08826,1,263.67,263.67,In-Store,0.0,
2024-09-14,RCPT00002876,ST24,SKU03367,CUST01889,2,124.08,248.16,Online,0.0,
2023-09-05,RCPT00002877,ST27,SKU04626,CUST05229,1,468.52,409.02,In-Store,12.7,PROMO010
2024-03-30,RCPT00002878,ST29,SKU00079,CUST06127,1,197.9,111.22,Mobile App,43.8,PROMO075
2025-05-26,RCPT00002879,ST23,SKU01045,CUST08161,1,451.29,451.29,In-Store,0.0,
2025-05-26,RCPT00002879,ST23,SKU02281,CUST08161,1,91.79,91.79,In-Store,0.0,
2023-04-06,RCPT00002880,ST16,SKU01988,CUST08754,1,331.12,331.12,In-Store,0.0,
2023-04-06,RCPT00002880,ST16,SKU03088,CUST08754,1,223.55,201.87,In-Store,9.7,PROMO072
2024-04-22,RCPT00002881,ST12,SKU03891,CUST08994,2,159.69,319.38,Mobile App,0.0,
2022-04-09,RCPT00002882,ST29,SKU03562,CUST05869,2,51.41,102.82,In-Store,0.0,
2024-12-05,RCPT00002883,ST19,SKU01301,CUST06726,1,478.27,478.27,In-Store,0.0,
2024-06-17,RCPT00002884,ST18,SKU03901,CUST00281,1,110.45,94.88,Mobile App,14.1,PROMO023
2024-06-17,RCPT00002884,ST18,SKU04895,CUST00281,3,1875.04,4831.98,Mobile App,14.1,PROMO023
2023-12-17,RCPT00002885,ST09,SKU00952,CUST06796,1,288.12,288.12,In-Store,0.0,
2022-12-08,RCPT00002886,ST21,SKU03727,CUST08384,2,1660.93,3036.18,Online,8.6,PROMO095
2024-05-12,RCPT00002887,ST10,SKU03044,CUST03500,2,74.7,100.4,In-Store,32.8,PROMO036
2024-05-12,RCPT00002887,ST10,SKU00783,CUST03500,2,196.79,264.49,In-Store,32.8,PROMO036
2024-05-12,RCPT00002887,ST10,SKU04070,CUST03500,2,41.17,55.33,In-Store,32.8,PROMO036
2024-05-12,RCPT00002887,ST10,SKU02531,CUST03500,2,143.49,192.85,In-Store,32.8,PROMO036
2022-09-19,RCPT00002888,ST10,SKU03693,CUST06372,1,1381.82,1381.82,Mobile App,0.0,
2022-02-10,RCPT00002889,ST25,SKU00285,CUST07933,3,505.67,1517.01,Mobile App,0.0,
2024-01-04,RCPT00002890,ST22,SKU03883,CUST06394,1,181.52,181.52,In-Store,0.0,
2024-01-04,RCPT00002890,ST22,SKU01150,CUST06394,1,279.57,279.57,In-Store,0.0,
2024-01-04,RCPT00002890,ST22,SKU03292,CUST06394,5,164.03,820.15,In-Store,0.0,
2024-01-04,RCPT00002890,ST22,SKU04099,CUST06394,4,2252.94,9011.76,In-Store,0.0,
2025-09-09,RCPT00002891,ST22,SKU00171,CUST03996,1,253.93,253.93,Online,0.0,
2025-09-09,RCPT00002891,ST22,SKU04876,CUST03996,2,66.28,132.56,Online,0.0,
2025-09-09,RCPT00002891,ST22,SKU01519,CUST03996,3,441.41,1324.23,Online,0.0,
2024-12-16,RCPT00002892,ST05,SKU04895,CUST01961,1,1875.04,1875.04,Online,0.0,
2024-12-16,RCPT00002892,ST05,SKU01928,CUST01961,1,198.45,198.45,Online,0.0,
2024-12-16,RCPT00002892,ST05,SKU04083,CUST01961,1,724.3,724.3,Online,0.0,
2024-08-20,RCPT00002893,ST23,SKU01954,CUST01476,1,206.88,206.88,In-Store,0.0,
2023-08-02,RCPT00002894,ST24,SKU00158,CUST01302,3,487.98,736.36,In-Store,49.7,PROMO030
2023-08-02,RCPT00002894,ST24,SKU04346,CUST01302,2,970.29,976.11,In-Store,49.7,PROMO030
2023-08-02,RCPT00002894,ST24,SKU02105,CUST01302,1,149.15,75.02,In-Store,49.7,PROMO030
2025-10-21,RCPT00002895,ST20,SKU00190,CUST04849,3,145.42,436.26,Online,0.0,
2025-10-21,RCPT00002895,ST20,SKU04321,CUST04849,4,961.3,3845.2,Online,0.0,
2025-10-21,RCPT00002895,ST20,SKU04850,CUST04849,1,273.9,273.9,Online,0.0,
2022-09-07,RCPT00002896,ST07,SKU00162,CUST02261,1,2780.26,2530.04,In-Store,9.0,PROMO033
2022-09-07,RCPT00002896,ST07,SKU04154,CUST02261,3,351.77,960.33,In-Store,9.0,PROMO033
2022-09-07,RCPT00002896,ST07,SKU00942,CUST02261,3,172.9,472.02,In-Store,9.0,PROMO033
2022-09-07,RCPT00002896,ST07,SKU02484,CUST02261,2,567.26,1032.41,In-Store,9.0,PROMO033
2022-09-07,RCPT00002896,ST07,SKU02482,CUST02261,3,1297.95,3543.4,In-Store,9.0,PROMO033
2024-09-20,RCPT00002897,ST10,SKU03127,CUST08811,4,248.14,992.56,In-Store,0.0,
2024-09-20,RCPT00002897,ST10,SKU02340,CUST08811,2,234.67,469.34,In-Store,0.0,
2024-04-25,RCPT00002898,ST09,SKU00264,CUST09676,2,242.74,456.84,In-Store,5.9,PROMO016
2023-04-11,RCPT00002899,ST30,SKU00492,CUST05306,1,1126.69,879.94,In-Store,21.9,PROMO046
2023-04-11,RCPT00002899,ST30,SKU03064,CUST05306,3,247.54,670.59,In-Store,9.7,PROMO072
2022-04-30,RCPT00002900,ST08,SKU03546,CUST07417,1,496.17,496.17,Online,0.0,
2024-09-25,RCPT00002901,ST07,SKU01245,CUST08032,2,38.18,55.74,Online,27.0,PROMO094
2025-06-03,RCPT00002902,ST21,SKU03110,CUST08086,1,304.91,304.91,Online,0.0,
2022-06-15,RCPT00002903,ST30,SKU00020,CUST01759,1,109.5,62.63,In-Store,42.8,PROMO022
2023-11-26,RCPT00002904,ST14,SKU04437,CUST01076,1,24.41,24.41,In-Store,0.0,
2024-07-23,RCPT00002905,ST30,SKU04596,CUST07003,2,335.55,671.1,Mobile App,0.0,
2024-07-23,RCPT00002905,ST30,SKU00527,CUST07003,3,763.4,2290.2,Mobile App,0.0,
2024-12-18,RCPT00002906,ST30,SKU03977,CUST08259,2,227.8,455.6,Online,0.0,
2024-12-18,RCPT00002906,ST30,SKU04751,CUST08259,1,210.56,210.56,Online,0.0,
2025-09-10,RCPT00002907,ST22,SKU03323,CUST01159,1,3001.52,3001.52,Online,0.0,
2025-09-10,RCPT00002907,ST22,SKU04321,CUST01159,1,961.3,961.3,Online,0.0,
2024-03-28,RCPT00002908,ST18,SKU04381,CUST02011,1,192.07,107.94,Online,43.8,PROMO075
2025-01-16,RCPT00002909,ST24,SKU03843,CUST05708,2,125.55,251.1,Mobile App,0.0,
2025-01-16,RCPT00002909,ST24,SKU01420,CUST05708,2,213.65,427.3,Mobile App,0.0,
2025-01-16,RCPT00002909,ST24,SKU04551,CUST05708,1,2498.23,2498.23,Mobile App,0.0,
2025-12-20,RCPT00002910,ST28,SKU00768,CUST03423,2,831.66,1663.32,In-Store,0.0,
2024-11-30,RCPT00002911,ST21,SKU03913,CUST00294,4,468.93,1875.72,In-Store,0.0,
2024-11-30,RCPT00002911,ST21,SKU02912,CUST00294,2,156.0,312.0,In-Store,0.0,
2023-08-19,RCPT00002912,ST21,SKU04989,CUST01899,5,80.54,351.56,Online,12.7,PROMO010
2023-08-19,RCPT00002912,ST21,SKU04596,CUST01899,1,335.55,256.7,Online,23.5,PROMO051
2023-08-19,RCPT00002912,ST21,SKU00317,CUST01899,2,110.59,193.09,Online,12.7,PROMO010
2023-08-19,RCPT00002912,ST21,SKU04321,CUST01899,3,961.3,2517.64,Online,12.7,PROMO010
2023-01-31,RCPT00002913,ST12,SKU00904,CUST04732,1,161.57,161.57,In-Store,0.0,
2024-11-15,RCPT00002914,ST27,SKU01521,CUST03298,1,2407.72,2407.72,In-Store,0.0,
2024-11-15,RCPT00002914,ST27,SKU02050,CUST03298,1,90.73,81.75,In-Store,9.9,PROMO009
2022-07-27,RCPT00002915,ST17,SKU02438,CUST07700,2,181.83,363.66,In-Store,0.0,
2023-12-16,RCPT00002916,ST30,SKU00514,CUST07698,4,105.37,421.48,In-Store,0.0,
2023-12-16,RCPT00002916,ST30,SKU04321,CUST07698,3,961.3,2883.9,In-Store,0.0,
2025-06-21,RCPT00002917,ST05,SKU01009,CUST03660,2,223.42,446.84,In-Store,0.0,
2025-06-21,RCPT00002917,ST05,SKU01682,CUST03660,1,254.03,254.03,In-Store,0.0,
2025-06-21,RCPT00002917,ST05,SKU04126,CUST03660,3,1646.95,4940.85,In-Store,0.0,
2025-12-04,RCPT00002918,ST20,SKU02231,CUST01140,2,50.54,101.08,Online,0.0,
2025-10-11,RCPT00002919,ST04,SKU03185,CUST00126,2,329.11,658.22,Online,0.0,
2023-12-12,RCPT00002920,ST27,SKU02866,CUST02835,3,94.26,282.78,In-Store,0.0,
2023-12-12,RCPT00002920,ST27,SKU00724,CUST02835,1,69.99,69.99,In-Store,0.0,
2023-12-12,RCPT00002920,ST27,SKU03727,CUST02835,1,1660.93,1660.93,In-Store,0.0,
2022-08-27,RCPT00002921,ST22,SKU04489,CUST06635,4,251.01,913.68,In-Store,9.0,PROMO033
2022-08-27,RCPT00002921,ST22,SKU00489,CUST06635,1,1823.85,1659.7,In-Store,9.0,PROMO033
2022-08-27,RCPT00002921,ST22,SKU04384,CUST06635,2,1615.0,2939.3,In-Store,9.0,PROMO033
2022-08-27,RCPT00002921,ST22,SKU02676,CUST06635,1,1953.1,1777.32,In-Store,9.0,PROMO033
2023-12-20,RCPT00002922,ST03,SKU04647,CUST03207,1,288.31,288.31,Mobile App,0.0,
2023-09-20,RCPT00002923,ST18,SKU01735,CUST06410,2,997.19,1994.38,Online,0.0,
2023-09-20,RCPT00002923,ST18,SKU00988,CUST06410,3,227.17,681.51,Online,0.0,
2025-03-27,RCPT00002924,ST08,SKU01737,CUST00795,2,768.37,1536.74,Online,0.0,
2025-03-27,RCPT00002924,ST08,SKU00944,CUST00795,3,717.92,2153.76,Online,0.0,
2025-03-27,RCPT00002924,ST08,SKU01138,CUST00795,1,181.15,181.15,Online,0.0,
2023-05-09,RCPT00002925,ST19,SKU03194,CUST05495,2,649.38,1298.76,Online,0.0,
2023-05-09,RCPT00002925,ST19,SKU00089,CUST05495,2,316.27,632.54,Online,0.0,
2022-10-30,RCPT00002926,ST09,SKU00077,CUST03240,1,1562.82,1562.82,In-Store,0.0,
2024-11-28,RCPT00002927,ST29,SKU04460,CUST01851,3,322.19,966.57,Online,0.0,
2022-08-05,RCPT00002928,ST03,SKU02141,CUST06869,3,471.88,1415.64,In-Store,0.0,
2022-08-05,RCPT00002928,ST03,SKU04321,CUST06869,1,961.3,961.3,In-Store,0.0,
2022-08-05,RCPT00002928,ST03,SKU01138,CUST06869,1,181.15,181.15,In-Store,0.0,
2022-08-05,RCPT00002928,ST03,SKU02231,CUST06869,1,50.54,50.54,In-Store,0.0,
2022-01-21,RCPT00002929,ST10,SKU02206,CUST01470,3,225.75,677.25,Mobile App,0.0,
2024-03-07,RCPT00002930,ST11,SKU04321,CUST00538,3,961.3,1620.75,Mobile App,43.8,PROMO075
2024-03-07,RCPT00002930,ST11,SKU04348,CUST00538,2,274.76,308.83,Mobile App,43.8,PROMO075
2022-07-30,RCPT00002931,ST16,SKU01274,CUST02887,1,558.36,558.36,In-Store,0.0,
2022-07-30,RCPT00002931,ST16,SKU01315,CUST02887,1,1695.35,1695.35,In-Store,0.0,
2025-01-24,RCPT00002932,ST21,SKU02923,CUST07496,2,124.18,248.36,Mobile App,0.0,
2024-08-26,RCPT00002933,ST04,SKU04459,CUST09538,2,1349.01,2698.02,In-Store,0.0,
2024-08-26,RCPT00002933,ST04,SKU04321,CUST09538,1,961.3,961.3,In-Store,0.0,
2025-09-23,RCPT00002934,ST21,SKU03727,CUST01961,1,1660.93,1660.93,Mobile App,0.0,
2025-09-23,RCPT00002934,ST21,SKU03320,CUST01961,2,626.69,1253.38,Mobile App,0.0,
2024-07-23,RCPT00002935,ST22,SKU02849,CUST01804,1,73.3,73.3,Online,0.0,
2024-07-23,RCPT00002935,ST22,SKU03149,CUST01804,1,610.58,610.58,Online,0.0,
2024-07-23,RCPT00002935,ST22,SKU03044,CUST01804,2,74.7,149.4,Online,0.0,
2025-10-17,RCPT00002936,ST14,SKU01775,CUST05936,5,204.15,1020.75,In-Store,0.0,
2025-10-17,RCPT00002936,ST14,SKU04235,CUST05936,3,205.43,616.29,In-Store,0.0,
2024-06-10,RCPT00002937,ST12,SKU03328,CUST08311,2,617.66,1235.32,Online,0.0,
2022-09-22,RCPT00002938,ST21,SKU00993,CUST02535,2,230.79,461.58,Mobile App,0.0,
2022-09-22,RCPT00002938,ST21,SKU03299,CUST02535,3,1035.55,3106.65,Mobile App,0.0,
2023-10-28,RCPT00002939,ST09,SKU02486,CUST05499,3,279.85,839.55,Online,0.0,
2025-08-13,RCPT00002940,ST26,SKU00994,CUST07493,1,602.13,602.13,Online,0.0,
2025-08-13,RCPT00002940,ST26,SKU01440,CUST07493,5,183.65,918.25,Online,0.0,
2025-08-13,RCPT00002940,ST26,SKU04321,CUST07493,1,961.3,496.99,Online,48.3,PROMO032
2022-04-29,RCPT00002941,ST20,SKU02362,CUST09338,1,606.58,606.58,In-Store,0.0,
2022-04-01,RCPT00002942,ST07,SKU02655,CUST03520,1,66.91,66.91,In-Store,0.0,
2025-03-21,RCPT00002943,ST09,SKU01123,CUST07310,2,97.2,194.4,In-Store,0.0,
2025-03-21,RCPT00002943,ST09,SKU03727,CUST07310,1,1660.93,1660.93,In-Store,0.0,
2022-06-10,RCPT00002944,ST23,SKU00511,CUST08219,1,172.85,98.87,In-Store,42.8,PROMO022
2022-06-10,RCPT00002944,ST23,SKU00158,CUST08219,1,487.98,279.12,In-Store,42.8,PROMO022
2022-06-10,RCPT00002944,ST23,SKU02603,CUST08219,4,318.68,729.14,In-Store,42.8,PROMO022
2022-05-12,RCPT00002945,ST17,SKU04423,CUST05644,2,225.6,451.2,In-Store,0.0,
2025-10-25,RCPT00002946,ST08,SKU04321,CUST05691,1,961.3,961.3,Online,0.0,
2025-10-25,RCPT00002946,ST08,SKU04329,CUST05691,1,2452.07,2452.07,Online,0.0,
2025-11-09,RCPT00002947,ST29,SKU02640,CUST09295,1,1563.22,1563.22,Mobile App,0.0,
2025-11-09,RCPT00002947,ST29,SKU04321,CUST09295,4,961.3,3845.2,Mobile App,0.0,
2022-02-24,RCPT00002948,ST03,SKU00523,CUST02573,1,370.6,370.6,In-Store,0.0,
2024-08-03,RCPT00002949,ST07,SKU04596,CUST00525,1,335.55,335.55,In-Store,0.0,
2024-08-03,RCPT00002949,ST07,SKU04046,CUST00525,1,114.83,114.83,In-Store,0.0,
2024-08-03,RCPT00002949,ST07,SKU01131,CUST00525,2,1745.98,3491.96,In-Store,0.0,
2024-08-03,RCPT00002949,ST07,SKU02141,CUST00525,1,471.88,471.88,In-Store,0.0,
2024-11-11,RCPT00002950,ST11,SKU00286,CUST01007,1,64.45,64.45,In-Store,0.0,
2024-11-11,RCPT00002950,ST11,SKU02900,CUST01007,2,1839.94,3679.88,In-Store,0.0,
2024-11-18,RCPT00002951,ST30,SKU02189,CUST09494,3,100.87,302.61,In-Store,0.0,
2025-04-10,RCPT00002952,ST06,SKU01256,CUST09807,2,156.9,219.03,Online,30.2,PROMO090
2025-04-10,RCPT00002952,ST06,SKU04367,CUST09807,1,362.71,362.71,Online,0.0,
2025-04-10,RCPT00002952,ST06,SKU01175,CUST09807,3,618.29,1854.87,Online,0.0,
2025-04-10,RCPT00002952,ST06,SKU02401,CUST09807,1,524.47,524.47,Online,0.0,
2022-09-29,RCPT00002953,ST08,SKU04531,CUST04846,5,105.09,525.45,In-Store,0.0,
2022-09-29,RCPT00002953,ST08,SKU02121,CUST04846,3,217.94,653.82,In-Store,0.0,
2025-10-24,RCPT00002954,ST16,SKU04396,CUST03362,1,3425.67,3425.67,In-Store,0.0,
2022-05-27,RCPT00002955,ST28,SKU04061,CUST00590,2,65.6,131.2,Online,0.0,
2022-05-27,RCPT00002955,ST28,SKU01317,CUST00590,2,644.83,1289.66,Online,0.0,
2023-09-07,RCPT00002956,ST25,SKU03292,CUST04639,1,164.03,143.2,In-Store,12.7,PROMO010
2023-09-07,RCPT00002956,ST25,SKU03800,CUST04639,2,114.46,199.85,In-Store,12.7,PROMO010
2025-05-25,RCPT00002957,ST20,SKU00550,CUST00325,1,141.29,141.29,In-Store,0.0,
2023-07-09,RCPT00002958,ST08,SKU01439,CUST04271,3,987.75,2963.25,Mobile App,0.0,
2023-08-21,RCPT00002959,ST13,SKU00942,CUST02342,1,172.9,150.94,In-Store,12.7,PROMO010
2022-08-09,RCPT00002960,ST10,SKU03727,CUST00592,2,1660.93,3321.86,Mobile App,0.0,
2024-01-22,RCPT00002961,ST16,SKU00500,CUST04150,1,1264.58,655.05,In-Store,48.2,PROMO069
2025-11-07,RCPT00002962,ST06,SKU04596,CUST03524,1,335.55,335.55,In-Store,0.0,
2025-01-16,RCPT00002963,ST02,SKU02654,CUST00202,1,215.5,215.5,Online,0.0,
2024-05-10,RCPT00002964,ST24,SKU03727,CUST04317,3,1660.93,3348.43,Online,32.8,PROMO036
2024-05-10,RCPT00002964,ST24,SKU02740,CUST04317,1,104.22,70.04,Online,32.8,PROMO036
2024-05-10,RCPT00002964,ST24,SKU02141,CUST04317,1,471.88,317.1,Online,32.8,PROMO036
2022-05-23,RCPT00002965,ST06,SKU02155,CUST08930,1,1113.48,1113.48,Online,0.0,
2022-05-23,RCPT00002965,ST06,SKU01201,CUST08930,1,133.28,133.28,Online,0.0,
2022-05-23,RCPT00002965,ST06,SKU01420,CUST08930,2,213.65,427.3,Online,0.0,
2022-05-23,RCPT00002965,ST06,SKU03051,CUST08930,2,202.67,405.34,Online,0.0,
2022-05-23,RCPT00002965,ST06,SKU04958,CUST08930,2,180.7,361.4,Online,0.0,
2025-05-26,RCPT00002966,ST04,SKU04447,CUST01519,1,1190.64,1190.64,In-Store,0.0,
2025-09-13,RCPT00002967,ST24,SKU01018,CUST06999,3,242.43,727.29,In-Store,0.0,
2025-09-13,RCPT00002967,ST24,SKU04526,CUST06999,1,318.07,318.07,In-Store,0.0,
2025-09-13,RCPT00002967,ST24,SKU04321,CUST06999,1,961.3,961.3,In-Store,0.0,
2022-12-07,RCPT00002968,ST15,SKU04321,CUST04634,4,961.3,3845.2,In-Store,0.0,
2025-03-22,RCPT00002969,ST09,SKU03120,CUST03902,1,188.39,188.39,Online,0.0,
2025-01-21,RCPT00002970,ST06,SKU02808,CUST03419,1,471.71,471.71,In-Store,0.0,
2024-01-21,RCPT00002971,ST30,SKU04570,CUST07571,1,122.7,122.7,In-Store,0.0,
2024-01-21,RCPT00002971,ST30,SKU01249,CUST07571,1,112.21,112.21,In-Store,0.0,
2024-01-21,RCPT00002971,ST30,SKU04489,CUST07571,3,251.01,753.03,In-Store,0.0,
2024-12-09,RCPT00002972,ST29,SKU00499,CUST07352,1,110.32,110.32,In-Store,0.0,
2024-12-09,RCPT00002972,ST29,SKU00175,CUST07352,2,182.36,364.72,In-Store,0.0,
2024-06-03,RCPT00002973,ST28,SKU03292,CUST00479,2,164.03,328.06,In-Store,0.0,
2024-05-27,RCPT00002974,ST30,SKU01790,CUST09536,2,128.94,257.88,In-Store,0.0,
2024-05-27,RCPT00002974,ST30,SKU01535,CUST09536,2,296.6,593.2,In-Store,0.0,
2024-11-25,RCPT00002975,ST11,SKU02314,CUST05644,2,471.33,942.66,In-Store,0.0,
2022-09-05,RCPT00002976,ST02,SKU00895,CUST00291,3,2043.22,5577.99,In-Store,9.0,PROMO033
2022-09-05,RCPT00002976,ST02,SKU00286,CUST00291,2,64.45,117.3,In-Store,9.0,PROMO033
2024-07-31,RCPT00002977,ST10,SKU04099,CUST09958,1,2252.94,2252.94,Mobile App,0.0,
2025-06-28,RCPT00002978,ST04,SKU02994,CUST09484,1,708.55,708.55,Mobile App,0.0,
2024-07-12,RCPT00002979,ST17,SKU00823,CUST02217,1,183.03,141.67,In-Store,22.6,PROMO045
2024-05-14,RCPT00002980,ST28,SKU01456,CUST04900,3,1082.17,2649.15,In-Store,18.4,PROMO089
2024-11-05,RCPT00002981,ST07,SKU04154,CUST03413,1,351.77,351.77,Online,0.0,
2024-11-05,RCPT00002981,ST07,SKU03637,CUST03413,3,91.64,247.7,Online,9.9,PROMO009
2024-11-05,RCPT00002981,ST07,SKU03866,CUST03413,1,126.0,126.0,Online,0.0,
2023-12-02,RCPT00002982,ST21,SKU00105,CUST03046,1,503.0,503.0,Online,0.0,
2023-01-02,RCPT00002983,ST18,SKU03029,CUST08499,1,67.29,67.29,In-Store,0.0,
2025-09-25,RCPT00002984,ST06,SKU01034,CUST08649,1,313.23,313.23,In-Store,0.0,
2024-12-03,RCPT00002985,ST09,SKU04424,CUST02401,1,1200.53,1200.53,In-Store,0.0,
2024-12-03,RCPT00002985,ST09,SKU02693,CUST02401,4,1518.89,6075.56,In-Store,0.0,
2025-12-28,RCPT00002986,ST20,SKU00493,CUST08743,1,391.9,391.9,In-Store,0.0,
2025-12-28,RCPT00002986,ST20,SKU00396,CUST08743,2,394.96,789.92,In-Store,0.0,
2025-09-13,RCPT00002987,ST23,SKU01590,CUST08306,1,92.68,92.68,Online,0.0,
2023-09-23,RCPT00002988,ST28,SKU04916,CUST08486,1,1699.1,1699.1,Online,0.0,
2025-09-13,RCPT00002989,ST09,SKU04321,CUST00387,1,961.3,961.3,In-Store,0.0,
2024-06-24,RCPT00002990,ST30,SKU00008,CUST03338,1,492.11,354.32,In-Store,28.0,PROMO081
2024-06-24,RCPT00002990,ST30,SKU04200,CUST03338,1,520.84,403.13,In-Store,22.6,PROMO045
2025-06-06,RCPT00002991,ST16,SKU00238,CUST02710,1,1766.09,1766.09,In-Store,0.0,
2025-06-06,RCPT00002991,ST16,SKU00131,CUST02710,2,119.24,238.48,In-Store,0.0,
2024-12-01,RCPT00002992,ST21,SKU04321,CUST03134,3,961.3,2883.9,In-Store,0.0,
2024-12-01,RCPT00002992,ST21,SKU00404,CUST03134,2,230.08,460.16,In-Store,0.0,
2024-12-01,RCPT00002992,ST21,SKU04321,CUST03134,1,961.3,961.3,In-Store,0.0,
2022-03-09,RCPT00002993,ST05,SKU04540,CUST03411,1,1978.18,1978.18,Mobile App,0.0,
2023-10-31,RCPT00002994,ST13,SKU02536,CUST07199,2,406.19,812.38,In-Store,0.0,
2022-10-06,RCPT00002995,ST30,SKU02737,CUST01637,1,315.14,315.14,In-Store,0.0,
2022-11-30,RCPT00002996,ST04,SKU04931,CUST08016,1,321.18,321.18,In-Store,0.0,
2022-11-30,RCPT00002996,ST04,SKU00500,CUST08016,5,1264.58,6322.9,In-Store,0.0,
2025-12-26,RCPT00002997,ST13,SKU02683,CUST01010,1,371.82,371.82,Online,0.0,
2025-12-26,RCPT00002997,ST13,SKU03328,CUST01010,1,617.66,617.66,Online,0.0,
2023-09-04,RCPT00002998,ST29,SKU03694,CUST01648,2,328.79,574.07,Online,12.7,PROMO010
2023-09-04,RCPT00002999,ST11,SKU03334,CUST06742,1,42.39,37.01,In-Store,12.7,PROMO010
2023-09-04,RCPT00002999,ST11,SKU01140,CUST06742,1,467.27,407.93,In-Store,12.7,PROMO010
2023-09-04,RCPT00002999,ST11,SKU03568,CUST06742,1,252.26,220.22,In-Store,12.7,PROMO010
2023-09-04,RCPT00002999,ST11,SKU04072,CUST06742,1,174.03,151.93,In-Store,12.7,PROMO010
2024-12-17,RCPT00003000,ST13,SKU04756,CUST04964,1,665.32,665.32,In-Store,0.0,
2024-07-12,RCPT00003001,ST16,SKU01021,CUST06715,2,1243.47,1924.89,In-Store,22.6,PROMO045
2024-07-12,RCPT00003001,ST16,SKU04676,CUST06715,2,398.8,617.34,In-Store,22.6,PROMO045
2025-03-23,RCPT00003002,ST21,SKU02392,CUST05691,2,132.22,264.44,In-Store,0.0,
2024-03-20,RCPT00003003,ST01,SKU03006,CUST02004,2,1088.75,1223.76,Mobile App,43.8,PROMO075
2025-02-13,RCPT00003004,ST01,SKU01546,CUST00277,4,562.85,1254.03,Mobile App,44.3,PROMO041
2025-02-13,RCPT00003004,ST01,SKU02661,CUST00277,1,674.41,375.65,Mobile App,44.3,PROMO041
2025-02-13,RCPT00003004,ST01,SKU04247,CUST00277,2,74.64,83.15,Mobile App,44.3,PROMO041
2023-03-21,RCPT00003005,ST01,SKU00599,CUST09965,1,46.97,43.68,In-Store,7.0,PROMO002
2024-04-10,RCPT00003006,ST04,SKU02738,CUST00442,1,230.16,115.54,In-Store,49.8,PROMO019
2024-04-10,RCPT00003006,ST04,SKU02318,CUST00442,1,2419.19,1214.43,In-Store,49.8,PROMO019
2024-04-10,RCPT00003006,ST04,SKU02165,CUST00442,2,151.01,151.61,In-Store,49.8,PROMO019
2024-04-10,RCPT00003006,ST04,SKU03014,CUST00442,3,150.16,226.14,In-Store,49.8,PROMO019
2022-05-11,RCPT00003007,ST04,SKU02840,CUST03181,2,267.04,534.08,In-Store,0.0,
2022-05-11,RCPT00003007,ST04,SKU00002,CUST03181,1,70.38,70.38,In-Store,0.0,
2022-05-11,RCPT00003007,ST04,SKU02930,CUST03181,5,170.16,850.8,In-Store,0.0,
2024-10-08,RCPT00003008,ST14,SKU03503,CUST02234,3,225.31,493.43,In-Store,27.0,PROMO094
2022-03-15,RCPT00003009,ST22,SKU02350,CUST03013,1,194.08,194.08,In-Store,0.0,
2023-04-18,RCPT00003010,ST04,SKU02350,CUST07126,1,194.08,151.58,Online,21.9,PROMO046
2023-04-18,RCPT00003010,ST04,SKU02721,CUST07126,1,259.98,203.04,Online,21.9,PROMO046
2022-10-22,RCPT00003011,ST20,SKU01065,CUST00919,1,104.37,104.37,In-Store,0.0,
2022-10-22,RCPT00003011,ST20,SKU04321,CUST00919,1,961.3,961.3,In-Store,0.0,
2022-10-22,RCPT00003011,ST20,SKU00291,CUST00919,1,190.44,190.44,In-Store,0.0,
2023-06-19,RCPT00003012,ST01,SKU00264,CUST06329,3,242.74,728.22,In-Store,0.0,
2024-12-13,RCPT00003013,ST05,SKU01215,CUST06204,1,268.96,268.96,In-Store,0.0,
2023-12-19,RCPT00003014,ST10,SKU04159,CUST00628,1,2188.36,2188.36,Mobile App,0.0,
2023-12-19,RCPT00003014,ST10,SKU00014,CUST00628,1,161.5,161.5,Mobile App,0.0,
2023-12-19,RCPT00003014,ST10,SKU04321,CUST00628,3,961.3,2883.9,Mobile App,0.0,
2023-12-19,RCPT00003014,ST10,SKU04329,CUST00628,1,2452.07,2452.07,Mobile App,0.0,
2024-12-08,RCPT00003015,ST21,SKU00908,CUST04660,2,2108.67,4217.34,In-Store,0.0,
2024-12-08,RCPT00003015,ST21,SKU01316,CUST04660,4,190.6,762.4,In-Store,0.0,
2024-09-28,RCPT00003016,ST26,SKU04908,CUST07486,2,1133.38,1654.73,Online,27.0,PROMO094
2024-09-28,RCPT00003016,ST26,SKU00002,CUST07486,5,70.38,256.89,Online,27.0,PROMO094
2023-04-12,RCPT00003017,ST03,SKU02231,CUST00990,1,50.54,39.47,In-Store,21.9,PROMO046
2024-08-14,RCPT00003018,ST04,SKU00256,CUST00737,2,772.17,1544.34,In-Store,0.0,
2024-08-14,RCPT00003018,ST04,SKU03242,CUST00737,2,245.93,491.86,In-Store,0.0,
2022-07-02,RCPT00003019,ST25,SKU01204,CUST06254,1,2364.73,2364.73,Online,0.0,
2022-07-02,RCPT00003019,ST25,SKU01467,CUST06254,1,1516.97,1516.97,Online,0.0,
2022-07-02,RCPT00003019,ST25,SKU00352,CUST06254,1,816.17,816.17,Online,0.0,
2025-04-24,RCPT00003020,ST22,SKU03518,CUST04278,1,126.26,126.26,Online,0.0,
2025-04-24,RCPT00003020,ST22,SKU01014,CUST04278,1,274.5,274.5,Online,0.0,
2024-04-27,RCPT00003021,ST06,SKU00036,CUST04627,1,188.79,188.79,Mobile App,0.0,
2025-03-21,RCPT00003022,ST11,SKU01775,CUST00803,1,204.15,204.15,In-Store,0.0,
2024-10-03,RCPT00003023,ST20,SKU00273,CUST02412,1,403.23,294.36,In-Store,27.0,PROMO094
2024-10-03,RCPT00003023,ST20,SKU03969,CUST02412,1,109.07,79.62,In-Store,27.0,PROMO094
2024-10-03,RCPT00003023,ST20,SKU03546,CUST02412,3,496.17,1086.61,In-Store,27.0,PROMO094
2024-10-03,RCPT00003023,ST20,SKU00980,CUST02412,4,726.14,2120.33,In-Store,27.0,PROMO094
2024-03-09,RCPT00003024,ST16,SKU04154,CUST06394,3,351.77,593.08,In-Store,43.8,PROMO075
2022-09-25,RCPT00003025,ST21,SKU02368,CUST05012,1,849.39,849.39,Online,0.0,
2022-09-25,RCPT00003025,ST21,SKU00181,CUST05012,1,314.95,314.95,Online,0.0,
2024-05-26,RCPT00003026,ST07,SKU01982,CUST08379,1,88.35,88.35,In-Store,0.0,
2025-06-01,RCPT00003027,ST04,SKU03292,CUST02851,1,164.03,164.03,Online,0.0,
2025-06-01,RCPT00003027,ST04,SKU02711,CUST02851,2,111.55,223.1,Online,0.0,
2025-06-01,RCPT00003027,ST04,SKU02484,CUST02851,1,567.26,567.26,Online,0.0,
2025-06-01,RCPT00003027,ST04,SKU00079,CUST02851,1,197.9,197.9,Online,0.0,
2022-07-31,RCPT00003028,ST08,SKU01435,CUST00336,3,1037.9,3113.7,In-Store,0.0,
2024-05-09,RCPT00003029,ST16,SKU03276,CUST00856,2,273.21,546.42,Online,0.0,
2024-05-09,RCPT00003029,ST16,SKU01176,CUST00856,2,95.51,191.02,Online,0.0,
2025-12-14,RCPT00003030,ST30,SKU03693,CUST00197,4,1381.82,5527.28,Online,0.0,
2025-12-14,RCPT00003030,ST30,SKU02141,CUST00197,1,471.88,471.88,Online,0.0,
2025-07-27,RCPT00003031,ST06,SKU04032,CUST03854,3,203.7,315.94,In-Store,48.3,PROMO032
2024-03-04,RCPT00003032,ST18,SKU04321,CUST00070,4,961.3,3845.2,Online,0.0,
2024-03-04,RCPT00003032,ST18,SKU00182,CUST00070,3,178.74,536.22,Online,0.0,
2024-03-04,RCPT00003032,ST18,SKU02804,CUST00070,1,361.44,361.44,Online,0.0,
2025-06-20,RCPT00003033,ST28,SKU01009,CUST06963,1,223.42,223.42,Online,0.0,
2024-12-07,RCPT00003034,ST21,SKU00980,CUST04868,1,726.14,726.14,In-Store,0.0,
2024-12-07,RCPT00003034,ST21,SKU03537,CUST04868,4,150.25,601.0,In-Store,0.0,
2024-12-07,RCPT00003034,ST21,SKU04321,CUST04868,1,961.3,961.3,In-Store,0.0,
2024-12-07,RCPT00003034,ST21,SKU01314,CUST04868,4,325.53,1302.12,In-Store,0.0,
2023-10-18,RCPT00003035,ST20,SKU00953,CUST00907,3,273.99,821.97,Mobile App,0.0,
2023-10-18,RCPT00003035,ST20,SKU01499,CUST00907,3,317.24,951.72,Mobile App,0.0,
2022-02-07,RCPT00003036,ST25,SKU01890,CUST04074,2,119.43,238.86,In-Store,0.0,
2022-02-07,RCPT00003036,ST25,SKU00182,CUST04074,3,178.74,536.22,In-Store,0.0,
2022-02-07,RCPT00003036,ST25,SKU02415,CUST04074,2,441.21,882.42,In-Store,0.0,
2024-11-05,RCPT00003037,ST21,SKU04794,CUST04126,1,2218.35,2218.35,In-Store,0.0,
2024-11-05,RCPT00003037,ST21,SKU04154,CUST04126,1,351.77,351.77,In-Store,0.0,
2022-10-26,RCPT00003038,ST04,SKU02462,CUST03711,4,171.89,687.56,In-Store,0.0,
2022-10-26,RCPT00003038,ST04,SKU02340,CUST03711,3,234.67,704.01,In-Store,0.0,
2022-10-26,RCPT00003038,ST04,SKU04321,CUST03711,2,961.3,1922.6,In-Store,0.0,
2025-04-10,RCPT00003039,ST23,SKU01392,CUST05344,5,130.77,653.85,In-Store,0.0,
2025-04-10,RCPT00003039,ST23,SKU02231,CUST05344,1,50.54,50.54,In-Store,0.0,
2025-10-09,RCPT00003040,ST13,SKU04321,CUST08409,1,961.3,961.3,Mobile App,0.0,
2025-10-09,RCPT00003040,ST13,SKU04321,CUST08409,1,961.3,961.3,Mobile App,0.0,
2025-10-09,RCPT00003040,ST13,SKU04321,CUST08409,5,961.3,4806.5,Mobile App,0.0,
2023-09-29,RCPT00003041,ST28,SKU04204,CUST05750,1,714.36,714.36,In-Store,0.0,
2023-09-29,RCPT00003041,ST28,SKU01829,CUST05750,5,385.77,1928.85,In-Store,0.0,
2023-09-29,RCPT00003041,ST28,SKU02548,CUST05750,1,266.26,266.26,In-Store,0.0,
2023-01-21,RCPT00003042,ST25,SKU00646,CUST08320,1,232.5,232.5,Online,0.0,
2023-01-21,RCPT00003042,ST25,SKU04574,CUST08320,1,71.96,71.96,Online,0.0,
2023-01-21,RCPT00003042,ST25,SKU01834,CUST08320,1,2159.15,2159.15,Online,0.0,
2023-05-22,RCPT00003043,ST18,SKU01099,CUST03237,5,192.67,963.35,In-Store,0.0,
2023-05-22,RCPT00003043,ST18,SKU04596,CUST03237,2,335.55,671.1,In-Store,0.0,
2022-03-15,RCPT00003044,ST16,SKU02945,CUST02071,1,866.32,866.32,In-Store,0.0,
2023-09-19,RCPT00003045,ST21,SKU02372,CUST02361,2,401.1,802.2,In-Store,0.0,
2025-11-04,RCPT00003046,ST21,SKU03796,CUST09436,1,1839.46,1839.46,Online,0.0,
2023-01-24,RCPT00003047,ST15,SKU02449,CUST05282,1,137.83,137.83,In-Store,0.0,
2023-08-14,RCPT00003048,ST03,SKU03661,CUST06227,2,195.37,390.74,Online,0.0,
2023-08-14,RCPT00003048,ST03,SKU01793,CUST06227,1,2230.84,2230.84,Online,0.0,
2023-08-14,RCPT00003048,ST03,SKU00079,CUST06227,1,197.9,197.9,Online,0.0,
2025-08-15,RCPT00003049,ST09,SKU04321,CUST02381,1,961.3,961.3,In-Store,0.0,
2022-05-29,RCPT00003050,ST14,SKU04321,CUST04721,3,961.3,1649.59,In-Store,42.8,PROMO022
2025-08-13,RCPT00003051,ST14,SKU04219,CUST07413,2,198.03,396.06,In-Store,0.0,
2025-04-27,RCPT00003052,ST10,SKU03851,CUST01366,1,99.5,99.5,Mobile App,0.0,
2025-04-27,RCPT00003052,ST10,SKU01485,CUST01366,2,476.18,952.36,Mobile App,0.0,
2023-11-19,RCPT00003053,ST28,SKU02121,CUST01890,2,217.94,435.88,In-Store,0.0,
2023-11-19,RCPT00003053,ST28,SKU03309,CUST01890,1,983.01,834.58,In-Store,15.1,PROMO064
2023-11-19,RCPT00003053,ST28,SKU01061,CUST01890,3,797.99,2393.97,In-Store,0.0,
2023-10-09,RCPT00003054,ST05,SKU02753,CUST09811,1,796.75,796.75,Online,0.0,
2025-04-06,RCPT00003055,ST21,SKU00077,CUST00130,1,1562.82,1562.82,Online,0.0,
2025-04-06,RCPT00003055,ST21,SKU04926,CUST00130,2,458.92,917.84,Online,0.0,
2023-11-19,RCPT00003056,ST04,SKU03090,CUST00883,2,140.89,281.78,In-Store,0.0,
2023-11-19,RCPT00003056,ST04,SKU00994,CUST00883,3,602.13,1533.63,In-Store,15.1,PROMO064
2025-05-06,RCPT00003057,ST17,SKU02858,CUST09849,2,90.7,181.4,In-Store,0.0,
2023-03-03,RCPT00003058,ST28,SKU01102,CUST08111,1,340.37,340.37,Online,0.0,
2025-03-31,RCPT00003059,ST05,SKU03292,CUST05087,1,164.03,164.03,Online,0.0,
2025-03-31,RCPT00003059,ST05,SKU01468,CUST05087,1,645.85,645.85,Online,0.0,
2025-03-31,RCPT00003059,ST05,SKU04718,CUST05087,3,148.59,445.77,Online,0.0,
2025-10-06,RCPT00003060,ST05,SKU04573,CUST02404,1,269.93,269.93,In-Store,0.0,
2022-09-01,RCPT00003061,ST10,SKU04156,CUST00682,2,3610.04,6570.27,Online,9.0,PROMO033
2025-05-28,RCPT00003062,ST13,SKU00310,CUST05780,1,77.52,77.52,Online,0.0,
2024-02-24,RCPT00003063,ST04,SKU02336,CUST07215,1,337.07,337.07,In-Store,0.0,
2022-08-22,RCPT00003064,ST17,SKU02651,CUST04637,1,851.41,851.41,In-Store,0.0,
2024-08-15,RCPT00003065,ST10,SKU04596,CUST02184,1,335.55,335.55,In-Store,0.0,
2024-08-15,RCPT00003065,ST10,SKU02858,CUST02184,2,90.7,181.4,In-Store,0.0,
2024-08-15,RCPT00003065,ST10,SKU03565,CUST02184,2,1015.46,2030.92,In-Store,0.0,
2024-08-15,RCPT00003065,ST10,SKU04494,CUST02184,2,82.11,164.22,In-Store,0.0,
2024-08-15,RCPT00003065,ST10,SKU01559,CUST02184,1,82.07,82.07,In-Store,0.0,
2022-10-12,RCPT00003066,ST29,SKU00724,CUST04730,2,69.99,139.98,In-Store,0.0,
2024-12-25,RCPT00003067,ST23,SKU01904,CUST06182,1,280.72,280.72,Online,0.0,
2025-04-24,RCPT00003068,ST15,SKU01466,CUST07885,2,34.29,68.58,In-Store,0.0,
2022-05-31,RCPT00003069,ST01,SKU00937,CUST02262,1,767.81,439.19,Online,42.8,PROMO022
2025-08-19,RCPT00003070,ST07,SKU02743,CUST03473,2,459.4,918.8,Online,0.0,
2023-02-11,RCPT00003071,ST03,SKU04321,CUST06953,2,961.3,1922.6,Online,0.0,
2025-11-17,RCPT00003072,ST20,SKU04424,CUST05539,3,1200.53,3601.59,Mobile App,0.0,
2025-11-17,RCPT00003072,ST20,SKU02141,CUST05539,2,471.88,943.76,Mobile App,0.0,
2025-11-17,RCPT00003072,ST20,SKU01420,CUST05539,2,213.65,427.3,Mobile App,0.0,
2025-11-04,RCPT00003073,ST09,SKU02807,CUST01028,2,185.26,370.52,Online,0.0,
2025-11-04,RCPT00003073,ST09,SKU04321,CUST01028,1,961.3,961.3,Online,0.0,
2025-12-31,RCPT00003074,ST10,SKU03319,CUST07396,1,397.04,397.04,In-Store,0.0,
2025-08-08,RCPT00003075,ST20,SKU03276,CUST05130,3,273.21,819.63,In-Store,0.0,
2025-08-08,RCPT00003075,ST20,SKU04321,CUST05130,2,961.3,993.98,In-Store,48.3,PROMO032
2025-06-04,RCPT00003077,ST14,SKU01126,CUST08932,3,1716.23,5148.69,In-Store,0.0,
2025-06-04,RCPT00003077,ST14,SKU04727,CUST08932,1,491.3,491.3,In-Store,0.0,
2024-02-29,RCPT00003078,ST01,SKU03292,CUST00839,1,164.03,164.03,Mobile App,0.0,
2024-02-29,RCPT00003078,ST01,SKU04346,CUST00839,3,970.29,2910.87,Mobile App,0.0,
2025-07-29,RCPT00003079,ST30,SKU04161,CUST04501,1,189.64,189.64,In-Store,0.0,
2023-08-25,RCPT00003080,ST12,SKU00116,CUST08516,4,317.12,1107.38,Mobile App,12.7,PROMO010
2024-06-28,RCPT00003081,ST03,SKU04157,CUST07667,1,2678.35,2073.04,Online,22.6,PROMO045
2024-06-28,RCPT00003081,ST03,SKU01274,CUST07667,2,558.36,864.34,Online,22.6,PROMO045
2024-06-28,RCPT00003081,ST03,SKU00246,CUST07667,3,1021.22,2371.27,Online,22.6,PROMO045
2022-05-04,RCPT00003082,ST29,SKU04328,CUST02977,3,155.77,467.31,In-Store,0.0,
2024-02-01,RCPT00003083,ST21,SKU01038,CUST01363,1,1338.59,1338.59,In-Store,0.0,
2022-12-02,RCPT00003084,ST22,SKU04158,CUST04833,1,2594.6,2594.6,In-Store,0.0,
2022-12-02,RCPT00003084,ST22,SKU04515,CUST04833,3,244.19,732.57,In-Store,0.0,
2024-05-25,RCPT00003085,ST10,SKU01918,CUST06138,3,529.69,1296.68,In-Store,18.4,PROMO089
2024-11-13,RCPT00003086,ST30,SKU02381,CUST04777,1,987.93,987.93,Mobile App,0.0,
2024-11-13,RCPT00003086,ST30,SKU04754,CUST04777,1,2886.78,2886.78,Mobile App,0.0,
2024-11-13,RCPT00003086,ST30,SKU01371,CUST04777,1,1277.61,1277.61,Mobile App,0.0,
2025-12-28,RCPT00003087,ST03,SKU03666,CUST06486,1,125.46,125.46,In-Store,0.0,
2025-12-28,RCPT00003087,ST03,SKU03522,CUST06486,2,112.92,225.84,In-Store,0.0,
2023-08-22,RCPT00003088,ST18,SKU04321,CUST02201,1,961.3,839.21,In-Store,12.7,PROMO010
2023-08-22,RCPT00003088,ST18,SKU03274,CUST02201,1,156.95,137.02,In-Store,12.7,PROMO010
2025-08-09,RCPT00003089,ST30,SKU00278,CUST07216,2,1807.84,3615.68,Mobile App,0.0,
2022-11-27,RCPT00003090,ST24,SKU01331,CUST04805,1,87.75,87.75,Mobile App,0.0,
2022-11-27,RCPT00003090,ST24,SKU02297,CUST04805,2,1276.77,2553.54,Mobile App,0.0,
2022-11-27,RCPT00003090,ST24,SKU01439,CUST04805,1,987.75,987.75,Mobile App,0.0,
2022-11-27,RCPT00003090,ST24,SKU03200,CUST04805,3,2207.48,6622.44,Mobile App,0.0,
2025-11-07,RCPT00003091,ST30,SKU01775,CUST07300,2,204.15,408.3,Online,0.0,
2023-09-11,RCPT00003092,ST14,SKU03026,CUST01746,1,747.22,652.32,In-Store,12.7,PROMO010
2023-09-11,RCPT00003092,ST14,SKU00500,CUST01746,2,1264.58,2207.96,In-Store,12.7,PROMO010
2024-07-19,RCPT00003093,ST18,SKU00692,CUST01944,1,235.52,182.29,Online,22.6,PROMO045
2022-01-04,RCPT00003094,ST06,SKU00846,CUST00154,1,685.87,685.87,In-Store,0.0,
2022-01-04,RCPT00003094,ST06,SKU00006,CUST00154,1,1413.92,1413.92,In-Store,0.0,
2022-01-04,RCPT00003094,ST06,SKU03498,CUST00154,1,715.4,715.4,In-Store,0.0,
2023-09-21,RCPT00003095,ST03,SKU03901,CUST04960,5,110.45,552.25,Online,0.0,
2025-01-08,RCPT00003096,ST28,SKU04321,CUST08147,1,961.3,961.3,Online,0.0,
2025-01-08,RCPT00003096,ST28,SKU04321,CUST08147,2,961.3,1922.6,Online,0.0,
2024-06-10,RCPT00003097,ST09,SKU01680,CUST04248,4,163.36,653.44,Online,0.0,
2024-06-10,RCPT00003097,ST09,SKU02752,CUST04248,3,705.99,2117.97,Online,0.0,
2024-06-10,RCPT00003097,ST09,SKU00149,CUST04248,2,149.69,299.38,Online,0.0,
2023-09-01,RCPT00003098,ST20,SKU03727,CUST02938,1,1660.93,1449.99,Online,12.7,PROMO010
2024-10-11,RCPT00003099,ST13,SKU01077,CUST00056,4,126.83,507.32,In-Store,0.0,
2024-10-11,RCPT00003099,ST13,SKU04321,CUST00056,1,961.3,961.3,In-Store,0.0,
2024-09-14,RCPT00003101,ST12,SKU00982,CUST09411,2,1475.54,2951.08,Online,0.0,
2024-09-14,RCPT00003101,ST12,SKU01069,CUST09411,1,1801.49,1801.49,Online,0.0,
2022-10-29,RCPT00003102,ST05,SKU00010,CUST01868,2,1602.79,3205.58,In-Store,0.0,
2023-01-12,RCPT00003103,ST17,SKU01189,CUST07184,1,2299.8,2299.8,In-Store,0.0,
2023-01-12,RCPT00003103,ST17,SKU02826,CUST07184,2,438.33,876.66,In-Store,0.0,
2023-01-12,RCPT00003103,ST17,SKU02930,CUST07184,1,170.16,170.16,In-Store,0.0,
2022-10-19,RCPT00003104,ST06,SKU03828,CUST02097,3,327.11,981.33,In-Store,0.0,
2022-10-19,RCPT00003104,ST06,SKU00830,CUST02097,5,290.01,1450.05,In-Store,0.0,
2022-10-19,RCPT00003104,ST06,SKU04321,CUST02097,2,961.3,1922.6,In-Store,0.0,
2022-10-19,RCPT00003104,ST06,SKU02463,CUST02097,1,68.74,68.74,In-Store,0.0,
2025-09-16,RCPT00003105,ST17,SKU01278,CUST09512,3,1156.55,3469.65,Online,0.0,
2025-09-16,RCPT00003105,ST17,SKU03693,CUST09512,4,1381.82,5527.28,Online,0.0,
2024-10-25,RCPT00003106,ST15,SKU01649,CUST01624,3,433.36,1300.08,In-Store,0.0,
2024-01-25,RCPT00003107,ST08,SKU00901,CUST04949,1,653.7,338.62,In-Store,48.2,PROMO069
2022-09-26,RCPT00003108,ST09,SKU04847,CUST02625,1,630.96,630.96,Mobile App,0.0,
2022-09-26,RCPT00003108,ST09,SKU04321,CUST02625,2,961.3,1922.6,Mobile App,0.0,
2023-09-07,RCPT00003109,ST17,SKU00097,CUST04653,1,1103.71,963.54,In-Store,12.7,PROMO010
2023-09-07,RCPT00003109,ST17,SKU01600,CUST04653,1,419.03,365.81,In-Store,12.7,PROMO010
2023-09-07,RCPT00003109,ST17,SKU04806,CUST04653,1,92.11,80.41,In-Store,12.7,PROMO010
2025-11-05,RCPT00003110,ST22,SKU04134,CUST04859,1,394.74,394.74,Online,0.0,
2025-11-05,RCPT00003110,ST22,SKU04321,CUST04859,4,961.3,3845.2,Online,0.0,
2025-05-13,RCPT00003111,ST22,SKU03703,CUST03394,2,115.62,231.24,Online,0.0,
2025-05-13,RCPT00003111,ST22,SKU04005,CUST03394,2,129.46,258.92,Online,0.0,
2025-05-13,RCPT00003111,ST22,SKU02753,CUST03394,1,796.75,796.75,Online,0.0,
2025-05-13,RCPT00003111,ST22,SKU01739,CUST03394,1,501.28,501.28,Online,0.0,
2024-04-29,RCPT00003112,ST30,SKU04574,CUST08034,2,71.96,143.92,In-Store,0.0,
2025-02-19,RCPT00003113,ST18,SKU03840,CUST02597,3,255.12,426.31,In-Store,44.3,PROMO041
2025-12-28,RCPT00003114,ST17,SKU04417,CUST07911,1,1557.6,1557.6,Mobile App,0.0,
2025-12-28,RCPT00003114,ST17,SKU00994,CUST07911,3,602.13,1806.39,Mobile App,0.0,
2024-11-28,RCPT00003115,ST06,SKU04008,CUST03338,2,284.43,568.86,In-Store,0.0,
2024-03-29,RCPT00003116,ST14,SKU02478,CUST06958,1,74.15,41.67,In-Store,43.8,PROMO075
2024-03-29,RCPT00003116,ST14,SKU02415,CUST06958,1,441.21,247.96,In-Store,43.8,PROMO075
2024-03-29,RCPT00003116,ST14,SKU00190,CUST06958,1,145.42,81.73,In-Store,43.8,PROMO075
2024-03-13,RCPT00003117,ST16,SKU04128,CUST05706,2,1710.44,1922.53,Mobile App,43.8,PROMO075
2024-11-07,RCPT00003118,ST25,SKU02747,CUST05936,3,561.26,1683.78,In-Store,0.0,
2024-11-07,RCPT00003118,ST25,SKU03743,CUST05936,1,253.24,253.24,In-Store,0.0,
2024-11-07,RCPT00003118,ST25,SKU00711,CUST05936,1,107.95,107.95,In-Store,0.0,
2023-06-27,RCPT00003119,ST10,SKU01432,CUST02640,4,78.81,315.24,In-Store,0.0,
2024-01-28,RCPT00003120,ST06,SKU04126,CUST05072,4,1646.95,3412.48,In-Store,48.2,PROMO069
2024-01-28,RCPT00003120,ST06,SKU04502,CUST05072,1,44.87,23.24,In-Store,48.2,PROMO069
2024-01-28,RCPT00003120,ST06,SKU04596,CUST05072,1,335.55,173.81,In-Store,48.2,PROMO069
2024-04-29,RCPT00003121,ST09,SKU03994,CUST05966,1,281.11,281.11,In-Store,0.0,
2024-10-30,RCPT00003122,ST16,SKU02762,CUST00108,4,181.06,724.24,Online,0.0,
2022-02-17,RCPT00003123,ST20,SKU00529,CUST02306,2,604.91,1209.82,In-Store,0.0,
2022-02-17,RCPT00003123,ST20,SKU00527,CUST02306,4,763.4,3053.6,In-Store,0.0,
2023-08-04,RCPT00003124,ST01,SKU00454,CUST04800,1,79.58,40.03,Online,49.7,PROMO030
2023-08-04,RCPT00003124,ST01,SKU00079,CUST04800,3,197.9,298.63,Online,49.7,PROMO030
2023-08-04,RCPT00003124,ST01,SKU02473,CUST04800,3,146.58,221.19,Online,49.7,PROMO030
2022-06-19,RCPT00003125,ST06,SKU03737,CUST03417,1,235.68,235.68,In-Store,0.0,
2023-05-26,RCPT00003126,ST02,SKU02648,CUST06389,2,883.45,1766.9,In-Store,0.0,
2022-03-29,RCPT00003127,ST22,SKU01804,CUST02369,1,220.92,220.92,Online,0.0,
2022-03-29,RCPT00003127,ST22,SKU01480,CUST02369,2,136.33,272.66,Online,0.0,
2023-04-25,RCPT00003128,ST11,SKU01510,CUST08587,1,89.78,89.78,In-Store,0.0,
2023-04-25,RCPT00003128,ST11,SKU02273,CUST08587,2,212.66,425.32,In-Store,0.0,
2022-07-25,RCPT00003129,ST27,SKU00161,CUST01345,3,501.77,1505.31,In-Store,0.0,
2022-07-25,RCPT00003129,ST27,SKU02256,CUST01345,2,3052.75,6105.5,In-Store,0.0,
2022-07-25,RCPT00003129,ST27,SKU02037,CUST01345,5,223.51,1117.55,In-Store,0.0,
2023-11-10,RCPT00003130,ST03,SKU03589,CUST05060,2,1456.54,2913.08,In-Store,0.0,
2023-11-10,RCPT00003130,ST03,SKU01007,CUST05060,1,107.05,107.05,In-Store,0.0,
2023-11-10,RCPT00003130,ST03,SKU03487,CUST05060,3,190.24,570.72,In-Store,0.0,
2023-11-10,RCPT00003130,ST03,SKU04861,CUST05060,2,1503.58,2553.08,In-Store,15.1,PROMO064
2023-11-10,RCPT00003130,ST03,SKU04321,CUST05060,5,961.3,4806.5,In-Store,0.0,
2023-02-09,RCPT00003131,ST20,SKU00325,CUST01663,3,631.5,1894.5,In-Store,0.0,
2024-04-23,RCPT00003132,ST04,SKU01079,CUST06952,1,125.88,118.45,Online,5.9,PROMO016
2025-11-10,RCPT00003133,ST04,SKU01346,CUST08154,2,308.88,617.76,In-Store,0.0,
2025-11-13,RCPT00003134,ST30,SKU01371,CUST06604,1,1277.61,1277.61,In-Store,0.0,
2022-08-25,RCPT00003135,ST26,SKU04278,CUST00232,1,440.26,440.26,In-Store,0.0,
2022-10-21,RCPT00003136,ST04,SKU04321,CUST09962,1,961.3,961.3,In-Store,0.0,
2025-05-25,RCPT00003137,ST20,SKU02688,CUST00794,3,1861.79,5585.37,In-Store,0.0,
2022-07-20,RCPT00003138,ST08,SKU04321,CUST06615,3,961.3,2883.9,In-Store,0.0,
2022-07-20,RCPT00003138,ST08,SKU01507,CUST06615,1,220.84,220.84,In-Store,0.0,
2022-07-20,RCPT00003138,ST08,SKU00001,CUST06615,3,813.41,2440.23,In-Store,0.0,
2023-08-15,RCPT00003139,ST07,SKU00701,CUST04444,1,39.24,29.78,In-Store,24.1,PROMO093
2023-08-15,RCPT00003139,ST07,SKU00731,CUST04444,1,83.14,83.14,In-Store,0.0,
2024-03-05,RCPT00003140,ST18,SKU04520,CUST05891,1,258.45,258.45,In-Store,0.0,
2024-03-05,RCPT00003140,ST18,SKU02812,CUST05891,2,300.07,600.14,In-Store,0.0,
2022-04-21,RCPT00003141,ST10,SKU02484,CUST05648,1,567.26,567.26,In-Store,0.0,
2023-03-29,RCPT00003142,ST28,SKU00457,CUST01730,2,265.45,530.9,Mobile App,0.0,
2023-03-29,RCPT00003142,ST28,SKU02416,CUST01730,1,105.53,105.53,Mobile App,0.0,
2022-03-14,RCPT00003143,ST16,SKU00016,CUST03190,1,3478.65,3478.65,Online,0.0,
2022-03-14,RCPT00003143,ST16,SKU02712,CUST03190,1,168.07,168.07,Online,0.0,
2022-03-14,RCPT00003143,ST16,SKU02405,CUST03190,2,152.08,304.16,Online,0.0,
2024-10-21,RCPT00003144,ST29,SKU04321,CUST01695,1,961.3,961.3,Online,0.0,
2024-10-21,RCPT00003144,ST29,SKU00934,CUST01695,1,1037.02,1037.02,Online,0.0,
2023-03-30,RCPT00003145,ST25,SKU04321,CUST06958,4,961.3,3845.2,In-Store,0.0,
2025-06-26,RCPT00003146,ST11,SKU02629,CUST05897,1,521.63,521.63,In-Store,0.0,
2023-12-11,RCPT00003147,ST16,SKU04903,CUST00153,2,237.98,475.96,Online,0.0,
2022-04-18,RCPT00003148,ST22,SKU04321,CUST08796,1,961.3,961.3,Online,0.0,
2022-04-18,RCPT00003148,ST22,SKU01775,CUST08796,1,204.15,204.15,Online,0.0,
2022-04-18,RCPT00003148,ST22,SKU02141,CUST08796,3,471.88,1415.64,Online,0.0,
2022-04-18,RCPT00003148,ST22,SKU04566,CUST08796,1,257.94,257.94,Online,0.0,
2022-04-18,RCPT00003148,ST22,SKU00625,CUST08796,1,362.43,362.43,Online,0.0,
2023-04-04,RCPT00003149,ST28,SKU02966,CUST06719,1,66.34,66.34,In-Store,0.0,
2025-06-23,RCPT00003150,ST12,SKU04514,CUST08757,1,804.2,804.2,Mobile App,0.0,
2024-10-11,RCPT00003151,ST26,SKU00601,CUST01809,2,208.17,416.34,In-Store,0.0,
2024-10-11,RCPT00003151,ST26,SKU02614,CUST01809,3,118.14,354.42,In-Store,0.0,
2024-10-11,RCPT00003151,ST26,SKU03942,CUST01809,4,240.46,961.84,In-Store,0.0,
2023-05-12,RCPT00003152,ST27,SKU04720,CUST02797,1,2230.86,2230.86,In-Store,0.0,
2022-12-25,RCPT00003153,ST22,SKU01837,CUST04822,2,1716.89,3433.78,In-Store,0.0,
2023-01-06,RCPT00003154,ST21,SKU04046,CUST07879,1,114.83,114.83,Online,0.0,
2024-07-09,RCPT00003155,ST22,SKU01881,CUST06973,1,261.78,188.48,In-Store,28.0,PROMO081
2022-06-20,RCPT00003156,ST03,SKU01730,CUST08731,1,100.9,100.9,In-Store,0.0,
2022-06-20,RCPT00003156,ST03,SKU01475,CUST08731,3,789.28,2230.51,In-Store,5.8,PROMO021
2023-02-28,RCPT00003157,ST06,SKU02071,CUST00761,1,179.94,141.07,In-Store,21.6,PROMO066
2024-03-21,RCPT00003158,ST17,SKU01775,CUST01298,2,204.15,229.46,In-Store,43.8,PROMO075
2024-03-21,RCPT00003158,ST17,SKU00934,CUST01298,3,1037.02,1748.42,In-Store,43.8,PROMO075
2025-11-01,RCPT00003159,ST11,SKU03231,CUST06170,1,1705.55,1705.55,Online,0.0,
2025-11-01,RCPT00003159,ST11,SKU01410,CUST06170,1,1331.17,1331.17,Online,0.0,
2023-11-18,RCPT00003160,ST07,SKU00263,CUST05901,4,443.51,1774.04,In-Store,0.0,
2023-11-18,RCPT00003160,ST07,SKU01187,CUST05901,1,629.38,629.38,In-Store,0.0,
2024-12-14,RCPT00003161,ST19,SKU01787,CUST07555,1,444.45,444.45,Mobile App,0.0,
2024-12-14,RCPT00003161,ST19,SKU04604,CUST07555,1,318.32,318.32,Mobile App,0.0,
2024-06-23,RCPT00003162,ST29,SKU04824,CUST06452,1,1024.94,793.3,In-Store,22.6,PROMO045
2022-05-04,RCPT00003163,ST29,SKU01245,CUST09626,2,38.18,76.36,Mobile App,0.0,
2024-05-25,RCPT00003164,ST06,SKU04321,CUST00223,2,961.3,1922.6,In-Store,0.0,
2022-04-14,RCPT00003165,ST20,SKU00902,CUST06861,3,535.55,1606.65,In-Store,0.0,
2024-08-29,RCPT00003166,ST05,SKU03532,CUST05010,1,94.55,94.55,In-Store,0.0,
2025-10-19,RCPT00003167,ST18,SKU03508,CUST02390,2,63.24,126.48,In-Store,0.0,
2022-11-11,RCPT00003168,ST17,SKU04191,CUST02297,1,106.7,106.7,In-Store,0.0,
2022-11-11,RCPT00003168,ST17,SKU04895,CUST02297,1,1875.04,1875.04,In-Store,0.0,
2025-04-07,RCPT00003169,ST11,SKU02449,CUST08903,1,137.83,137.83,In-Store,0.0,
2022-11-13,RCPT00003170,ST08,SKU04109,CUST03436,2,345.6,691.2,In-Store,0.0,
2022-11-13,RCPT00003170,ST08,SKU02003,CUST03436,1,607.33,607.33,In-Store,0.0,
2022-11-13,RCPT00003170,ST08,SKU01679,CUST03436,1,1739.03,1739.03,In-Store,0.0,
2023-12-22,RCPT00003171,ST30,SKU01059,CUST01279,4,176.99,707.96,Online,0.0,
2023-12-22,RCPT00003171,ST30,SKU02529,CUST01279,2,577.42,1154.84,Online,0.0,
2023-12-25,RCPT00003172,ST29,SKU04072,CUST02943,4,174.03,487.98,In-Store,29.9,PROMO043
2023-12-25,RCPT00003172,ST29,SKU04126,CUST02943,1,1646.95,1154.51,In-Store,29.9,PROMO043
2023-12-25,RCPT00003172,ST29,SKU04596,CUST02943,1,335.55,235.22,In-Store,29.9,PROMO043
2025-06-01,RCPT00003173,ST23,SKU02141,CUST07933,1,471.88,471.88,In-Store,0.0,
2025-06-01,RCPT00003173,ST23,SKU01022,CUST07933,1,859.9,859.9,In-Store,0.0,
2025-11-03,RCPT00003174,ST27,SKU00584,CUST08920,1,2331.51,2331.51,In-Store,0.0,
2025-11-03,RCPT00003174,ST27,SKU04198,CUST08920,1,122.84,122.84,In-Store,0.0,
2025-05-25,RCPT00003175,ST29,SKU00953,CUST07340,2,273.99,547.98,Online,0.0,
2025-05-25,RCPT00003175,ST29,SKU01120,CUST07340,2,213.08,426.16,Online,0.0,
2025-05-25,RCPT00003175,ST29,SKU02704,CUST07340,1,165.3,165.3,Online,0.0,
2025-05-25,RCPT00003175,ST29,SKU04125,CUST07340,2,219.82,439.64,Online,0.0,
2022-12-13,RCPT00003176,ST28,SKU04990,CUST07524,2,132.24,264.48,In-Store,0.0,
2022-12-13,RCPT00003176,ST28,SKU00525,CUST07524,2,950.93,1901.86,In-Store,0.0,
2022-12-13,RCPT00003176,ST28,SKU00019,CUST07524,2,394.36,788.72,In-Store,0.0,
2022-09-26,RCPT00003177,ST22,SKU02640,CUST02688,2,1563.22,3126.44,In-Store,0.0,
2025-03-19,RCPT00003178,ST19,SKU04321,CUST00569,1,961.3,816.14,In-Store,15.1,PROMO067
2025-03-19,RCPT00003178,ST19,SKU00171,CUST00569,1,253.93,253.93,In-Store,0.0,
2025-03-19,RCPT00003178,ST19,SKU00953,CUST00569,1,273.99,273.99,In-Store,0.0,
2024-10-30,RCPT00003179,ST06,SKU04947,CUST09007,1,546.17,546.17,Online,0.0,
2023-11-29,RCPT00003180,ST28,SKU04321,CUST00794,5,961.3,4806.5,In-Store,0.0,
2025-12-19,RCPT00003181,ST28,SKU00750,CUST04812,1,1027.66,1027.66,Online,0.0,
2022-05-21,RCPT00003182,ST15,SKU00994,CUST03374,1,602.13,602.13,In-Store,0.0,
2022-05-21,RCPT00003182,ST15,SKU04321,CUST03374,1,961.3,961.3,In-Store,0.0,
2023-06-23,RCPT00003183,ST15,SKU02404,CUST00342,5,28.16,140.8,In-Store,0.0,
2023-09-23,RCPT00003184,ST26,SKU04502,CUST04581,3,44.87,134.61,Online,0.0,
2023-09-23,RCPT00003184,ST26,SKU04596,CUST04581,2,335.55,671.1,Online,0.0,
2025-11-19,RCPT00003185,ST10,SKU01850,CUST02889,1,218.29,218.29,In-Store,0.0,
2023-09-05,RCPT00003186,ST03,SKU03171,CUST06863,1,144.79,126.4,Online,12.7,PROMO010
2023-09-05,RCPT00003186,ST03,SKU04821,CUST06863,4,335.99,1173.28,Online,12.7,PROMO010
2023-09-05,RCPT00003186,ST03,SKU04346,CUST06863,2,970.29,1694.13,Online,12.7,PROMO010
2023-09-05,RCPT00003186,ST03,SKU02531,CUST06863,1,143.49,125.27,Online,12.7,PROMO010
2022-12-18,RCPT00003187,ST21,SKU02930,CUST06524,1,170.16,170.16,Mobile App,0.0,
2022-12-18,RCPT00003187,ST21,SKU03272,CUST06524,4,857.58,3430.32,Mobile App,0.0,
2024-12-18,RCPT00003188,ST20,SKU00788,CUST02042,3,88.38,265.14,Online,0.0,
2024-12-18,RCPT00003188,ST20,SKU01682,CUST02042,1,254.03,254.03,Online,0.0,
2025-11-17,RCPT00003189,ST07,SKU04321,CUST05401,1,961.3,961.3,Online,0.0,
2025-11-17,RCPT00003189,ST07,SKU01490,CUST05401,3,82.43,247.29,Online,0.0,
2022-05-24,RCPT00003190,ST06,SKU00264,CUST02859,1,242.74,242.74,Mobile App,0.0,
2022-05-24,RCPT00003190,ST06,SKU01179,CUST02859,3,1331.57,3994.71,Mobile App,0.0,
2022-05-24,RCPT00003190,ST06,SKU03460,CUST02859,4,3034.93,12139.72,Mobile App,0.0,
2023-12-14,RCPT00003191,ST17,SKU01364,CUST06120,3,127.95,383.85,In-Store,0.0,
2025-02-01,RCPT00003192,ST08,SKU03300,CUST00769,2,279.78,559.56,In-Store,0.0,
2024-12-19,RCPT00003193,ST11,SKU00953,CUST07141,2,273.99,547.98,In-Store,0.0,
2024-12-19,RCPT00003193,ST11,SKU04460,CUST07141,1,322.19,322.19,In-Store,0.0,
2022-01-04,RCPT00003194,ST14,SKU03727,CUST06588,1,1660.93,1660.93,In-Store,0.0,
2025-10-13,RCPT00003195,ST23,SKU04381,CUST07482,2,192.07,384.14,In-Store,0.0,
2025-10-13,RCPT00003195,ST23,SKU00692,CUST07482,2,235.52,471.04,In-Store,0.0,
2025-10-13,RCPT00003195,ST23,SKU01293,CUST07482,3,228.78,686.34,In-Store,0.0,
2024-11-15,RCPT00003196,ST15,SKU00513,CUST09636,1,234.2,234.2,In-Store,0.0,
2024-11-15,RCPT00003196,ST15,SKU00129,CUST09636,2,217.18,434.36,In-Store,0.0,
2024-06-20,RCPT00003197,ST06,SKU02869,CUST09700,1,1023.67,879.33,In-Store,14.1,PROMO023
2025-08-06,RCPT00003198,ST18,SKU01831,CUST06247,2,341.82,683.64,In-Store,0.0,
2025-08-06,RCPT00003198,ST18,SKU01884,CUST06247,2,1125.1,1377.12,In-Store,38.8,PROMO056
2025-08-06,RCPT00003198,ST18,SKU04191,CUST06247,1,106.7,106.7,In-Store,0.0,
2025-08-06,RCPT00003198,ST18,SKU02648,CUST06247,2,883.45,1766.9,In-Store,0.0,
2025-08-06,RCPT00003198,ST18,SKU04401,CUST06247,1,194.32,194.32,In-Store,0.0,
2023-06-16,RCPT00003199,ST27,SKU00737,CUST09810,2,436.92,873.84,Mobile App,0.0,
2023-06-16,RCPT00003199,ST27,SKU01956,CUST09810,1,260.31,260.31,Mobile App,0.0,
2024-02-17,RCPT00003200,ST08,SKU02677,CUST09545,3,412.07,1236.21,In-Store,0.0,
2024-02-17,RCPT00003200,ST08,SKU02882,CUST09545,1,147.14,147.14,In-Store,0.0,
2024-02-17,RCPT00003200,ST08,SKU02848,CUST09545,1,334.01,334.01,In-Store,0.0,
2023-07-10,RCPT00003201,ST16,SKU00832,CUST07264,2,946.53,1893.06,In-Store,0.0,
2023-07-10,RCPT00003201,ST16,SKU04150,CUST07264,1,143.14,143.14,In-Store,0.0,
2023-04-21,RCPT00003202,ST04,SKU02723,CUST02428,1,3042.95,3042.95,Online,0.0,
2022-06-30,RCPT00003203,ST28,SKU00583,CUST01108,2,249.78,499.56,In-Store,0.0,
2024-10-05,RCPT00003204,ST21,SKU04236,CUST01275,3,1751.93,3836.73,In-Store,27.0,PROMO094
2025-06-21,RCPT00003205,ST21,SKU02229,CUST00281,2,131.84,263.68,In-Store,0.0,
2025-06-21,RCPT00003205,ST21,SKU02870,CUST00281,1,794.71,794.71,In-Store,0.0,
2025-06-21,RCPT00003205,ST21,SKU04453,CUST00281,1,265.58,265.58,In-Store,0.0,
2025-04-18,RCPT00003206,ST24,SKU03022,CUST06146,1,86.56,86.56,In-Store,0.0,
2023-12-12,RCPT00003207,ST29,SKU02520,CUST00694,1,158.02,158.02,Online,0.0,
2024-12-09,RCPT00003208,ST11,SKU04596,CUST08720,1,335.55,335.55,Mobile App,0.0,
2024-12-09,RCPT00003208,ST11,SKU03234,CUST08720,2,769.12,1538.24,Mobile App,0.0,
2024-12-09,RCPT00003208,ST11,SKU04318,CUST08720,3,205.5,616.5,Mobile App,0.0,
2025-07-01,RCPT00003209,ST26,SKU04170,CUST06767,2,393.34,619.9,In-Store,21.2,PROMO060
2023-09-18,RCPT00003210,ST18,SKU02419,CUST02145,2,194.06,388.12,Online,0.0,
2025-08-04,RCPT00003211,ST18,SKU02826,CUST07644,2,438.33,876.66,In-Store,0.0,
2025-08-04,RCPT00003211,ST18,SKU04508,CUST07644,1,375.55,375.55,In-Store,0.0,
2025-08-04,RCPT00003211,ST18,SKU01833,CUST07644,1,62.59,62.59,In-Store,0.0,
2025-08-19,RCPT00003212,ST11,SKU01377,CUST05311,1,131.24,66.14,In-Store,49.6,PROMO088
2025-08-19,RCPT00003212,ST11,SKU04154,CUST05311,3,351.77,596.25,In-Store,43.5,PROMO020
2025-08-19,RCPT00003212,ST11,SKU00755,CUST05311,1,120.36,120.36,In-Store,0.0,
2025-08-19,RCPT00003212,ST11,SKU04556,CUST05311,2,51.09,102.18,In-Store,0.0,
2025-08-19,RCPT00003212,ST11,SKU02943,CUST05311,2,909.95,1113.78,In-Store,38.8,PROMO056
2024-11-24,RCPT00003213,ST15,SKU01231,CUST05914,3,300.33,900.99,Online,0.0,
2024-11-24,RCPT00003213,ST15,SKU00729,CUST05914,1,242.64,242.64,Online,0.0,
2025-11-30,RCPT00003214,ST23,SKU01685,CUST00778,1,135.27,135.27,In-Store,0.0,
2024-12-12,RCPT00003215,ST18,SKU04321,CUST08508,1,961.3,961.3,Mobile App,0.0,
2025-04-06,RCPT00003216,ST28,SKU03634,CUST08988,1,2372.1,2372.1,In-Store,0.0,
2024-12-16,RCPT00003217,ST01,SKU04809,CUST04363,2,219.51,439.02,In-Store,0.0,
2024-12-16,RCPT00003217,ST01,SKU04321,CUST04363,5,961.3,4806.5,In-Store,0.0,
2024-12-16,RCPT00003217,ST01,SKU04329,CUST04363,1,2452.07,2452.07,In-Store,0.0,
2023-12-09,RCPT00003218,ST15,SKU03310,CUST05574,3,724.69,2174.07,In-Store,0.0,
2023-12-09,RCPT00003218,ST15,SKU00264,CUST05574,3,242.74,728.22,In-Store,0.0,
2025-08-16,RCPT00003219,ST05,SKU03302,CUST03976,1,426.07,426.07,In-Store,0.0,
2025-08-16,RCPT00003219,ST05,SKU02433,CUST03976,2,89.32,178.64,In-Store,0.0,
2023-10-07,RCPT00003220,ST03,SKU00531,CUST03072,2,2949.96,5899.92,Mobile App,0.0,
2023-10-07,RCPT00003220,ST03,SKU00926,CUST03072,3,285.44,856.32,Mobile App,0.0,
2022-11-29,RCPT00003221,ST19,SKU04321,CUST03177,2,961.3,1922.6,Online,0.0,
2022-11-29,RCPT00003221,ST19,SKU01453,CUST03177,3,1258.86,3776.58,Online,0.0,
2025-11-04,RCPT00003222,ST25,SKU01760,CUST06363,1,257.59,257.59,In-Store,0.0,
2025-11-04,RCPT00003222,ST25,SKU01048,CUST06363,1,96.18,96.18,In-Store,0.0,
2024-03-18,RCPT00003223,ST17,SKU02493,CUST09994,2,212.9,239.3,Online,43.8,PROMO075
2023-06-02,RCPT00003224,ST28,SKU02215,CUST05200,1,731.38,439.56,Online,39.9,PROMO040
2023-06-02,RCPT00003224,ST28,SKU01775,CUST05200,1,204.15,122.69,Online,39.9,PROMO040
2025-12-14,RCPT00003225,ST16,SKU03784,CUST07486,1,1234.71,1234.71,Online,0.0,
2025-06-07,RCPT00003226,ST13,SKU03708,CUST04990,1,102.64,102.64,In-Store,0.0,
2022-10-15,RCPT00003227,ST26,SKU03859,CUST01014,4,109.65,438.6,Online,0.0,
2022-10-15,RCPT00003227,ST26,SKU03084,CUST01014,1,114.28,114.28,Online,0.0,
2022-10-15,RCPT00003227,ST26,SKU04913,CUST01014,2,466.91,933.82,Online,0.0,
2023-01-30,RCPT00003228,ST04,SKU02052,CUST08180,1,277.43,277.43,Online,0.0,
2023-01-30,RCPT00003228,ST04,SKU04321,CUST08180,1,961.3,961.3,Online,0.0,
2024-02-14,RCPT00003229,ST07,SKU02314,CUST04092,1,471.33,471.33,Online,0.0,
2024-02-14,RCPT00003229,ST07,SKU02863,CUST04092,5,110.89,554.45,Online,0.0,
2024-02-14,RCPT00003229,ST07,SKU01545,CUST04092,3,186.61,559.83,Online,0.0,
2024-02-14,RCPT00003229,ST07,SKU02190,CUST04092,5,269.28,1346.4,Online,0.0,
2022-09-12,RCPT00003230,ST18,SKU04321,CUST00430,2,961.3,1922.6,In-Store,0.0,
2022-11-14,RCPT00003231,ST25,SKU03727,CUST02371,1,1660.93,1660.93,In-Store,0.0,
2023-06-02,RCPT00003232,ST22,SKU00994,CUST02895,1,602.13,361.88,Mobile App,39.9,PROMO040
2023-09-22,RCPT00003233,ST06,SKU02660,CUST08153,2,81.91,163.82,In-Store,0.0,
2023-09-22,RCPT00003233,ST06,SKU00519,CUST08153,1,71.95,71.95,In-Store,0.0,
2025-05-16,RCPT00003234,ST16,SKU04321,CUST08636,3,961.3,2883.9,In-Store,0.0,
2023-04-07,RCPT00003235,ST17,SKU04437,CUST04795,2,24.41,48.82,In-Store,0.0,
2025-03-18,RCPT00003236,ST02,SKU02415,CUST09166,4,441.21,1764.84,In-Store,0.0,
2025-03-18,RCPT00003236,ST02,SKU00190,CUST09166,2,145.42,290.84,In-Store,0.0,
2023-10-17,RCPT00003237,ST17,SKU04347,CUST00714,1,305.95,305.95,In-Store,0.0,
2023-10-17,RCPT00003237,ST17,SKU02353,CUST00714,1,747.09,747.09,In-Store,0.0,
2023-10-17,RCPT00003237,ST17,SKU00296,CUST00714,5,685.29,3426.45,In-Store,0.0,
2023-10-17,RCPT00003237,ST17,SKU00774,CUST00714,3,94.61,283.83,In-Store,0.0,
2022-10-14,RCPT00003238,ST03,SKU01872,CUST02741,4,577.52,2310.08,Online,0.0,
2022-05-08,RCPT00003239,ST12,SKU02737,CUST02784,1,315.14,315.14,Online,0.0,
2022-05-08,RCPT00003239,ST12,SKU01886,CUST02784,1,1996.89,1996.89,Online,0.0,
2022-05-08,RCPT00003239,ST12,SKU00388,CUST02784,1,63.62,63.62,Online,0.0,
2025-09-25,RCPT00003240,ST30,SKU00412,CUST01750,2,627.15,1254.3,Online,0.0,
2025-12-24,RCPT00003241,ST15,SKU01101,CUST04870,1,126.22,126.22,In-Store,0.0,
2022-01-16,RCPT00003242,ST10,SKU04596,CUST01566,1,335.55,335.55,In-Store,0.0,
2025-01-29,RCPT00003243,ST09,SKU02141,CUST00826,2,471.88,943.76,Online,0.0,
2025-01-29,RCPT00003243,ST09,SKU03901,CUST00826,1,110.45,62.74,Online,43.2,PROMO098
2023-11-11,RCPT00003244,ST06,SKU01501,CUST00906,1,99.7,99.7,Online,0.0,
2023-11-11,RCPT00003244,ST06,SKU00199,CUST00906,1,62.08,62.08,Online,0.0,
2023-11-11,RCPT00003244,ST06,SKU00096,CUST00906,4,210.25,841.0,Online,0.0,
2023-11-11,RCPT00003244,ST06,SKU04350,CUST00906,3,394.93,1184.79,Online,0.0,
2023-04-13,RCPT00003245,ST04,SKU00190,CUST03890,2,145.42,227.15,Online,21.9,PROMO046
2024-06-22,RCPT00003246,ST29,SKU02272,CUST06396,1,2530.84,1958.87,In-Store,22.6,PROMO045
2023-08-26,RCPT00003247,ST05,SKU04066,CUST05417,1,275.52,209.12,In-Store,24.1,PROMO093
2023-08-26,RCPT00003247,ST05,SKU01420,CUST05417,1,213.65,162.16,In-Store,24.1,PROMO093
2022-03-10,RCPT00003248,ST21,SKU04913,CUST04043,1,466.91,466.91,Online,0.0,
2022-03-10,RCPT00003248,ST21,SKU04119,CUST04043,1,475.6,280.6,Online,41.0,PROMO076
2025-10-02,RCPT00003249,ST30,SKU02335,CUST02612,1,393.56,393.56,In-Store,0.0,
2025-10-02,RCPT00003249,ST30,SKU04321,CUST02612,1,961.3,961.3,In-Store,0.0,
2023-06-29,RCPT00003250,ST27,SKU02240,CUST00325,3,1865.7,5597.1,Online,0.0,
2023-06-29,RCPT00003250,ST27,SKU02843,CUST00325,3,87.14,261.42,Online,0.0,
2024-08-12,RCPT00003251,ST09,SKU04321,CUST06597,1,961.3,961.3,Online,0.0,
2024-08-12,RCPT00003251,ST09,SKU04596,CUST06597,1,335.55,335.55,Online,0.0,
2025-11-11,RCPT00003252,ST16,SKU01687,CUST02137,4,284.88,1139.52,Mobile App,0.0,
2025-11-11,RCPT00003252,ST16,SKU03000,CUST02137,1,172.96,172.96,Mobile App,0.0,
2025-11-11,RCPT00003252,ST16,SKU01549,CUST02137,3,235.17,705.51,Mobile App,0.0,
2022-08-10,RCPT00003253,ST18,SKU01987,CUST05555,1,1078.02,1078.02,Mobile App,0.0,
2022-08-10,RCPT00003253,ST18,SKU04321,CUST05555,2,961.3,1922.6,Mobile App,0.0,
2025-08-28,RCPT00003254,ST03,SKU03194,CUST02206,2,649.38,1298.76,In-Store,0.0,
2024-03-26,RCPT00003255,ST06,SKU01451,CUST07129,1,119.56,67.19,Mobile App,43.8,PROMO075
2024-03-26,RCPT00003255,ST06,SKU02201,CUST07129,4,1064.05,2391.98,Mobile App,43.8,PROMO075
2024-03-26,RCPT00003255,ST06,SKU02954,CUST07129,2,603.3,678.11,Mobile App,43.8,PROMO075
2024-03-26,RCPT00003255,ST06,SKU02705,CUST07129,1,3268.55,1836.93,Mobile App,43.8,PROMO075
2025-05-06,RCPT00003256,ST22,SKU02178,CUST08116,3,188.27,564.81,Mobile App,0.0,
2023-04-01,RCPT00003257,ST20,SKU00920,CUST09960,1,114.73,114.73,Online,0.0,
2024-12-04,RCPT00003258,ST21,SKU00412,CUST03150,1,627.15,627.15,In-Store,0.0,
2024-12-04,RCPT00003258,ST21,SKU02954,CUST03150,1,603.3,603.3,In-Store,0.0,
2025-01-04,RCPT00003259,ST17,SKU02417,CUST08805,2,1108.44,2216.88,In-Store,0.0,
2022-03-21,RCPT00003260,ST26,SKU04329,CUST06416,1,2452.07,2452.07,Online,0.0,
2022-03-21,RCPT00003260,ST26,SKU01599,CUST06416,1,1657.47,1657.47,Online,0.0,
2022-03-21,RCPT00003260,ST26,SKU00469,CUST06416,1,152.95,90.24,Online,41.0,PROMO076
2024-07-31,RCPT00003261,ST17,SKU01039,CUST09399,1,418.6,418.6,In-Store,0.0,
2022-06-16,RCPT00003262,ST07,SKU01008,CUST00829,2,830.92,950.57,In-Store,42.8,PROMO022
2022-06-16,RCPT00003262,ST07,SKU02747,CUST00829,1,561.26,321.04,In-Store,42.8,PROMO022
2025-06-08,RCPT00003263,ST02,SKU04033,CUST06144,2,141.22,282.44,Mobile App,0.0,
2025-06-08,RCPT00003263,ST02,SKU01718,CUST06144,1,1752.89,1752.89,Mobile App,0.0,
2023-01-12,RCPT00003264,ST20,SKU03225,CUST01716,1,1644.59,1644.59,Mobile App,0.0,
2023-01-12,RCPT00003264,ST20,SKU00644,CUST01716,4,942.82,3771.28,Mobile App,0.0,
2025-10-26,RCPT00003265,ST23,SKU03460,CUST03185,2,3034.93,6069.86,In-Store,0.0,
2025-10-11,RCPT00003266,ST13,SKU04682,CUST06057,3,129.38,388.14,Online,0.0,
2025-10-11,RCPT00003266,ST13,SKU04489,CUST06057,4,251.01,1004.04,Online,0.0,
2022-01-03,RCPT00003267,ST08,SKU04972,CUST04309,4,688.96,2755.84,Online,0.0,
2022-01-03,RCPT00003267,ST08,SKU02459,CUST04309,1,323.12,323.12,Online,0.0,
2023-09-20,RCPT00003268,ST09,SKU03353,CUST05907,1,48.61,48.61,Online,0.0,
2023-09-20,RCPT00003268,ST09,SKU02111,CUST05907,1,175.31,175.31,Online,0.0,
2023-09-20,RCPT00003268,ST09,SKU00518,CUST05907,1,374.69,374.69,Online,0.0,
2023-09-20,RCPT00003268,ST09,SKU03795,CUST05907,1,162.83,162.83,Online,0.0,
2022-08-07,RCPT00003269,ST29,SKU00741,CUST07032,2,114.04,228.08,In-Store,0.0,
2025-08-13,RCPT00003270,ST29,SKU04646,CUST05432,2,82.38,164.76,In-Store,0.0,
2025-08-09,RCPT00003271,ST05,SKU01620,CUST01690,3,197.37,592.11,In-Store,0.0,
2025-08-09,RCPT00003271,ST05,SKU01232,CUST01690,1,416.45,416.45,In-Store,0.0,
2025-04-04,RCPT00003272,ST01,SKU03292,CUST09537,4,164.03,656.12,Mobile App,0.0,
2025-08-22,RCPT00003273,ST29,SKU01238,CUST01946,1,176.71,176.71,Online,0.0,
2025-02-03,RCPT00003274,ST20,SKU04321,CUST08306,1,961.3,961.3,Online,0.0,
2025-02-03,RCPT00003274,ST20,SKU04813,CUST08306,5,397.81,1989.05,Online,0.0,
2022-01-09,RCPT00003275,ST09,SKU01758,CUST03236,2,127.26,254.52,Online,0.0,
2023-08-16,RCPT00003276,ST24,SKU01280,CUST03338,2,593.19,1186.38,In-Store,0.0,
2023-08-16,RCPT00003276,ST24,SKU01685,CUST03338,1,135.27,135.27,In-Store,0.0,
2023-08-16,RCPT00003276,ST24,SKU00702,CUST03338,1,1621.05,1621.05,In-Store,0.0,
2025-04-18,RCPT00003277,ST28,SKU00622,CUST09450,1,82.36,82.36,Online,0.0,
2022-07-26,RCPT00003278,ST07,SKU04766,CUST01107,3,112.83,338.49,In-Store,0.0,
2022-03-21,RCPT00003279,ST19,SKU03427,CUST01851,4,807.12,3228.48,Online,0.0,
2022-03-21,RCPT00003279,ST19,SKU00799,CUST01851,1,164.49,164.49,Online,0.0,
2025-08-08,RCPT00003280,ST01,SKU00216,CUST01516,2,678.4,1356.8,In-Store,0.0,
2022-01-31,RCPT00003281,ST04,SKU01221,CUST03081,1,2043.23,2043.23,Online,0.0,
2022-01-31,RCPT00003281,ST04,SKU02324,CUST03081,1,102.02,102.02,Online,0.0,
2022-01-31,RCPT00003281,ST04,SKU01267,CUST03081,2,974.77,1949.54,Online,0.0,
2022-01-31,RCPT00003281,ST04,SKU01054,CUST03081,1,583.57,583.57,Online,0.0,
2023-05-25,RCPT00003282,ST23,SKU04396,CUST03636,1,3425.67,3425.67,Mobile App,0.0,
2023-05-25,RCPT00003282,ST23,SKU03193,CUST03636,1,259.16,259.16,Mobile App,0.0,
2023-05-25,RCPT00003282,ST23,SKU01121,CUST03636,2,316.47,632.94,Mobile App,0.0,
2022-06-27,RCPT00003283,ST14,SKU01045,CUST03868,4,451.29,1805.16,In-Store,0.0,
2024-02-10,RCPT00003284,ST01,SKU02393,CUST00810,2,273.25,546.5,In-Store,0.0,
2024-02-10,RCPT00003284,ST01,SKU02258,CUST00810,1,2619.48,2619.48,In-Store,0.0,
2024-02-24,RCPT00003285,ST25,SKU02923,CUST03732,1,124.18,124.18,In-Store,0.0,
2022-01-12,RCPT00003286,ST08,SKU04375,CUST03512,3,1761.68,5285.04,In-Store,0.0,
2022-01-12,RCPT00003286,ST08,SKU04321,CUST03512,3,961.3,2883.9,In-Store,0.0,
2023-09-18,RCPT00003287,ST20,SKU01152,CUST06151,2,486.03,972.06,Online,0.0,
2025-07-13,RCPT00003288,ST17,SKU04666,CUST00243,4,118.07,472.28,In-Store,0.0,
2023-06-23,RCPT00003289,ST15,SKU01126,CUST02960,1,1716.23,1716.23,Online,0.0,
2023-06-23,RCPT00003289,ST15,SKU04055,CUST02960,1,141.34,141.34,Online,0.0,
2023-06-23,RCPT00003289,ST15,SKU01894,CUST02960,1,620.89,620.89,Online,0.0,
2022-04-12,RCPT00003290,ST14,SKU04321,CUST09486,3,961.3,2883.9,Online,0.0,
2022-04-12,RCPT00003290,ST14,SKU04369,CUST09486,3,1681.45,5044.35,Online,0.0,
2022-04-12,RCPT00003290,ST14,SKU02111,CUST09486,2,175.31,350.62,Online,0.0,
2023-09-17,RCPT00003291,ST24,SKU03812,CUST06472,3,1167.25,3501.75,Mobile App,0.0,
2025-10-09,RCPT00003292,ST21,SKU04359,CUST05080,2,231.83,463.66,In-Store,0.0,
2025-10-09,RCPT00003292,ST21,SKU00845,CUST05080,1,670.83,670.83,In-Store,0.0,
2023-09-01,RCPT00003293,ST21,SKU03765,CUST02610,1,1105.89,965.44,In-Store,12.7,PROMO010
2023-09-01,RCPT00003293,ST21,SKU01363,CUST02610,1,3184.6,2780.16,In-Store,12.7,PROMO010
2023-09-01,RCPT00003293,ST21,SKU00180,CUST02610,4,770.72,2691.35,In-Store,12.7,PROMO010
2022-05-28,RCPT00003294,ST20,SKU00643,CUST03067,1,490.78,280.73,Mobile App,42.8,PROMO022
2022-05-28,RCPT00003294,ST20,SKU00538,CUST03067,1,1101.07,629.81,Mobile App,42.8,PROMO022
2024-10-05,RCPT00003295,ST12,SKU04350,CUST00676,2,394.93,576.6,In-Store,27.0,PROMO094
2024-09-05,RCPT00003296,ST16,SKU02414,CUST05338,1,380.1,380.1,Online,0.0,
2025-01-03,RCPT00003297,ST22,SKU04453,CUST08523,2,265.58,531.16,Online,0.0,
2024-08-29,RCPT00003298,ST28,SKU00092,CUST06694,3,809.88,2429.64,Online,0.0,
2025-03-27,RCPT00003299,ST22,SKU04964,CUST05863,2,295.19,590.38,In-Store,0.0,
2025-03-27,RCPT00003299,ST22,SKU03611,CUST05863,3,164.98,494.94,In-Store,0.0,
2025-08-06,RCPT00003300,ST14,SKU01931,CUST04782,2,1441.93,2883.86,In-Store,0.0,
2025-08-06,RCPT00003300,ST14,SKU03397,CUST04782,2,393.07,406.43,In-Store,48.3,PROMO032
2022-06-15,RCPT00003301,ST27,SKU04338,CUST05103,2,163.32,186.84,Online,42.8,PROMO022
2022-06-15,RCPT00003301,ST27,SKU01507,CUST05103,1,220.84,126.32,Online,42.8,PROMO022
2024-10-16,RCPT00003302,ST08,SKU04740,CUST05230,2,145.53,291.06,Online,0.0,
2024-09-14,RCPT00003303,ST21,SKU02618,CUST06764,2,245.99,491.98,Online,0.0,
2025-01-13,RCPT00003304,ST16,SKU03010,CUST02096,2,768.67,1537.34,In-Store,0.0,
2025-01-13,RCPT00003304,ST16,SKU04948,CUST02096,1,288.18,163.69,In-Store,43.2,PROMO098
2022-11-02,RCPT00003305,ST01,SKU02141,CUST03018,5,471.88,2359.4,Online,0.0,
2025-09-21,RCPT00003306,ST09,SKU04321,CUST00662,1,961.3,961.3,Mobile App,0.0,
2025-09-21,RCPT00003306,ST09,SKU01856,CUST00662,3,195.51,586.53,Mobile App,0.0,
2024-12-17,RCPT00003307,ST30,SKU02077,CUST00782,1,448.21,448.21,In-Store,0.0,
2022-03-19,RCPT00003308,ST24,SKU01045,CUST01309,3,451.29,1353.87,In-Store,0.0,
2022-03-19,RCPT00003308,ST24,SKU04311,CUST01309,2,105.14,210.28,In-Store,0.0,
2023-01-30,RCPT00003309,ST05,SKU02241,CUST03899,2,189.56,379.12,In-Store,0.0,
2023-01-30,RCPT00003309,ST05,SKU02980,CUST03899,2,1789.14,3578.28,In-Store,0.0,
2025-08-07,RCPT00003310,ST01,SKU01783,CUST09818,1,396.76,396.76,In-Store,0.0,
2025-08-07,RCPT00003310,ST01,SKU03230,CUST09818,1,622.02,321.58,In-Store,48.3,PROMO032
2025-08-07,RCPT00003310,ST01,SKU01821,CUST09818,1,2543.99,2543.99,In-Store,0.0,
2024-11-04,RCPT00003311,ST03,SKU03323,CUST06924,1,3001.52,3001.52,Online,0.0,
2024-11-04,RCPT00003311,ST03,SKU03951,CUST06924,2,156.85,313.7,Online,0.0,
2024-11-04,RCPT00003311,ST03,SKU03223,CUST06924,1,207.4,207.4,Online,0.0,
2024-11-04,RCPT00003311,ST03,SKU01993,CUST06924,4,142.17,568.68,Online,0.0,
2024-11-04,RCPT00003311,ST03,SKU02330,CUST06924,2,221.38,442.76,Online,0.0,
2023-02-27,RCPT00003312,ST06,SKU02141,CUST05490,3,471.88,1415.64,Mobile App,0.0,
2023-02-27,RCPT00003312,ST06,SKU04783,CUST05490,2,1943.37,3886.74,Mobile App,0.0,
2025-11-30,RCPT00003313,ST09,SKU03292,CUST03035,3,164.03,492.09,Mobile App,0.0,
2025-11-30,RCPT00003313,ST09,SKU00994,CUST03035,1,602.13,602.13,Mobile App,0.0,
2022-01-02,RCPT00003314,ST20,SKU04245,CUST07836,3,217.78,653.34,Mobile App,0.0,
2025-09-10,RCPT00003315,ST27,SKU01009,CUST02065,1,223.42,223.42,Mobile App,0.0,
2025-09-10,RCPT00003315,ST27,SKU04596,CUST02065,1,335.55,335.55,Mobile App,0.0,
2022-06-14,RCPT00003316,ST07,SKU02482,CUST05082,1,1297.95,742.43,In-Store,42.8,PROMO022
2022-06-14,RCPT00003316,ST07,SKU02867,CUST05082,1,930.15,532.05,In-Store,42.8,PROMO022
2022-07-21,RCPT00003317,ST22,SKU00756,CUST05839,4,2637.39,10549.56,In-Store,0.0,
2022-07-21,RCPT00003317,ST22,SKU03423,CUST05839,3,387.84,1163.52,In-Store,0.0,
2023-08-07,RCPT00003318,ST07,SKU01083,CUST07019,2,421.04,639.14,In-Store,24.1,PROMO093
2023-02-06,RCPT00003319,ST09,SKU00953,CUST09004,1,273.99,273.99,In-Store,0.0,
2023-02-06,RCPT00003319,ST09,SKU02813,CUST09004,2,250.52,501.04,In-Store,0.0,
2023-02-06,RCPT00003319,ST09,SKU04277,CUST09004,1,288.73,288.73,In-Store,0.0,
2024-12-20,RCPT00003320,ST18,SKU01784,CUST00723,1,168.81,168.81,Mobile App,0.0,
2022-06-11,RCPT00003321,ST18,SKU02419,CUST09439,2,194.06,222.0,Online,42.8,PROMO022
2022-06-11,RCPT00003321,ST18,SKU00782,CUST09439,1,1731.92,990.66,Online,42.8,PROMO022
2022-03-30,RCPT00003322,ST04,SKU00285,CUST09169,2,505.67,1011.34,In-Store,0.0,
2022-03-30,RCPT00003322,ST04,SKU01680,CUST09169,1,163.36,163.36,In-Store,0.0,
2022-03-30,RCPT00003322,ST04,SKU04321,CUST09169,4,961.3,3845.2,In-Store,0.0,
2024-11-28,RCPT00003323,ST16,SKU02298,CUST07417,1,759.4,759.4,Online,0.0,
2024-11-28,RCPT00003323,ST16,SKU03578,CUST07417,3,225.73,677.19,Online,0.0,
2024-11-28,RCPT00003323,ST16,SKU04321,CUST07417,2,961.3,1922.6,Online,0.0,
2023-11-02,RCPT00003324,ST15,SKU04321,CUST02247,1,961.3,961.3,Online,0.0,
2024-07-04,RCPT00003325,ST30,SKU00678,CUST01711,1,627.15,485.41,Mobile App,22.6,PROMO045
2024-07-04,RCPT00003325,ST30,SKU02155,CUST01711,1,1113.48,861.83,Mobile App,22.6,PROMO045
2024-07-04,RCPT00003325,ST30,SKU01677,CUST01711,1,127.3,98.53,Mobile App,22.6,PROMO045
2022-12-21,RCPT00003326,ST06,SKU03301,CUST00303,2,296.26,592.52,Mobile App,0.0,
2022-03-09,RCPT00003327,ST08,SKU04913,CUST02798,5,466.91,2334.55,Mobile App,0.0,
2025-12-17,RCPT00003328,ST17,SKU04321,CUST09708,3,961.3,2883.9,In-Store,0.0,
2024-06-24,RCPT00003329,ST21,SKU04590,CUST06838,3,960.96,2075.67,In-Store,28.0,PROMO081
2024-06-24,RCPT00003329,ST21,SKU02328,CUST06838,2,58.96,91.27,In-Store,22.6,PROMO045
2022-07-02,RCPT00003330,ST04,SKU04852,CUST06658,2,366.43,732.86,In-Store,0.0,
2022-07-02,RCPT00003330,ST04,SKU03612,CUST06658,4,290.1,1160.4,In-Store,0.0,
2024-07-11,RCPT00003331,ST24,SKU01625,CUST09539,2,1672.86,2589.59,In-Store,22.6,PROMO045
2025-03-21,RCPT00003332,ST25,SKU00924,CUST06777,1,401.13,401.13,Mobile App,0.0,
2025-03-21,RCPT00003332,ST25,SKU04045,CUST06777,2,615.16,1230.32,Mobile App,0.0,
2024-05-13,RCPT00003333,ST25,SKU03274,CUST02518,3,156.95,316.41,Mobile App,32.8,PROMO036
2024-05-13,RCPT00003333,ST25,SKU04674,CUST02518,2,161.82,217.49,Mobile App,32.8,PROMO036
2023-05-12,RCPT00003334,ST05,SKU00560,CUST06613,2,329.64,659.28,Mobile App,0.0,
2023-05-12,RCPT00003334,ST05,SKU00672,CUST06613,1,756.53,756.53,Mobile App,0.0,
2023-05-12,RCPT00003334,ST05,SKU04321,CUST06613,1,961.3,961.3,Mobile App,0.0,
2023-05-12,RCPT00003334,ST05,SKU04847,CUST06613,1,630.96,630.96,Mobile App,0.0,
2024-12-13,RCPT00003335,ST20,SKU02398,CUST03317,1,682.66,682.66,Online,0.0,
2024-12-13,RCPT00003335,ST20,SKU01601,CUST03317,1,137.22,137.22,Online,0.0,
2024-12-13,RCPT00003335,ST20,SKU00350,CUST03317,1,492.43,492.43,Online,0.0,
2024-12-13,RCPT00003335,ST20,SKU03256,CUST03317,2,454.99,909.98,Online,0.0,
2022-03-16,RCPT00003336,ST24,SKU00393,CUST06944,3,88.75,266.25,Mobile App,0.0,
2025-06-16,RCPT00003337,ST30,SKU04105,CUST06888,3,464.78,1394.34,In-Store,0.0,
2024-02-20,RCPT00003338,ST26,SKU03546,CUST01855,4,496.17,1984.68,In-Store,0.0,
2022-12-25,RCPT00003339,ST10,SKU04632,CUST09993,1,892.4,892.4,In-Store,0.0,
2022-12-25,RCPT00003339,ST10,SKU02032,CUST09993,2,90.84,143.16,In-Store,21.2,PROMO091
2023-03-28,RCPT00003340,ST08,SKU02230,CUST05440,1,978.76,978.76,Mobile App,0.0,
2023-12-12,RCPT00003341,ST08,SKU02017,CUST06007,2,105.32,210.64,In-Store,0.0,
2023-01-30,RCPT00003342,ST16,SKU01539,CUST00821,1,347.54,347.54,In-Store,0.0,
2022-11-15,RCPT00003343,ST26,SKU04764,CUST09465,2,1249.29,2498.58,In-Store,0.0,
2022-11-15,RCPT00003343,ST26,SKU02002,CUST09465,1,251.48,251.48,In-Store,0.0,
2022-11-15,RCPT00003343,ST26,SKU00201,CUST09465,2,848.32,1696.64,In-Store,0.0,
2023-04-28,RCPT00003344,ST18,SKU04551,CUST08724,1,2498.23,2498.23,Online,0.0,
2023-04-28,RCPT00003344,ST18,SKU04848,CUST08724,2,472.99,945.98,Online,0.0,
2022-10-01,RCPT00003345,ST19,SKU04321,CUST03558,2,961.3,1922.6,In-Store,0.0,
2022-02-05,RCPT00003346,ST02,SKU01212,CUST00611,3,240.47,721.41,In-Store,0.0,
2022-02-05,RCPT00003346,ST02,SKU04596,CUST00611,2,335.55,671.1,In-Store,0.0,
2024-09-19,RCPT00003347,ST05,SKU04813,CUST05539,4,397.81,1591.24,Mobile App,0.0,
2023-06-30,RCPT00003348,ST20,SKU00959,CUST07077,1,33.01,33.01,In-Store,0.0,
2025-08-15,RCPT00003349,ST11,SKU01881,CUST09278,2,261.78,523.56,Mobile App,0.0,
2025-11-23,RCPT00003350,ST14,SKU03507,CUST02679,2,695.35,1390.7,Mobile App,0.0,
2025-11-23,RCPT00003350,ST14,SKU00953,CUST02679,2,273.99,547.98,Mobile App,0.0,
2025-11-23,RCPT00003350,ST14,SKU00189,CUST02679,2,69.3,138.6,Mobile App,0.0,
2025-11-23,RCPT00003350,ST14,SKU04350,CUST02679,1,394.93,394.93,Mobile App,0.0,
2022-01-26,RCPT00003351,ST15,SKU02895,CUST00961,1,119.21,119.21,In-Store,0.0,
2024-03-24,RCPT00003352,ST28,SKU02654,CUST08148,1,215.5,121.11,In-Store,43.8,PROMO075
2024-03-24,RCPT00003352,ST28,SKU00951,CUST08148,2,511.08,574.45,In-Store,43.8,PROMO075
2022-09-08,RCPT00003353,ST18,SKU00497,CUST02671,2,399.27,798.54,In-Store,0.0,
2022-09-08,RCPT00003353,ST18,SKU00392,CUST02671,2,495.32,990.64,In-Store,0.0,
2025-09-23,RCPT00003354,ST06,SKU00957,CUST05484,4,159.22,636.88,In-Store,0.0,
2022-08-24,RCPT00003355,ST05,SKU01449,CUST00206,2,2232.35,4464.7,In-Store,0.0,
2023-05-18,RCPT00003356,ST20,SKU04321,CUST06444,2,961.3,1922.6,In-Store,0.0,
2024-12-20,RCPT00003357,ST24,SKU01229,CUST04688,3,492.86,1478.58,In-Store,0.0,
2024-12-20,RCPT00003357,ST24,SKU00278,CUST04688,1,1807.84,1807.84,In-Store,0.0,
2024-12-20,RCPT00003357,ST24,SKU02247,CUST04688,1,179.3,179.3,In-Store,0.0,
2024-12-20,RCPT00003357,ST24,SKU03124,CUST04688,1,428.6,428.6,In-Store,0.0,
2025-11-25,RCPT00003358,ST03,SKU02368,CUST08820,1,849.39,849.39,Mobile App,0.0,
2024-12-06,RCPT00003359,ST16,SKU00041,CUST09584,1,2490.74,2490.74,In-Store,0.0,
2024-12-06,RCPT00003359,ST16,SKU01747,CUST09584,2,705.35,1410.7,In-Store,0.0,
2024-12-06,RCPT00003359,ST16,SKU04054,CUST09584,1,34.95,34.95,In-Store,0.0,
2025-08-16,RCPT00003360,ST12,SKU02490,CUST05190,1,1927.66,1927.66,In-Store,0.0,
2025-08-16,RCPT00003360,ST12,SKU02648,CUST05190,1,883.45,883.45,In-Store,0.0,
2025-08-16,RCPT00003360,ST12,SKU01660,CUST05190,1,138.0,138.0,In-Store,0.0,
2025-08-16,RCPT00003360,ST12,SKU00990,CUST05190,1,485.43,485.43,In-Store,0.0,
2025-08-16,RCPT00003361,ST19,SKU02050,CUST03913,3,90.73,272.19,In-Store,0.0,
2025-08-16,RCPT00003361,ST19,SKU00307,CUST03913,1,209.82,105.75,In-Store,49.6,PROMO088
2025-08-16,RCPT00003361,ST19,SKU00972,CUST03913,2,232.47,464.94,In-Store,0.0,
2025-08-16,RCPT00003361,ST19,SKU01045,CUST03913,1,451.29,451.29,In-Store,0.0,
2024-08-06,RCPT00003362,ST29,SKU03536,CUST06434,1,127.11,127.11,Online,0.0,
2022-06-23,RCPT00003363,ST11,SKU04571,CUST07523,1,868.52,818.15,Mobile App,5.8,PROMO021
2022-09-15,RCPT00003364,ST10,SKU00847,CUST08442,1,398.86,398.86,Mobile App,0.0,
2023-09-14,RCPT00003365,ST01,SKU02538,CUST02303,1,216.58,189.07,Mobile App,12.7,PROMO010
2022-09-07,RCPT00003366,ST12,SKU02285,CUST07356,1,215.0,195.65,In-Store,9.0,PROMO033
2022-09-07,RCPT00003366,ST12,SKU04321,CUST07356,1,961.3,874.78,In-Store,9.0,PROMO033
2022-03-11,RCPT00003367,ST14,SKU04321,CUST01745,2,961.3,1922.6,Online,0.0,
2024-06-12,RCPT00003368,ST28,SKU00692,CUST00559,3,235.52,706.56,In-Store,0.0,
2024-06-12,RCPT00003368,ST28,SKU01080,CUST00559,1,167.2,167.2,In-Store,0.0,
2024-06-12,RCPT00003368,ST28,SKU02306,CUST00559,2,196.62,393.24,In-Store,0.0,
2025-08-26,RCPT00003369,ST23,SKU01962,CUST06897,1,1750.03,1750.03,In-Store,0.0,
2025-08-26,RCPT00003369,ST23,SKU04835,CUST06897,5,62.1,310.5,In-Store,0.0,
2025-01-10,RCPT00003370,ST18,SKU00962,CUST04519,4,121.58,486.32,In-Store,0.0,
2025-01-10,RCPT00003370,ST18,SKU04321,CUST04519,2,961.3,1922.6,In-Store,0.0,
2025-01-10,RCPT00003370,ST18,SKU03052,CUST04519,2,2242.35,4484.7,In-Store,0.0,
2025-01-10,RCPT00003370,ST18,SKU02141,CUST04519,1,471.88,471.88,In-Store,0.0,
2025-01-10,RCPT00003370,ST18,SKU04699,CUST04519,2,143.53,287.06,In-Store,0.0,
2023-04-01,RCPT00003371,ST05,SKU04596,CUST08153,1,335.55,335.55,In-Store,0.0,
2023-04-01,RCPT00003371,ST05,SKU04975,CUST08153,1,125.79,125.79,In-Store,0.0,
2023-05-31,RCPT00003372,ST30,SKU02155,CUST03475,1,1113.48,1113.48,Online,0.0,
2023-05-31,RCPT00003372,ST30,SKU01182,CUST03475,1,2365.65,2365.65,Online,0.0,
2025-08-22,RCPT00003373,ST08,SKU03147,CUST06036,1,151.39,151.39,Online,0.0,
2025-08-22,RCPT00003373,ST08,SKU00407,CUST06036,2,2769.83,5539.66,Online,0.0,
2025-08-22,RCPT00003373,ST08,SKU02059,CUST06036,1,45.51,45.51,Online,0.0,
2025-08-22,RCPT00003373,ST08,SKU00007,CUST06036,5,129.75,648.75,Online,0.0,
2025-08-22,RCPT00003373,ST08,SKU04166,CUST06036,1,263.67,263.67,Online,0.0,
2023-06-14,RCPT00003374,ST03,SKU03843,CUST03207,3,125.55,376.65,Mobile App,0.0,
2023-06-14,RCPT00003374,ST03,SKU03510,CUST03207,2,143.24,286.48,Mobile App,0.0,
2023-06-14,RCPT00003374,ST03,SKU01435,CUST03207,1,1037.9,1037.9,Mobile App,0.0,
2023-06-14,RCPT00003374,ST03,SKU03488,CUST03207,2,136.44,272.88,Mobile App,0.0,
2023-06-14,RCPT00003374,ST03,SKU02062,CUST03207,1,1854.01,1566.64,Mobile App,15.5,PROMO054
2022-09-30,RCPT00003375,ST23,SKU01030,CUST09624,1,224.5,224.5,Online,0.0,
2022-09-30,RCPT00003375,ST23,SKU00905,CUST09624,2,247.57,495.14,Online,0.0,
2025-09-07,RCPT00003376,ST17,SKU00845,CUST05371,1,670.83,670.83,In-Store,0.0,
2025-09-07,RCPT00003376,ST17,SKU04154,CUST05371,2,351.77,703.54,In-Store,0.0,
2023-11-22,RCPT00003377,ST29,SKU00001,CUST05576,1,813.41,690.59,In-Store,15.1,PROMO064
2023-08-22,RCPT00003378,ST09,SKU00057,CUST08434,3,2287.08,5989.86,Online,12.7,PROMO010
2023-08-22,RCPT00003378,ST09,SKU00285,CUST08434,2,505.67,882.9,Online,12.7,PROMO010
2023-09-25,RCPT00003379,ST30,SKU01747,CUST05812,1,705.35,705.35,In-Store,0.0,
2025-03-17,RCPT00003380,ST10,SKU04650,CUST00031,2,578.07,1156.14,In-Store,0.0,
2025-03-17,RCPT00003380,ST10,SKU04321,CUST00031,2,961.3,1632.29,In-Store,15.1,PROMO067
2025-03-17,RCPT00003380,ST10,SKU04321,CUST00031,4,961.3,3264.57,In-Store,15.1,PROMO067
2022-06-04,RCPT00003381,ST27,SKU04032,CUST03121,2,203.7,233.03,In-Store,42.8,PROMO022
2025-09-27,RCPT00003382,ST07,SKU04447,CUST09243,2,1190.64,2381.28,Online,0.0,
2025-09-27,RCPT00003382,ST07,SKU04610,CUST09243,1,2079.89,2079.89,Online,0.0,
2024-06-10,RCPT00003383,ST11,SKU04400,CUST01237,1,1119.54,1119.54,In-Store,0.0,
2024-08-19,RCPT00003384,ST27,SKU04439,CUST09634,1,1440.53,1440.53,Mobile App,0.0,
2023-12-09,RCPT00003385,ST29,SKU01338,CUST04298,1,354.64,354.64,Online,0.0,
2023-12-09,RCPT00003385,ST29,SKU02266,CUST04298,4,515.66,2062.64,Online,0.0,
2025-12-25,RCPT00003386,ST13,SKU03510,CUST05540,1,143.24,143.24,In-Store,0.0,
2023-07-20,RCPT00003387,ST06,SKU04237,CUST02735,3,248.5,745.5,Online,0.0,
2023-03-10,RCPT00003388,ST08,SKU02892,CUST06999,1,77.05,71.66,In-Store,7.0,PROMO002
2023-03-10,RCPT00003388,ST08,SKU03016,CUST06999,1,233.3,216.97,In-Store,7.0,PROMO002
2022-04-30,RCPT00003389,ST17,SKU00596,CUST03760,1,468.99,468.99,Online,0.0,
2022-04-30,RCPT00003389,ST17,SKU02717,CUST03760,2,188.3,376.6,Online,0.0,
2022-04-30,RCPT00003389,ST17,SKU01953,CUST03760,1,309.85,309.85,Online,0.0,
2025-04-23,RCPT00003390,ST11,SKU02561,CUST08616,1,513.57,513.57,In-Store,0.0,
2025-04-23,RCPT00003390,ST11,SKU03219,CUST08616,2,139.02,278.04,In-Store,0.0,
2023-11-29,RCPT00003391,ST24,SKU04464,CUST00993,2,281.56,563.12,Online,0.0,
2023-11-29,RCPT00003391,ST24,SKU02543,CUST00993,2,1956.24,3321.7,Online,15.1,PROMO064
2023-01-15,RCPT00003392,ST27,SKU04936,CUST06046,1,328.89,328.89,Mobile App,0.0,
2023-01-15,RCPT00003392,ST27,SKU04958,CUST06046,1,180.7,180.7,Mobile App,0.0,
2024-07-12,RCPT00003393,ST19,SKU04596,CUST04001,2,335.55,519.43,In-Store,22.6,PROMO045
2022-04-15,RCPT00003394,ST29,SKU01752,CUST01137,2,459.19,918.38,In-Store,0.0,
2022-04-15,RCPT00003394,ST29,SKU00297,CUST01137,4,172.52,690.08,In-Store,0.0,
2022-04-15,RCPT00003394,ST29,SKU04004,CUST01137,1,309.68,309.68,In-Store,0.0,
2022-04-15,RCPT00003394,ST29,SKU03438,CUST01137,1,1292.78,1292.78,In-Store,0.0,
2023-10-13,RCPT00003395,ST04,SKU04321,CUST00777,2,961.3,1922.6,Online,0.0,
2023-10-13,RCPT00003395,ST04,SKU04105,CUST00777,2,464.78,929.56,Online,0.0,
2023-10-13,RCPT00003395,ST04,SKU03433,CUST00777,1,162.07,162.07,Online,0.0,
2023-10-13,RCPT00003395,ST04,SKU02187,CUST00777,2,242.07,484.14,Online,0.0,
2023-10-13,RCPT00003395,ST04,SKU03604,CUST00777,1,122.62,122.62,Online,0.0,
2022-11-25,RCPT00003396,ST05,SKU03381,CUST02140,4,176.04,704.16,In-Store,0.0,
2022-11-25,RCPT00003396,ST05,SKU04710,CUST02140,1,1632.84,1632.84,In-Store,0.0,
2022-11-25,RCPT00003396,ST05,SKU02201,CUST02140,1,1064.05,1064.05,In-Store,0.0,
2025-07-13,RCPT00003397,ST07,SKU00308,CUST07227,1,341.35,341.35,In-Store,0.0,
2025-07-13,RCPT00003397,ST07,SKU03088,CUST07227,2,223.55,447.1,In-Store,0.0,
2025-07-13,RCPT00003397,ST07,SKU01298,CUST07227,1,187.71,187.71,In-Store,0.0,
2023-11-05,RCPT00003398,ST08,SKU04754,CUST03186,3,2886.78,8660.34,In-Store,0.0,
2023-11-05,RCPT00003398,ST08,SKU04175,CUST03186,3,202.45,607.35,In-Store,0.0,
2025-11-26,RCPT00003399,ST23,SKU02853,CUST09330,2,149.61,299.22,In-Store,0.0,
2025-11-26,RCPT00003399,ST23,SKU03394,CUST09330,1,1013.75,1013.75,In-Store,0.0,
2024-01-16,RCPT00003400,ST07,SKU00050,CUST09233,1,34.08,34.08,In-Store,0.0,
2023-11-04,RCPT00003401,ST03,SKU04234,CUST04488,1,823.14,823.14,In-Store,0.0,
2023-11-18,RCPT00003402,ST09,SKU03726,CUST02544,1,411.19,411.19,Online,0.0,
2023-11-22,RCPT00003403,ST07,SKU04574,CUST01796,1,71.96,71.96,Mobile App,0.0,
2023-11-22,RCPT00003403,ST07,SKU03532,CUST01796,1,94.55,94.55,Mobile App,0.0,
2024-03-22,RCPT00003404,ST18,SKU04050,CUST09393,2,118.91,133.65,Mobile App,43.8,PROMO075
2022-04-08,RCPT00003405,ST22,SKU04596,CUST05750,3,335.55,1006.65,In-Store,0.0,
2022-04-08,RCPT00003405,ST22,SKU00891,CUST05750,5,900.14,4500.7,In-Store,0.0,
2022-08-08,RCPT00003406,ST02,SKU00484,CUST03589,1,179.04,179.04,In-Store,0.0,
2022-08-08,RCPT00003406,ST02,SKU01993,CUST03589,1,142.17,142.17,In-Store,0.0,
2023-08-15,RCPT00003407,ST07,SKU03172,CUST02728,2,96.27,192.54,Online,0.0,
2022-09-14,RCPT00003408,ST30,SKU03781,CUST03449,4,1471.19,5884.76,Mobile App,0.0,
2023-09-25,RCPT00003409,ST26,SKU01237,CUST08161,1,974.68,974.68,In-Store,0.0,
2024-06-19,RCPT00003410,ST08,SKU04570,CUST00856,1,122.7,105.4,Online,14.1,PROMO023
2024-07-12,RCPT00003411,ST29,SKU01668,CUST07842,1,212.25,164.28,Mobile App,22.6,PROMO045
2024-07-12,RCPT00003411,ST29,SKU04028,CUST07842,1,2080.9,1610.62,Mobile App,22.6,PROMO045
2025-05-27,RCPT00003412,ST11,SKU04437,CUST06290,2,24.41,48.82,Mobile App,0.0,
2025-05-27,RCPT00003412,ST11,SKU02736,CUST06290,4,153.51,614.04,Mobile App,0.0,
2025-05-27,RCPT00003412,ST11,SKU01518,CUST06290,1,2930.01,2930.01,Mobile App,0.0,
2024-08-10,RCPT00003413,ST09,SKU02968,CUST07062,1,1011.61,1011.61,In-Store,0.0,
2023-09-25,RCPT00003414,ST23,SKU00096,CUST03227,5,210.25,1051.25,Online,0.0,
2023-09-25,RCPT00003414,ST23,SKU04570,CUST03227,1,122.7,122.7,Online,0.0,
2023-09-25,RCPT00003414,ST23,SKU01079,CUST03227,2,125.88,251.76,Online,0.0,
2025-07-11,RCPT00003415,ST17,SKU02557,CUST06764,3,2280.46,6841.38,Online,0.0,
2022-11-23,RCPT00003416,ST04,SKU01704,CUST09704,2,119.92,130.71,Online,45.5,PROMO031
2022-11-23,RCPT00003416,ST04,SKU00376,CUST09704,1,207.45,207.45,Online,0.0,
2022-11-23,RCPT00003416,ST04,SKU02623,CUST09704,1,63.44,63.44,Online,0.0,
2025-02-12,RCPT00003417,ST30,SKU02640,CUST00687,1,1563.22,870.71,In-Store,44.3,PROMO041
2025-02-12,RCPT00003417,ST30,SKU04596,CUST00687,2,335.55,373.8,In-Store,44.3,PROMO041
2022-12-02,RCPT00003418,ST06,SKU01295,CUST09926,1,148.61,148.61,In-Store,0.0,
2022-12-02,RCPT00003418,ST06,SKU01578,CUST09926,1,540.35,540.35,In-Store,0.0,
2025-08-23,RCPT00003419,ST18,SKU04317,CUST00154,2,1598.65,3197.3,In-Store,0.0,
2025-11-05,RCPT00003420,ST11,SKU01371,CUST04129,1,1277.61,1277.61,Mobile App,0.0,
2025-11-05,RCPT00003420,ST11,SKU03800,CUST04129,1,114.46,114.46,Mobile App,0.0,
2024-04-26,RCPT00003421,ST08,SKU04321,CUST03849,3,961.3,2883.9,In-Store,0.0,
2022-02-16,RCPT00003422,ST09,SKU00198,CUST03077,4,340.46,1361.84,Mobile App,0.0,
2023-02-13,RCPT00003423,ST09,SKU00285,CUST00883,1,505.67,505.67,In-Store,0.0,
2023-02-13,RCPT00003423,ST09,SKU02858,CUST00883,3,90.7,272.1,In-Store,0.0,
2023-02-13,RCPT00003423,ST09,SKU01804,CUST00883,2,220.92,441.84,In-Store,0.0,
2024-07-18,RCPT00003424,ST06,SKU01009,CUST03166,1,223.42,172.93,Mobile App,22.6,PROMO045
2024-07-18,RCPT00003424,ST06,SKU00283,CUST03166,1,560.13,433.54,Mobile App,22.6,PROMO045
2024-07-18,RCPT00003424,ST06,SKU03397,CUST03166,1,393.07,304.24,Mobile App,22.6,PROMO045
2022-03-09,RCPT00003425,ST18,SKU02387,CUST00738,4,187.76,751.04,Online,0.0,
2022-03-09,RCPT00003425,ST18,SKU03292,CUST00738,4,164.03,387.11,Online,41.0,PROMO076
2022-03-09,RCPT00003425,ST18,SKU02238,CUST00738,2,164.94,329.88,Online,0.0,
2022-04-30,RCPT00003426,ST29,SKU03522,CUST06013,2,112.92,225.84,In-Store,0.0,
2024-01-04,RCPT00003427,ST29,SKU03546,CUST07231,2,496.17,992.34,Online,0.0,
2024-07-22,RCPT00003428,ST25,SKU02495,CUST05568,1,335.1,335.1,Mobile App,0.0,
2024-07-22,RCPT00003428,ST25,SKU04753,CUST05568,1,641.27,641.27,Mobile App,0.0,
2024-07-22,RCPT00003428,ST25,SKU04794,CUST05568,1,2218.35,2218.35,Mobile App,0.0,
2024-07-22,RCPT00003428,ST25,SKU02774,CUST05568,1,735.28,735.28,Mobile App,0.0,
2024-06-10,RCPT00003429,ST07,SKU03918,CUST00885,2,192.73,385.46,In-Store,0.0,
2024-06-10,RCPT00003429,ST07,SKU01500,CUST00885,1,1061.91,1061.91,In-Store,0.0,
2024-06-10,RCPT00003429,ST07,SKU01980,CUST00885,3,183.36,550.08,In-Store,0.0,
2022-07-19,RCPT00003430,ST04,SKU01057,CUST05408,2,251.59,503.18,Mobile App,0.0,
2022-07-19,RCPT00003430,ST04,SKU01920,CUST05408,2,314.41,628.82,Mobile App,0.0,
2022-10-22,RCPT00003431,ST01,SKU00542,CUST03367,3,1367.3,4101.9,Online,0.0,
2022-10-22,RCPT00003431,ST01,SKU04321,CUST03367,3,961.3,2883.9,Online,0.0,
2024-05-06,RCPT00003432,ST22,SKU03970,CUST00585,3,526.03,1578.09,Mobile App,0.0,
2024-05-06,RCPT00003432,ST22,SKU02580,CUST00585,2,389.15,778.3,Mobile App,0.0,
2024-01-05,RCPT00003433,ST08,SKU01115,CUST02076,3,124.25,372.75,Mobile App,0.0,
2024-01-05,RCPT00003433,ST08,SKU01661,CUST02076,3,63.89,191.67,Mobile App,0.0,
2024-01-05,RCPT00003433,ST08,SKU00254,CUST02076,1,105.55,105.55,Mobile App,0.0,
2024-09-17,RCPT00003434,ST11,SKU01948,CUST01279,1,1592.06,1592.06,Online,0.0,
2022-02-28,RCPT00003435,ST01,SKU01387,CUST04385,1,236.41,236.41,In-Store,0.0,
2022-02-28,RCPT00003435,ST01,SKU00193,CUST04385,1,308.55,308.55,In-Store,0.0,
2022-02-28,RCPT00003435,ST01,SKU04858,CUST04385,4,1174.96,4699.84,In-Store,0.0,
2025-06-10,RCPT00003436,ST06,SKU04321,CUST09412,1,961.3,961.3,In-Store,0.0,
2025-06-10,RCPT00003436,ST06,SKU04596,CUST09412,1,335.55,335.55,In-Store,0.0,
2025-06-10,RCPT00003436,ST06,SKU03522,CUST09412,1,112.92,112.92,In-Store,0.0,
2025-06-10,RCPT00003436,ST06,SKU02887,CUST09412,1,2074.48,2074.48,In-Store,0.0,
2023-10-31,RCPT00003437,ST26,SKU02368,CUST08700,5,849.39,4246.95,Online,0.0,
2023-10-31,RCPT00003437,ST26,SKU01357,CUST08700,1,1062.03,591.55,Online,44.3,PROMO048
2023-10-31,RCPT00003437,ST26,SKU00531,CUST08700,3,2949.96,8849.88,Online,0.0,
2023-08-27,RCPT00003438,ST20,SKU04318,CUST09810,2,205.5,311.95,Mobile App,24.1,PROMO093
2022-08-10,RCPT00003439,ST25,SKU04913,CUST02455,1,466.91,466.91,Mobile App,0.0,
2022-08-10,RCPT00003439,ST25,SKU04837,CUST02455,1,246.51,246.51,Mobile App,0.0,
2025-01-19,RCPT00003440,ST16,SKU02268,CUST01197,3,205.47,350.12,Online,43.2,PROMO098
2024-05-25,RCPT00003441,ST29,SKU03727,CUST05095,1,1660.93,1660.93,In-Store,0.0,
2024-05-25,RCPT00003441,ST29,SKU03217,CUST05095,2,683.2,1366.4,In-Store,0.0,
2023-11-21,RCPT00003442,ST19,SKU01469,CUST02553,2,69.23,138.46,In-Store,0.0,
2023-11-21,RCPT00003442,ST19,SKU04755,CUST02553,4,176.07,704.28,In-Store,0.0,
2023-06-10,RCPT00003443,ST16,SKU00891,CUST01468,1,900.14,540.98,Online,39.9,PROMO040
2023-06-10,RCPT00003443,ST16,SKU00398,CUST01468,1,522.36,313.94,Online,39.9,PROMO040
2023-06-10,RCPT00003443,ST16,SKU01864,CUST01468,1,228.71,137.45,Online,39.9,PROMO040
2023-01-23,RCPT00003444,ST24,SKU04012,CUST09585,1,631.0,631.0,In-Store,0.0,
2023-01-23,RCPT00003444,ST24,SKU00942,CUST09585,3,172.9,518.7,In-Store,0.0,
2023-01-23,RCPT00003444,ST24,SKU02526,CUST09585,2,698.11,1396.22,In-Store,0.0,
2023-01-23,RCPT00003444,ST24,SKU03010,CUST09585,5,768.67,3843.35,In-Store,0.0,
2024-02-11,RCPT00003445,ST26,SKU04056,CUST09197,5,1184.05,5920.25,Mobile App,0.0,
2025-07-10,RCPT00003446,ST14,SKU02827,CUST09803,1,129.22,129.22,In-Store,0.0,
2025-07-10,RCPT00003446,ST14,SKU02079,CUST09803,1,153.65,153.65,In-Store,0.0,
2025-05-05,RCPT00003447,ST19,SKU00388,CUST04189,2,63.62,127.24,In-Store,0.0,
2025-05-05,RCPT00003447,ST19,SKU00263,CUST04189,1,443.51,443.51,In-Store,0.0,
2024-06-19,RCPT00003448,ST20,SKU00606,CUST03596,1,566.73,486.82,Online,14.1,PROMO023
2024-06-19,RCPT00003448,ST20,SKU02531,CUST03596,4,143.49,493.03,Online,14.1,PROMO023
2024-06-19,RCPT00003448,ST20,SKU01387,CUST03596,1,236.41,203.08,Online,14.1,PROMO023
2024-06-19,RCPT00003448,ST20,SKU04571,CUST03596,1,868.52,625.33,Online,28.0,PROMO081
2024-05-05,RCPT00003449,ST16,SKU01030,CUST09624,1,224.5,224.5,Online,0.0,
2025-08-22,RCPT00003450,ST20,SKU03063,CUST06004,1,363.59,363.59,Mobile App,0.0,
2022-07-01,RCPT00003451,ST24,SKU03077,CUST02667,1,377.75,377.75,In-Store,0.0,
2024-10-18,RCPT00003452,ST06,SKU04488,CUST01900,5,267.57,1337.85,In-Store,0.0,
2022-11-14,RCPT00003453,ST06,SKU04143,CUST03799,2,413.46,826.92,In-Store,0.0,
2022-11-14,RCPT00003453,ST06,SKU01059,CUST03799,3,176.99,530.97,In-Store,0.0,
2022-11-14,RCPT00003453,ST06,SKU03627,CUST03799,3,1083.01,3249.03,In-Store,0.0,
2022-12-04,RCPT00003454,ST29,SKU04321,CUST00704,1,961.3,961.3,Online,0.0,
2022-12-04,RCPT00003454,ST29,SKU04321,CUST00704,2,961.3,1922.6,Online,0.0,
2022-12-04,RCPT00003454,ST29,SKU02887,CUST00704,2,2074.48,4148.96,Online,0.0,
2022-12-04,RCPT00003454,ST29,SKU02145,CUST00704,3,716.15,2148.45,Online,0.0,
2025-09-16,RCPT00003455,ST30,SKU02710,CUST09641,1,460.43,460.43,In-Store,0.0,
2024-01-25,RCPT00003456,ST06,SKU03519,CUST06208,1,140.28,72.67,Mobile App,48.2,PROMO069
2024-01-25,RCPT00003456,ST06,SKU04390,CUST06208,2,1832.3,1898.26,Mobile App,48.2,PROMO069
2023-04-05,RCPT00003457,ST27,SKU04662,CUST06134,1,186.44,186.44,In-Store,0.0,
2023-04-05,RCPT00003457,ST27,SKU02892,CUST06134,1,77.05,77.05,In-Store,0.0,
2024-08-15,RCPT00003458,ST04,SKU00448,CUST07091,2,1318.48,2636.96,In-Store,0.0,
2024-03-07,RCPT00003459,ST16,SKU03616,CUST05706,1,372.86,209.55,In-Store,43.8,PROMO075
2024-03-07,RCPT00003459,ST16,SKU04153,CUST05706,2,136.77,153.73,In-Store,43.8,PROMO075
2024-12-31,RCPT00003460,ST05,SKU04321,CUST08774,2,961.3,1922.6,In-Store,0.0,
2023-05-08,RCPT00003461,ST08,SKU02369,CUST08025,2,162.77,325.54,In-Store,0.0,
2023-05-08,RCPT00003461,ST08,SKU02050,CUST08025,3,90.73,272.19,In-Store,0.0,
2023-05-08,RCPT00003461,ST08,SKU01009,CUST08025,1,223.42,223.42,In-Store,0.0,
2023-05-08,RCPT00003461,ST08,SKU04596,CUST08025,2,335.55,671.1,In-Store,0.0,
2023-05-08,RCPT00003461,ST08,SKU03444,CUST08025,2,386.65,773.3,In-Store,0.0,
2022-11-25,RCPT00003462,ST12,SKU02004,CUST09007,1,925.67,925.67,Online,0.0,
2022-11-25,RCPT00003462,ST12,SKU04321,CUST09007,2,961.3,1922.6,Online,0.0,
2022-11-25,RCPT00003462,ST12,SKU00096,CUST09007,2,210.25,420.5,Online,0.0,
2022-11-25,RCPT00003462,ST12,SKU03681,CUST09007,1,581.19,581.19,Online,0.0,
2022-11-25,RCPT00003462,ST12,SKU01117,CUST09007,4,157.6,630.4,Online,0.0,
2024-09-16,RCPT00003463,ST14,SKU02260,CUST00672,1,255.43,255.43,In-Store,0.0,
2024-09-16,RCPT00003463,ST14,SKU01170,CUST00672,1,365.5,365.5,In-Store,0.0,
2024-05-13,RCPT00003464,ST22,SKU01087,CUST03837,3,231.99,467.69,In-Store,32.8,PROMO036
2024-10-05,RCPT00003465,ST27,SKU02980,CUST02805,1,1789.14,1306.07,Mobile App,27.0,PROMO094
2024-10-05,RCPT00003465,ST27,SKU03119,CUST02805,2,37.56,54.84,Mobile App,27.0,PROMO094
2024-10-05,RCPT00003465,ST27,SKU02704,CUST02805,1,165.3,120.67,Mobile App,27.0,PROMO094
2022-04-05,RCPT00003466,ST30,SKU03775,CUST01101,2,787.79,1575.58,In-Store,0.0,
2023-02-17,RCPT00003467,ST08,SKU00275,CUST06032,1,188.3,188.3,Online,0.0,
2022-05-10,RCPT00003468,ST05,SKU03489,CUST08927,1,62.41,62.41,In-Store,0.0,
2023-07-18,RCPT00003469,ST08,SKU04321,CUST04605,1,961.3,722.9,Online,24.8,PROMO061
2023-11-02,RCPT00003470,ST09,SKU00934,CUST01214,1,1037.02,1037.02,In-Store,0.0,
2023-11-02,RCPT00003470,ST09,SKU04432,CUST01214,1,340.8,340.8,In-Store,0.0,
2025-02-08,RCPT00003471,ST22,SKU00005,CUST09101,1,138.5,77.14,In-Store,44.3,PROMO041
2025-02-08,RCPT00003471,ST22,SKU00994,CUST09101,4,602.13,1341.55,In-Store,44.3,PROMO041
2022-11-18,RCPT00003472,ST02,SKU03552,CUST01634,2,93.62,187.24,In-Store,0.0,
2023-07-16,RCPT00003473,ST07,SKU04537,CUST02806,2,100.09,200.18,Online,0.0,
2023-11-14,RCPT00003474,ST06,SKU00047,CUST09195,1,289.44,289.44,In-Store,0.0,
2023-01-11,RCPT00003475,ST07,SKU03727,CUST03462,1,1660.93,1660.93,In-Store,0.0,
2023-01-11,RCPT00003475,ST07,SKU01592,CUST03462,3,1748.08,5244.24,In-Store,0.0,
2023-12-09,RCPT00003476,ST17,SKU02087,CUST06625,5,62.98,314.9,Online,0.0,
2023-12-09,RCPT00003476,ST17,SKU00484,CUST06625,1,179.04,179.04,Online,0.0,
2023-08-27,RCPT00003477,ST09,SKU04321,CUST06658,2,961.3,1678.43,In-Store,12.7,PROMO010
2023-08-27,RCPT00003477,ST09,SKU03651,CUST06658,3,193.72,441.1,In-Store,24.1,PROMO093
2022-03-05,RCPT00003478,ST24,SKU03922,CUST08204,1,2095.66,2095.66,In-Store,0.0,
2025-09-05,RCPT00003479,ST09,SKU03473,CUST07989,2,195.88,391.76,In-Store,0.0,
2025-09-05,RCPT00003479,ST09,SKU02799,CUST07989,1,524.92,524.92,In-Store,0.0,
2025-09-05,RCPT00003479,ST09,SKU04275,CUST07989,1,240.04,240.04,In-Store,0.0,
2025-02-18,RCPT00003480,ST04,SKU03701,CUST04966,1,2591.76,1443.61,In-Store,44.3,PROMO041
2025-02-18,RCPT00003480,ST04,SKU03898,CUST04966,1,196.68,109.55,In-Store,44.3,PROMO041
2025-12-06,RCPT00003481,ST24,SKU02231,CUST04529,1,50.54,50.54,Online,0.0,
2024-12-01,RCPT00003482,ST21,SKU00131,CUST07645,2,119.24,238.48,In-Store,0.0,
2024-12-01,RCPT00003482,ST21,SKU00605,CUST07645,1,420.44,420.44,In-Store,0.0,
2024-10-28,RCPT00003483,ST09,SKU04365,CUST00038,2,1774.69,3549.38,In-Store,0.0,
2023-12-26,RCPT00003484,ST01,SKU03795,CUST02618,1,162.83,114.14,Online,29.9,PROMO043
2023-12-26,RCPT00003484,ST01,SKU00369,CUST02618,2,368.93,517.24,Online,29.9,PROMO043
2023-12-26,RCPT00003484,ST01,SKU00190,CUST02618,1,145.42,101.94,Online,29.9,PROMO043
2025-12-13,RCPT00003485,ST15,SKU03443,CUST02873,1,100.22,100.22,In-Store,0.0,
2025-12-13,RCPT00003485,ST15,SKU00605,CUST02873,4,420.44,1681.76,In-Store,0.0,
2025-12-13,RCPT00003485,ST15,SKU01564,CUST02873,2,886.79,1773.58,In-Store,0.0,
2025-12-13,RCPT00003485,ST15,SKU03639,CUST02873,1,137.55,137.55,In-Store,0.0,
2025-12-13,RCPT00003485,ST15,SKU03910,CUST02873,2,664.29,1328.58,In-Store,0.0,
2025-12-20,RCPT00003486,ST21,SKU04321,CUST01910,1,961.3,961.3,In-Store,0.0,
2025-12-20,RCPT00003486,ST21,SKU03907,CUST01910,1,876.73,876.73,In-Store,0.0,
2022-07-19,RCPT00003487,ST22,SKU01941,CUST01156,3,546.17,1638.51,Online,0.0,
2022-08-07,RCPT00003488,ST12,SKU01438,CUST06816,1,298.01,298.01,In-Store,0.0,
2022-08-07,RCPT00003488,ST12,SKU04325,CUST06816,3,2888.57,8665.71,In-Store,0.0,
2025-06-13,RCPT00003489,ST12,SKU03230,CUST06222,1,622.02,622.02,Online,0.0,
2025-06-13,RCPT00003489,ST12,SKU04321,CUST06222,2,961.3,1922.6,Online,0.0,
2023-10-08,RCPT00003490,ST04,SKU02954,CUST08859,2,603.3,1206.6,In-Store,0.0,
2025-12-18,RCPT00003491,ST21,SKU04321,CUST02710,1,961.3,961.3,Online,0.0,
2025-12-18,RCPT00003491,ST21,SKU04154,CUST02710,3,351.77,1055.31,Online,0.0,
2022-09-28,RCPT00003492,ST27,SKU00285,CUST06701,5,505.67,2528.35,Online,0.0,
2022-09-28,RCPT00003492,ST27,SKU02764,CUST06701,1,177.05,177.05,Online,0.0,
2022-10-09,RCPT00003493,ST05,SKU04826,CUST02804,1,1610.45,1610.45,In-Store,0.0,
2022-10-09,RCPT00003493,ST05,SKU01037,CUST02804,1,178.07,178.07,In-Store,0.0,
2022-10-09,RCPT00003493,ST05,SKU02857,CUST02804,2,527.76,1055.52,In-Store,0.0,
2022-10-09,RCPT00003493,ST05,SKU00908,CUST02804,2,2108.67,4217.34,In-Store,0.0,
2024-07-30,RCPT00003494,ST21,SKU00994,CUST06746,1,602.13,511.21,In-Store,15.1,PROMO001
2024-07-30,RCPT00003494,ST21,SKU03240,CUST06746,1,1042.33,1042.33,In-Store,0.0,
2024-07-30,RCPT00003494,ST21,SKU00122,CUST06746,2,159.98,187.18,In-Store,41.5,PROMO017
2025-07-20,RCPT00003495,ST19,SKU00540,CUST00997,2,3406.69,6813.38,In-Store,0.0,
2022-10-21,RCPT00003496,ST20,SKU00994,CUST06687,1,602.13,602.13,Online,0.0,
2024-04-19,RCPT00003497,ST20,SKU04154,CUST08457,2,351.77,703.54,Mobile App,0.0,
2024-04-19,RCPT00003497,ST20,SKU02007,CUST08457,1,237.34,237.34,Mobile App,0.0,
2024-04-19,RCPT00003497,ST20,SKU03088,CUST08457,1,223.55,223.55,Mobile App,0.0,
2022-05-22,RCPT00003498,ST09,SKU00206,CUST05927,1,217.76,217.76,Mobile App,0.0,
2022-05-22,RCPT00003498,ST09,SKU03727,CUST05927,1,1660.93,1660.93,Mobile App,0.0,
2024-06-25,RCPT00003499,ST21,SKU03727,CUST01124,1,1660.93,1285.56,Online,22.6,PROMO045
2024-06-25,RCPT00003499,ST21,SKU00959,CUST01124,1,33.01,25.55,Online,22.6,PROMO045
2022-11-12,RCPT00003500,ST07,SKU00190,CUST03180,1,145.42,145.42,Mobile App,0.0,
2022-11-12,RCPT00003500,ST07,SKU02519,CUST03180,1,421.03,421.03,Mobile App,0.0,
2022-07-13,RCPT00003501,ST01,SKU04596,CUST08781,1,335.55,335.55,In-Store,0.0,
2022-07-13,RCPT00003501,ST01,SKU04596,CUST08781,1,335.55,335.55,In-Store,0.0,
2023-03-25,RCPT00003502,ST15,SKU04479,CUST07213,1,1328.83,915.56,In-Store,31.1,PROMO079
2023-03-25,RCPT00003502,ST15,SKU04321,CUST07213,1,961.3,961.3,In-Store,0.0,
2023-10-02,RCPT00003503,ST03,SKU04903,CUST05372,1,237.98,237.98,Online,0.0,
2023-06-01,RCPT00003504,ST18,SKU01170,CUST00422,3,365.5,659.0,Mobile App,39.9,PROMO040
2023-06-01,RCPT00003504,ST18,SKU02729,CUST00422,2,883.5,1061.97,Mobile App,39.9,PROMO040
2022-08-06,RCPT00003505,ST06,SKU02909,CUST00649,1,592.56,592.56,Online,0.0,
2022-08-06,RCPT00003505,ST06,SKU02747,CUST00649,2,561.26,1122.52,Online,0.0,
2022-08-06,RCPT00003505,ST06,SKU01670,CUST00649,1,280.78,280.78,Online,0.0,
2022-08-06,RCPT00003505,ST06,SKU04704,CUST00649,1,56.92,56.92,Online,0.0,
2022-08-06,RCPT00003505,ST06,SKU02090,CUST00649,1,588.59,588.59,Online,0.0,
2025-12-11,RCPT00003506,ST25,SKU04133,CUST05129,3,181.25,543.75,Online,0.0,
2025-12-05,RCPT00003507,ST05,SKU00920,CUST08700,1,114.73,114.73,Online,0.0,
2025-12-05,RCPT00003507,ST05,SKU04201,CUST08700,1,704.93,704.93,Online,0.0,
2025-04-13,RCPT00003508,ST24,SKU02141,CUST00143,2,471.88,943.76,Online,0.0,
2025-04-13,RCPT00003508,ST24,SKU00190,CUST00143,1,145.42,145.42,Online,0.0,
2025-11-08,RCPT00003509,ST06,SKU02368,CUST09772,1,849.39,849.39,In-Store,0.0,
2024-11-25,RCPT00003510,ST06,SKU03922,CUST09131,1,2095.66,2095.66,Online,0.0,
2022-03-27,RCPT00003511,ST01,SKU04819,CUST08030,1,222.61,131.34,Mobile App,41.0,PROMO076
2022-01-25,RCPT00003512,ST14,SKU00562,CUST04440,1,483.35,483.35,In-Store,0.0,
2022-01-25,RCPT00003512,ST14,SKU02776,CUST04440,1,234.93,234.93,In-Store,0.0,
2022-01-25,RCPT00003512,ST14,SKU00243,CUST04440,2,483.9,967.8,In-Store,0.0,
2023-03-29,RCPT00003513,ST21,SKU02144,CUST05184,4,2699.17,10796.68,Mobile App,0.0,
2023-03-29,RCPT00003513,ST21,SKU01775,CUST05184,1,204.15,204.15,Mobile App,0.0,
2024-06-06,RCPT00003514,ST22,SKU04321,CUST04601,2,961.3,1922.6,Mobile App,0.0,
2024-06-06,RCPT00003514,ST22,SKU04596,CUST04601,1,335.55,335.55,Mobile App,0.0,
2025-03-13,RCPT00003515,ST22,SKU01420,CUST08391,1,213.65,213.65,In-Store,0.0,
2023-04-04,RCPT00003516,ST29,SKU02330,CUST03003,1,221.38,221.38,Online,0.0,
2023-04-04,RCPT00003516,ST29,SKU02335,CUST03003,1,393.56,393.56,Online,0.0,
2024-06-29,RCPT00003517,ST05,SKU01241,CUST03668,1,192.42,148.93,Online,22.6,PROMO045
2025-09-10,RCPT00003518,ST20,SKU04777,CUST01947,1,135.53,135.53,Online,0.0,
2025-09-10,RCPT00003518,ST20,SKU00316,CUST01947,2,126.16,252.32,Online,0.0,
2025-09-10,RCPT00003518,ST20,SKU04321,CUST01947,3,961.3,2883.9,Online,0.0,
2025-06-26,RCPT00003519,ST17,SKU01304,CUST08568,1,76.18,76.18,In-Store,0.0,
2025-06-26,RCPT00003519,ST17,SKU04452,CUST08568,1,240.8,240.8,In-Store,0.0,
2025-06-26,RCPT00003519,ST17,SKU00394,CUST08568,1,102.95,102.95,In-Store,0.0,
2022-09-29,RCPT00003520,ST16,SKU01170,CUST08274,1,365.5,365.5,In-Store,0.0,
2022-09-29,RCPT00003520,ST16,SKU02955,CUST08274,3,641.96,1925.88,In-Store,0.0,
2022-09-29,RCPT00003520,ST16,SKU02849,CUST08274,2,73.3,146.6,In-Store,0.0,
2022-09-29,RCPT00003520,ST16,SKU04321,CUST08274,1,961.3,961.3,In-Store,0.0,
2023-12-12,RCPT00003521,ST16,SKU04321,CUST02986,1,961.3,961.3,In-Store,0.0,
2025-03-13,RCPT00003522,ST02,SKU02412,CUST04544,2,722.57,1445.14,Online,0.0,
2025-03-13,RCPT00003522,ST02,SKU01129,CUST04544,1,329.67,329.67,Online,0.0,
2025-07-02,RCPT00003523,ST22,SKU03297,CUST03172,3,185.56,556.68,In-Store,0.0,
2022-11-30,RCPT00003524,ST30,SKU03061,CUST03150,1,234.65,234.65,In-Store,0.0,
2022-11-30,RCPT00003524,ST30,SKU03891,CUST03150,1,159.69,159.69,In-Store,0.0,
2023-04-19,RCPT00003525,ST08,SKU02845,CUST05609,3,3553.49,10660.47,Mobile App,0.0,
2024-10-11,RCPT00003526,ST12,SKU04321,CUST00334,1,961.3,961.3,In-Store,0.0,
2024-10-11,RCPT00003526,ST12,SKU02565,CUST00334,2,258.39,516.78,In-Store,0.0,
2022-09-26,RCPT00003527,ST29,SKU03849,CUST06580,3,613.72,1841.16,Online,0.0,
2022-09-26,RCPT00003527,ST29,SKU04932,CUST06580,2,311.93,623.86,Online,0.0,
2024-08-02,RCPT00003528,ST01,SKU00809,CUST03490,4,54.18,216.72,In-Store,0.0,
2024-08-02,RCPT00003528,ST01,SKU02529,CUST03490,1,577.42,577.42,In-Store,0.0,
2024-08-02,RCPT00003528,ST01,SKU00373,CUST03490,2,84.32,168.64,In-Store,0.0,
2024-08-02,RCPT00003528,ST01,SKU01516,CUST03490,1,309.06,309.06,In-Store,0.0,
2024-12-20,RCPT00003529,ST18,SKU04063,CUST03042,3,471.49,1414.47,Online,0.0,
2024-12-20,RCPT00003529,ST18,SKU02110,CUST03042,1,248.08,248.08,Online,0.0,
2024-12-20,RCPT00003529,ST18,SKU04518,CUST03042,1,137.78,137.78,Online,0.0,
2025-12-31,RCPT00003530,ST07,SKU02165,CUST02987,1,151.01,151.01,Online,0.0,
2024-11-25,RCPT00003531,ST22,SKU02110,CUST09842,2,248.08,496.16,In-Store,0.0,
2024-11-25,RCPT00003531,ST22,SKU02881,CUST09842,1,1773.86,1773.86,In-Store,0.0,
2023-09-14,RCPT00003532,ST09,SKU03122,CUST08170,1,263.85,230.34,In-Store,12.7,PROMO010
2023-09-14,RCPT00003532,ST09,SKU03815,CUST08170,3,160.57,420.53,In-Store,12.7,PROMO010
2025-12-09,RCPT00003533,ST03,SKU02950,CUST02283,1,251.09,251.09,In-Store,0.0,
2025-12-09,RCPT00003533,ST03,SKU03199,CUST02283,1,78.08,78.08,In-Store,0.0,
2025-12-09,RCPT00003534,ST22,SKU00942,CUST07032,1,172.9,172.9,In-Store,0.0,
2025-12-09,RCPT00003534,ST22,SKU04906,CUST07032,1,2009.44,2009.44,In-Store,0.0,
2025-12-09,RCPT00003534,ST22,SKU02239,CUST07032,3,239.19,717.57,In-Store,0.0,
2022-10-03,RCPT00003535,ST21,SKU01804,CUST05668,1,220.92,220.92,Online,0.0,
2022-10-03,RCPT00003535,ST21,SKU02452,CUST05668,2,30.61,61.22,Online,0.0,
2022-04-19,RCPT00003536,ST05,SKU02345,CUST00795,2,335.5,671.0,Mobile App,0.0,
2025-04-15,RCPT00003537,ST20,SKU04264,CUST01904,5,2568.45,12842.25,In-Store,0.0,
2025-04-02,RCPT00003538,ST22,SKU00126,CUST08642,2,253.44,506.88,In-Store,0.0,
2025-04-02,RCPT00003538,ST22,SKU00599,CUST08642,1,46.97,46.97,In-Store,0.0,
2023-02-26,RCPT00003539,ST11,SKU02640,CUST07883,3,1563.22,4689.66,In-Store,0.0,
2024-11-16,RCPT00003540,ST01,SKU02660,CUST06752,1,81.91,73.8,Online,9.9,PROMO009
2024-02-10,RCPT00003541,ST20,SKU04965,CUST05257,1,83.76,83.76,In-Store,0.0,
2024-02-10,RCPT00003541,ST20,SKU04381,CUST05257,2,192.07,384.14,In-Store,0.0,
2025-11-29,RCPT00003542,ST16,SKU02110,CUST01093,1,248.08,248.08,Online,0.0,
2025-11-29,RCPT00003542,ST16,SKU01725,CUST01093,3,237.47,712.41,Online,0.0,
2025-11-29,RCPT00003542,ST16,SKU02692,CUST01093,2,2095.03,4190.06,Online,0.0,
2024-08-28,RCPT00003543,ST29,SKU02163,CUST09908,1,791.7,791.7,In-Store,0.0,
2024-06-21,RCPT00003544,ST11,SKU00942,CUST03586,1,172.9,133.82,Online,22.6,PROMO045
2025-08-04,RCPT00003545,ST15,SKU03429,CUST01913,2,1112.21,2224.42,In-Store,0.0,
2025-08-04,RCPT00003545,ST15,SKU01162,CUST01913,2,154.8,160.06,In-Store,48.3,PROMO032
2025-08-04,RCPT00003545,ST15,SKU03244,CUST01913,2,116.8,117.73,In-Store,49.6,PROMO088
2025-08-04,RCPT00003545,ST15,SKU01993,CUST01913,1,142.17,142.17,In-Store,0.0,
2025-08-04,RCPT00003545,ST15,SKU00672,CUST01913,5,756.53,3782.65,In-Store,0.0,
2024-06-25,RCPT00003546,ST09,SKU03547,CUST06723,3,99.34,230.67,In-Store,22.6,PROMO045
2024-06-25,RCPT00003546,ST09,SKU02498,CUST06723,1,2379.11,1841.43,In-Store,22.6,PROMO045
2024-06-25,RCPT00003546,ST09,SKU01414,CUST06723,3,193.44,449.17,In-Store,22.6,PROMO045
2022-03-16,RCPT00003547,ST18,SKU04746,CUST01490,3,364.33,1092.99,In-Store,0.0,
2022-03-16,RCPT00003547,ST18,SKU03049,CUST01490,1,267.4,267.4,In-Store,0.0,
2025-01-14,RCPT00003548,ST07,SKU02526,CUST03760,2,698.11,1396.22,Online,0.0,
2025-01-14,RCPT00003548,ST07,SKU00581,CUST03760,2,1265.07,2530.14,Online,0.0,
2025-01-14,RCPT00003548,ST07,SKU02906,CUST03760,1,159.53,159.53,Online,0.0,
2023-01-11,RCPT00003549,ST28,SKU02858,CUST00751,3,90.7,272.1,In-Store,0.0,
2025-12-15,RCPT00003550,ST08,SKU03907,CUST04072,1,876.73,876.73,In-Store,0.0,
2025-12-15,RCPT00003550,ST08,SKU03629,CUST04072,4,190.67,762.68,In-Store,0.0,
2025-12-15,RCPT00003550,ST08,SKU03597,CUST04072,1,411.9,411.9,In-Store,0.0,
2025-03-10,RCPT00003551,ST06,SKU02213,CUST04703,4,187.12,748.48,Mobile App,0.0,
2025-03-10,RCPT00003551,ST06,SKU00036,CUST04703,1,188.79,188.79,Mobile App,0.0,
2025-10-30,RCPT00003552,ST08,SKU03840,CUST00701,4,255.12,1020.48,Mobile App,0.0,
2025-10-30,RCPT00003552,ST08,SKU04001,CUST00701,2,183.48,366.96,Mobile App,0.0,
2025-10-30,RCPT00003552,ST08,SKU00849,CUST00701,4,106.11,424.44,Mobile App,0.0,
2023-05-04,RCPT00003553,ST04,SKU04321,CUST06701,1,961.3,961.3,Online,0.0,
2023-07-21,RCPT00003554,ST06,SKU02526,CUST06869,1,698.11,698.11,Online,0.0,
2024-05-31,RCPT00003555,ST07,SKU04081,CUST07727,5,115.77,578.85,Mobile App,0.0,
2024-05-31,RCPT00003555,ST07,SKU03477,CUST07727,3,1607.13,4821.39,Mobile App,0.0,
2022-11-15,RCPT00003556,ST16,SKU03274,CUST08409,1,156.95,156.95,In-Store,0.0,
2022-11-15,RCPT00003556,ST16,SKU02320,CUST08409,2,107.86,215.72,In-Store,0.0,
2023-10-17,RCPT00003557,ST30,SKU04140,CUST03605,3,331.4,994.2,In-Store,0.0,
2023-10-17,RCPT00003557,ST30,SKU01153,CUST03605,3,897.4,2692.2,In-Store,0.0,
2023-10-17,RCPT00003557,ST30,SKU01274,CUST03605,1,558.36,558.36,In-Store,0.0,
2023-10-17,RCPT00003557,ST30,SKU03687,CUST03605,2,100.41,200.82,In-Store,0.0,
2022-12-03,RCPT00003558,ST23,SKU03456,CUST05743,1,234.0,234.0,In-Store,0.0,
2022-12-03,RCPT00003558,ST23,SKU04350,CUST05743,3,394.93,1184.79,In-Store,0.0,
2022-12-03,RCPT00003558,ST23,SKU04387,CUST05743,1,177.78,177.78,In-Store,0.0,
2025-09-12,RCPT00003559,ST02,SKU04447,CUST03357,3,1190.64,3571.92,Online,0.0,
2025-09-12,RCPT00003559,ST02,SKU04977,CUST03357,1,41.59,41.59,Online,0.0,
2025-09-12,RCPT00003559,ST02,SKU01816,CUST03357,2,3324.34,6648.68,Online,0.0,
2024-03-24,RCPT00003560,ST08,SKU02340,CUST05866,1,234.67,131.88,In-Store,43.8,PROMO075
2024-03-24,RCPT00003560,ST08,SKU04599,CUST05866,1,1987.33,1116.88,In-Store,43.8,PROMO075
2023-05-02,RCPT00003561,ST08,SKU01704,CUST08147,1,119.92,119.92,Online,0.0,
2023-05-02,RCPT00003561,ST08,SKU01371,CUST08147,1,1277.61,1277.61,Online,0.0,
2023-05-02,RCPT00003561,ST08,SKU04321,CUST08147,3,961.3,2883.9,Online,0.0,
2023-10-12,RCPT00003562,ST21,SKU04921,CUST03952,3,373.55,1044.45,Online,6.8,PROMO063
2023-04-18,RCPT00003563,ST16,SKU01644,CUST04748,1,68.26,53.31,In-Store,21.9,PROMO046
2023-04-18,RCPT00003563,ST16,SKU02833,CUST04748,4,3924.53,12260.23,In-Store,21.9,PROMO046
2023-04-18,RCPT00003563,ST16,SKU02084,CUST04748,1,118.48,92.53,In-Store,21.9,PROMO046
2023-10-15,RCPT00003564,ST01,SKU03063,CUST05217,2,363.59,727.18,Online,0.0,
2023-10-15,RCPT00003564,ST01,SKU02833,CUST05217,3,3924.53,11773.59,Online,0.0,
2023-10-15,RCPT00003564,ST01,SKU00538,CUST05217,1,1101.07,1101.07,Online,0.0,
2022-05-27,RCPT00003565,ST14,SKU04321,CUST00396,4,961.3,3845.2,Online,0.0,
2022-06-24,RCPT00003566,ST11,SKU03741,CUST06311,1,497.2,468.36,In-Store,5.8,PROMO021
2023-05-26,RCPT00003567,ST09,SKU03734,CUST07499,2,441.41,882.82,Online,0.0,
2023-05-26,RCPT00003567,ST09,SKU00685,CUST07499,1,2583.23,2583.23,Online,0.0,
2024-05-12,RCPT00003568,ST22,SKU02319,CUST08924,1,111.7,75.06,Online,32.8,PROMO036
2024-05-12,RCPT00003568,ST22,SKU00031,CUST08924,2,151.46,203.56,Online,32.8,PROMO036
2024-05-12,RCPT00003568,ST22,SKU03978,CUST08924,1,192.57,129.41,Online,32.8,PROMO036
2023-12-31,RCPT00003569,ST08,SKU04325,CUST06380,1,2888.57,2024.89,In-Store,29.9,PROMO043
2023-12-31,RCPT00003569,ST08,SKU02949,CUST06380,1,157.02,110.07,In-Store,29.9,PROMO043
2023-12-31,RCPT00003569,ST08,SKU03334,CUST06380,5,42.39,148.58,In-Store,29.9,PROMO043
2023-12-31,RCPT00003569,ST08,SKU04334,CUST06380,1,287.82,201.76,In-Store,29.9,PROMO043
2023-12-31,RCPT00003569,ST08,SKU00605,CUST06380,1,420.44,294.73,In-Store,29.9,PROMO043
2025-09-19,RCPT00003570,ST04,SKU01303,CUST06655,1,413.39,413.39,Online,0.0,
2025-09-19,RCPT00003570,ST04,SKU03016,CUST06655,1,233.3,233.3,Online,0.0,
2025-03-09,RCPT00003571,ST13,SKU01446,CUST05418,3,192.93,578.79,Online,0.0,
2025-03-09,RCPT00003571,ST13,SKU02767,CUST05418,1,1557.51,1557.51,Online,0.0,
2025-03-09,RCPT00003571,ST13,SKU04547,CUST05418,2,343.88,687.76,Online,0.0,
2025-03-09,RCPT00003571,ST13,SKU03506,CUST05418,2,541.05,1082.1,Online,0.0,
2024-06-13,RCPT00003572,ST22,SKU01365,CUST00779,1,57.76,49.62,Online,14.1,PROMO023
2024-06-13,RCPT00003572,ST22,SKU02895,CUST00779,3,119.21,307.2,Online,14.1,PROMO023
2022-07-20,RCPT00003573,ST10,SKU04347,CUST08318,1,305.95,305.95,In-Store,0.0,
2025-07-16,RCPT00003574,ST04,SKU03346,CUST05677,1,612.84,612.84,Online,0.0,
2025-07-16,RCPT00003574,ST04,SKU03984,CUST05677,2,331.05,662.1,Online,0.0,
2023-03-27,RCPT00003575,ST18,SKU04321,CUST02229,2,961.3,1922.6,In-Store,0.0,
2023-03-14,RCPT00003576,ST07,SKU04677,CUST06524,1,167.85,156.1,Online,7.0,PROMO002
2023-03-14,RCPT00003576,ST07,SKU00072,CUST06524,4,327.25,1217.37,Online,7.0,PROMO002
2023-03-14,RCPT00003576,ST07,SKU03787,CUST06524,3,694.67,1938.13,Online,7.0,PROMO002
2023-03-14,RCPT00003576,ST07,SKU04579,CUST06524,1,92.85,86.35,Online,7.0,PROMO002
2023-01-19,RCPT00003577,ST22,SKU04551,CUST06209,1,2498.23,2498.23,Online,0.0,
2022-09-04,RCPT00003578,ST07,SKU01297,CUST00473,1,280.29,255.06,Online,9.0,PROMO033
2022-09-04,RCPT00003578,ST07,SKU01274,CUST00473,3,558.36,1524.32,Online,9.0,PROMO033
2025-06-20,RCPT00003579,ST01,SKU02646,CUST05518,1,561.89,561.89,In-Store,0.0,
2025-06-20,RCPT00003579,ST01,SKU00313,CUST05518,1,878.76,878.76,In-Store,0.0,
2023-12-09,RCPT00003580,ST13,SKU02275,CUST08357,5,188.12,940.6,Mobile App,0.0,
2023-12-26,RCPT00003581,ST01,SKU03906,CUST07097,3,125.53,263.99,In-Store,29.9,PROMO043
2023-12-26,RCPT00003581,ST01,SKU03508,CUST07097,3,63.24,132.99,In-Store,29.9,PROMO043
2025-11-06,RCPT00003582,ST01,SKU00953,CUST01542,3,273.99,821.97,In-Store,0.0,
2025-11-06,RCPT00003582,ST01,SKU04596,CUST01542,3,335.55,1006.65,In-Store,0.0,
2025-11-06,RCPT00003582,ST01,SKU01056,CUST01542,4,2441.35,9765.4,In-Store,0.0,
2025-11-06,RCPT00003582,ST01,SKU04677,CUST01542,2,167.85,335.7,In-Store,0.0,
2025-01-02,RCPT00003583,ST17,SKU02648,CUST04123,3,883.45,2650.35,In-Store,0.0,
2025-01-02,RCPT00003583,ST17,SKU01045,CUST04123,1,451.29,451.29,In-Store,0.0,
2025-01-02,RCPT00003583,ST17,SKU00263,CUST04123,2,443.51,887.02,In-Store,0.0,
2025-07-10,RCPT00003584,ST28,SKU03241,CUST02849,5,112.19,560.95,In-Store,0.0,
2023-09-05,RCPT00003585,ST11,SKU04154,CUST04068,2,351.77,614.19,In-Store,12.7,PROMO010
2023-12-29,RCPT00003586,ST18,SKU04321,CUST01461,5,961.3,3369.36,Online,29.9,PROMO043
2023-12-29,RCPT00003586,ST18,SKU03213,CUST01461,3,226.59,476.52,Online,29.9,PROMO043
2024-02-12,RCPT00003587,ST21,SKU04071,CUST07187,2,174.5,349.0,In-Store,0.0,
2022-04-07,RCPT00003588,ST03,SKU04321,CUST00017,1,961.3,961.3,In-Store,0.0,
2022-04-07,RCPT00003588,ST03,SKU00373,CUST00017,1,84.32,84.32,In-Store,0.0,
2022-04-07,RCPT00003588,ST03,SKU00892,CUST00017,1,1679.83,1679.83,In-Store,0.0,
2024-03-07,RCPT00003589,ST11,SKU04321,CUST03616,1,961.3,540.25,In-Store,43.8,PROMO075
2024-03-07,RCPT00003589,ST11,SKU03479,CUST03616,1,1227.13,689.65,In-Store,43.8,PROMO075
2024-03-07,RCPT00003589,ST11,SKU04678,CUST03616,1,215.64,121.19,In-Store,43.8,PROMO075
2023-04-27,RCPT00003590,ST28,SKU04835,CUST06836,1,62.1,62.1,In-Store,0.0,
2022-08-25,RCPT00003591,ST23,SKU04367,CUST05854,1,362.71,362.71,Mobile App,0.0,
2022-03-25,RCPT00003592,ST06,SKU04816,CUST08231,2,90.49,180.98,In-Store,0.0,
2025-07-30,RCPT00003593,ST15,SKU03432,CUST00709,3,2629.94,7889.82,Online,0.0,
2023-08-23,RCPT00003594,ST06,SKU04936,CUST03947,1,328.89,287.12,Online,12.7,PROMO010
2023-08-23,RCPT00003594,ST06,SKU00430,CUST03947,1,146.59,127.97,Online,12.7,PROMO010
2024-11-21,RCPT00003595,ST07,SKU03973,CUST01096,5,79.3,396.5,In-Store,0.0,
2024-11-21,RCPT00003595,ST07,SKU04967,CUST01096,1,160.72,160.72,In-Store,0.0,
2024-11-21,RCPT00003595,ST07,SKU04321,CUST01096,2,961.3,1922.6,In-Store,0.0,
2025-12-20,RCPT00003596,ST02,SKU01693,CUST06915,1,1483.29,1483.29,Online,0.0,
2025-12-20,RCPT00003596,ST02,SKU04166,CUST06915,1,263.67,263.67,Online,0.0,
2024-11-05,RCPT00003597,ST06,SKU02660,CUST03107,1,81.91,73.8,Online,9.9,PROMO009
2024-11-05,RCPT00003597,ST06,SKU03901,CUST03107,1,110.45,110.45,Online,0.0,
2024-11-05,RCPT00003597,ST06,SKU04913,CUST03107,1,466.91,466.91,Online,0.0,
2025-08-25,RCPT00003598,ST29,SKU00191,CUST00267,1,590.87,590.87,Online,0.0,
2025-08-25,RCPT00003598,ST29,SKU01984,CUST00267,2,254.86,509.72,Online,0.0,
2025-04-21,RCPT00003599,ST08,SKU04043,CUST02574,2,1422.75,2845.5,In-Store,0.0,
2025-04-21,RCPT00003599,ST08,SKU02858,CUST02574,1,90.7,90.7,In-Store,0.0,
2025-04-21,RCPT00003599,ST08,SKU03535,CUST02574,3,178.62,535.86,In-Store,0.0,
2025-04-21,RCPT00003599,ST08,SKU01045,CUST02574,1,451.29,451.29,In-Store,0.0,
2025-04-21,RCPT00003599,ST08,SKU03727,CUST02574,2,1660.93,3321.86,In-Store,0.0,
2025-03-08,RCPT00003600,ST10,SKU00396,CUST05975,1,394.96,394.96,Mobile App,0.0,
2025-03-08,RCPT00003600,ST10,SKU00678,CUST05975,1,627.15,627.15,Mobile App,0.0,
2025-03-08,RCPT00003600,ST10,SKU03947,CUST05975,3,464.65,1393.95,Mobile App,0.0,
2025-03-08,RCPT00003600,ST10,SKU03013,CUST05975,1,101.21,101.21,Mobile App,0.0,
2025-12-23,RCPT00003601,ST16,SKU01694,CUST05614,1,985.32,985.32,Online,0.0,
2025-08-29,RCPT00003602,ST21,SKU02920,CUST00338,1,68.47,68.47,Online,0.0,
2022-03-03,RCPT00003603,ST14,SKU02264,CUST06905,2,676.6,1353.2,Online,0.0,
2022-03-03,RCPT00003603,ST14,SKU03800,CUST06905,4,114.46,457.84,Online,0.0,
2022-01-08,RCPT00003604,ST03,SKU01440,CUST01095,3,183.65,550.95,Mobile App,0.0,
2022-01-08,RCPT00003604,ST03,SKU04040,CUST01095,1,1438.32,1438.32,Mobile App,0.0,
2024-05-21,RCPT00003605,ST16,SKU01664,CUST04346,1,436.52,436.52,Mobile App,0.0,
2024-05-21,RCPT00003605,ST16,SKU02595,CUST04346,4,138.85,555.4,Mobile App,0.0,
2025-07-21,RCPT00003606,ST17,SKU02977,CUST03460,1,2254.18,2254.18,In-Store,0.0,
2025-07-21,RCPT00003606,ST17,SKU04299,CUST03460,1,677.46,677.46,In-Store,0.0,
2024-05-07,RCPT00003607,ST14,SKU04321,CUST06118,1,961.3,961.3,In-Store,0.0,
2025-03-03,RCPT00003608,ST12,SKU01601,CUST08389,3,137.22,268.81,In-Store,34.7,PROMO057
2025-03-03,RCPT00003608,ST12,SKU02371,CUST08389,1,499.35,499.35,In-Store,0.0,
2022-01-02,RCPT00003609,ST20,SKU04245,CUST06890,3,217.78,653.34,Mobile App,0.0,
2022-07-18,RCPT00003610,ST11,SKU02167,CUST05498,2,189.86,379.72,Online,0.0,
2025-11-05,RCPT00003611,ST14,SKU02850,CUST02356,1,261.58,261.58,Mobile App,0.0,
2025-11-05,RCPT00003611,ST14,SKU04475,CUST02356,1,146.88,146.88,Mobile App,0.0,
2025-05-14,RCPT00003612,ST20,SKU03432,CUST09436,2,2629.94,5259.88,Online,0.0,
2025-05-14,RCPT00003612,ST20,SKU03961,CUST09436,4,132.37,529.48,Online,0.0,
2023-03-11,RCPT00003613,ST05,SKU04362,CUST01512,1,233.42,217.08,Mobile App,7.0,PROMO002
2022-09-18,RCPT00003614,ST04,SKU00458,CUST04960,1,452.69,452.69,In-Store,0.0,
2022-06-03,RCPT00003615,ST07,SKU04245,CUST04333,1,217.78,124.57,In-Store,42.8,PROMO022
2022-06-03,RCPT00003615,ST07,SKU04321,CUST04333,2,961.3,1099.73,In-Store,42.8,PROMO022
2023-09-06,RCPT00003616,ST15,SKU04545,CUST08593,4,869.49,3036.26,Mobile App,12.7,PROMO010
2023-09-06,RCPT00003616,ST15,SKU03766,CUST08593,5,268.44,1171.74,Mobile App,12.7,PROMO010
2023-09-06,RCPT00003616,ST15,SKU03702,CUST08593,1,473.65,413.5,Mobile App,12.7,PROMO010
2023-01-13,RCPT00003617,ST06,SKU02340,CUST08235,1,234.67,234.67,Mobile App,0.0,
2024-04-26,RCPT00003618,ST10,SKU04321,CUST08716,1,961.3,961.3,In-Store,0.0,
2024-04-26,RCPT00003618,ST10,SKU04363,CUST08716,1,151.12,142.2,In-Store,5.9,PROMO016
2024-04-26,RCPT00003618,ST10,SKU03077,CUST08716,2,377.75,755.5,In-Store,0.0,
2024-04-26,RCPT00003618,ST10,SKU01744,CUST08716,1,1152.42,1152.42,In-Store,0.0,
2024-04-26,RCPT00003618,ST10,SKU02034,CUST08716,1,751.83,751.83,In-Store,0.0,
2024-06-26,RCPT00003619,ST18,SKU03223,CUST03931,1,207.4,160.53,Mobile App,22.6,PROMO045
2024-06-26,RCPT00003619,ST18,SKU03292,CUST03931,2,164.03,253.92,Mobile App,22.6,PROMO045
2022-07-07,RCPT00003620,ST03,SKU04748,CUST05315,1,553.81,553.81,In-Store,0.0,
2024-12-07,RCPT00003621,ST10,SKU03344,CUST04782,1,941.86,941.86,In-Store,0.0,
2023-10-19,RCPT00003622,ST04,SKU00994,CUST04826,1,602.13,335.39,In-Store,44.3,PROMO048
2023-10-19,RCPT00003622,ST04,SKU03851,CUST04826,1,99.5,99.5,In-Store,0.0,
2023-10-19,RCPT00003622,ST04,SKU01417,CUST04826,3,186.97,286.63,In-Store,48.9,PROMO077
2023-10-19,RCPT00003622,ST04,SKU02353,CUST04826,3,747.09,2241.27,In-Store,0.0,
2025-11-20,RCPT00003623,ST29,SKU03318,CUST07853,1,348.98,348.98,Online,0.0,
2025-09-08,RCPT00003624,ST27,SKU02683,CUST00577,1,371.82,371.82,Online,0.0,
2025-11-01,RCPT00003625,ST09,SKU01784,CUST03067,2,168.81,337.62,Mobile App,0.0,
2022-07-25,RCPT00003626,ST17,SKU01723,CUST00134,1,156.57,156.57,Online,0.0,
2022-07-25,RCPT00003626,ST17,SKU02789,CUST00134,1,1348.1,1348.1,Online,0.0,
2022-08-03,RCPT00003627,ST23,SKU04678,CUST04915,3,215.64,646.92,In-Store,0.0,
2025-09-04,RCPT00003628,ST21,SKU03187,CUST02829,1,538.03,538.03,In-Store,0.0,
2022-10-08,RCPT00003629,ST07,SKU04321,CUST06708,1,961.3,961.3,In-Store,0.0,
2023-12-12,RCPT00003630,ST26,SKU01357,CUST00817,1,1062.03,1062.03,In-Store,0.0,
2024-01-03,RCPT00003631,ST01,SKU04576,CUST01080,1,242.59,170.06,Online,29.9,PROMO043
2024-01-03,RCPT00003631,ST01,SKU03531,CUST01080,2,1772.13,2484.53,Online,29.9,PROMO043
2024-01-03,RCPT00003631,ST01,SKU01410,CUST01080,1,1331.17,933.15,Online,29.9,PROMO043
2024-01-31,RCPT00003632,ST21,SKU02096,CUST07210,1,674.25,674.25,Online,0.0,
2023-03-07,RCPT00003633,ST28,SKU00513,CUST05145,1,234.2,234.2,In-Store,0.0,
2023-03-07,RCPT00003633,ST28,SKU04137,CUST05145,3,2390.77,7172.31,In-Store,0.0,
2023-03-07,RCPT00003633,ST28,SKU00286,CUST05145,2,64.45,128.9,In-Store,0.0,
2023-10-15,RCPT00003634,ST28,SKU04321,CUST06061,1,961.3,961.3,Online,0.0,
2023-10-15,RCPT00003634,ST28,SKU04346,CUST06061,3,970.29,2910.87,Online,0.0,
2025-08-29,RCPT00003635,ST19,SKU04321,CUST07874,4,961.3,3845.2,Mobile App,0.0,
2025-08-29,RCPT00003635,ST19,SKU01479,CUST07874,3,425.66,1276.98,Mobile App,0.0,
2025-08-29,RCPT00003635,ST19,SKU00376,CUST07874,3,207.45,622.35,Mobile App,0.0,
2025-08-29,RCPT00003635,ST19,SKU04321,CUST07874,1,961.3,961.3,Mobile App,0.0,
2025-08-28,RCPT00003636,ST06,SKU04321,CUST06749,1,961.3,961.3,In-Store,0.0,
2025-08-28,RCPT00003636,ST06,SKU02903,CUST06749,1,2155.76,2155.76,In-Store,0.0,
2025-08-28,RCPT00003636,ST06,SKU01466,CUST06749,1,34.29,34.29,In-Store,0.0,
2025-08-28,RCPT00003636,ST06,SKU00307,CUST06749,1,209.82,209.82,In-Store,0.0,
2022-03-29,RCPT00003637,ST28,SKU00953,CUST08757,2,273.99,547.98,Mobile App,0.0,
2025-04-09,RCPT00003638,ST08,SKU04359,CUST05008,2,231.83,463.66,Online,0.0,
2025-04-09,RCPT00003638,ST08,SKU00754,CUST05008,4,2674.24,10696.96,Online,0.0,
2022-02-15,RCPT00003639,ST17,SKU04329,CUST06455,4,2452.07,9808.28,In-Store,0.0,
2022-02-15,RCPT00003639,ST17,SKU04997,CUST06455,2,587.79,1175.58,In-Store,0.0,
2022-02-15,RCPT00003639,ST17,SKU04558,CUST06455,2,839.49,1678.98,In-Store,0.0,
2025-02-01,RCPT00003640,ST20,SKU04562,CUST09051,3,1316.91,3318.61,Mobile App,16.0,PROMO035
2023-06-20,RCPT00003641,ST14,SKU03834,CUST00207,1,1737.86,1737.86,In-Store,0.0,
2022-10-05,RCPT00003642,ST03,SKU00845,CUST03757,1,670.83,670.83,In-Store,0.0,
2022-10-05,RCPT00003642,ST03,SKU01743,CUST03757,2,1398.86,2797.72,In-Store,0.0,
2023-11-22,RCPT00003643,ST26,SKU01297,CUST06478,1,280.29,280.29,In-Store,0.0,
2023-11-22,RCPT00003643,ST26,SKU03769,CUST06478,1,96.33,96.33,In-Store,0.0,
2023-11-22,RCPT00003643,ST26,SKU01501,CUST06478,5,99.7,498.5,In-Store,0.0,
2023-11-10,RCPT00003644,ST17,SKU04321,CUST06381,2,961.3,1922.6,In-Store,0.0,
2023-11-10,RCPT00003644,ST17,SKU04321,CUST06381,2,961.3,1922.6,In-Store,0.0,
2023-11-10,RCPT00003644,ST17,SKU01775,CUST06381,1,204.15,204.15,In-Store,0.0,
2023-11-10,RCPT00003644,ST17,SKU02954,CUST06381,4,603.3,2413.2,In-Store,0.0,
2024-05-24,RCPT00003645,ST07,SKU04350,CUST01530,1,394.93,394.93,Online,0.0,
2024-05-24,RCPT00003645,ST07,SKU04282,CUST01530,2,160.02,176.34,Online,44.9,PROMO065
2024-01-15,RCPT00003646,ST11,SKU04317,CUST02341,3,1598.65,4795.95,In-Store,0.0,
2025-03-22,RCPT00003647,ST17,SKU03755,CUST03414,2,1185.42,2370.84,In-Store,0.0,
2025-02-20,RCPT00003648,ST23,SKU01775,CUST06633,2,204.15,227.42,In-Store,44.3,PROMO041
2024-12-16,RCPT00003649,ST20,SKU03306,CUST03067,1,1549.76,1549.76,Mobile App,0.0,
2024-03-02,RCPT00003650,ST24,SKU02208,CUST07973,4,162.14,648.56,Online,0.0,
2025-12-29,RCPT00003651,ST03,SKU00249,CUST08622,5,243.38,1216.9,In-Store,0.0,
2025-12-29,RCPT00003651,ST03,SKU03715,CUST08622,3,930.79,2792.37,In-Store,0.0,
2025-02-01,RCPT00003652,ST28,SKU04215,CUST00912,3,508.26,1524.78,In-Store,0.0,
2025-02-01,RCPT00003652,ST28,SKU00062,CUST00912,1,499.45,499.45,In-Store,0.0,
2025-02-01,RCPT00003652,ST28,SKU00389,CUST00912,1,644.49,644.49,In-Store,0.0,
2022-07-17,RCPT00003653,ST18,SKU03683,CUST08643,1,1392.52,1392.52,Online,0.0,
2025-12-16,RCPT00003654,ST19,SKU04596,CUST01372,2,335.55,671.1,In-Store,0.0,
2025-12-16,RCPT00003654,ST19,SKU01321,CUST01372,1,1107.76,1107.76,In-Store,0.0,
2022-11-11,RCPT00003655,ST28,SKU03309,CUST00973,4,983.01,3932.04,Online,0.0,
2023-09-16,RCPT00003656,ST29,SKU04321,CUST05761,2,961.3,1922.6,In-Store,0.0,
2023-09-16,RCPT00003656,ST29,SKU04440,CUST05761,1,267.24,267.24,In-Store,0.0,
2023-09-16,RCPT00003656,ST29,SKU00796,CUST05761,2,103.4,206.8,In-Store,0.0,
2023-09-16,RCPT00003656,ST29,SKU01576,CUST05761,1,709.54,709.54,In-Store,0.0,
2025-07-18,RCPT00003657,ST10,SKU04166,CUST09949,2,263.67,527.34,In-Store,0.0,
2023-08-02,RCPT00003658,ST20,SKU02621,CUST05755,2,898.35,903.74,Mobile App,49.7,PROMO030
2025-05-29,RCPT00003659,ST23,SKU04633,CUST00838,1,620.55,620.55,Mobile App,0.0,
2025-05-29,RCPT00003659,ST23,SKU04407,CUST00838,4,215.04,860.16,Mobile App,0.0,
2025-05-29,RCPT00003659,ST23,SKU00285,CUST00838,1,505.67,505.67,Mobile App,0.0,
2025-05-29,RCPT00003659,ST23,SKU00429,CUST00838,4,582.88,2331.52,Mobile App,0.0,
2022-04-18,RCPT00003660,ST06,SKU02753,CUST09486,5,796.75,3983.75,Online,0.0,
2022-04-18,RCPT00003660,ST06,SKU00101,CUST09486,4,122.57,490.28,Online,0.0,
2022-04-18,RCPT00003660,ST06,SKU02179,CUST09486,2,195.37,390.74,Online,0.0,
2022-04-18,RCPT00003660,ST06,SKU04790,CUST09486,3,155.92,467.76,Online,0.0,
2024-03-15,RCPT00003661,ST07,SKU00079,CUST03072,4,197.9,444.88,Mobile App,43.8,PROMO075
2024-03-15,RCPT00003661,ST07,SKU00079,CUST03072,2,197.9,222.44,Mobile App,43.8,PROMO075
2024-03-15,RCPT00003661,ST07,SKU04555,CUST03072,1,3307.44,1858.78,Mobile App,43.8,PROMO075
2022-08-15,RCPT00003662,ST17,SKU04592,CUST09920,5,100.25,501.25,In-Store,0.0,
2022-08-15,RCPT00003662,ST17,SKU03727,CUST09920,2,1660.93,3321.86,In-Store,0.0,
2024-12-23,RCPT00003663,ST19,SKU03892,CUST07409,1,510.74,510.74,Mobile App,0.0,
2024-12-23,RCPT00003663,ST19,SKU02890,CUST07409,3,158.62,475.86,Mobile App,0.0,
2024-12-23,RCPT00003663,ST19,SKU01067,CUST07409,2,429.35,858.7,Mobile App,0.0,
2023-02-16,RCPT00003664,ST14,SKU01662,CUST01905,3,495.84,1487.52,Online,0.0,
2022-05-27,RCPT00003665,ST19,SKU04130,CUST06388,3,710.24,2130.72,Mobile App,0.0,
2022-05-27,RCPT00003665,ST19,SKU02046,CUST06388,2,2009.47,4018.94,Mobile App,0.0,
2022-05-27,RCPT00003665,ST19,SKU01317,CUST06388,1,644.83,644.83,Mobile App,0.0,
2022-09-19,RCPT00003666,ST05,SKU04663,CUST04882,1,715.73,715.73,In-Store,0.0,
2025-03-05,RCPT00003667,ST13,SKU02401,CUST06733,1,524.47,524.47,In-Store,0.0,
2025-03-05,RCPT00003667,ST13,SKU04084,CUST06733,3,89.59,268.77,In-Store,0.0,
2022-03-23,RCPT00003668,ST07,SKU00079,CUST09130,1,197.9,197.9,In-Store,0.0,
2022-03-23,RCPT00003668,ST07,SKU01117,CUST09130,2,157.6,185.97,In-Store,41.0,PROMO076
2025-09-27,RCPT00003669,ST08,SKU03532,CUST03727,1,94.55,94.55,Mobile App,0.0,
2024-01-05,RCPT00003670,ST30,SKU02405,CUST06653,1,152.08,152.08,In-Store,0.0,
2023-04-05,RCPT00003671,ST22,SKU02137,CUST06911,1,1893.03,1893.03,In-Store,0.0,
2025-04-15,RCPT00003672,ST08,SKU03287,CUST00975,1,160.51,160.51,In-Store,0.0,
2025-09-17,RCPT00003673,ST30,SKU00639,CUST03673,1,853.59,853.59,Online,0.0,
2023-10-17,RCPT00003674,ST21,SKU00774,CUST01968,1,94.61,94.61,Online,0.0,
2025-02-02,RCPT00003675,ST06,SKU00285,CUST06247,1,505.67,505.67,In-Store,0.0,
2022-10-24,RCPT00003676,ST03,SKU02474,CUST07260,4,145.89,583.56,In-Store,0.0,
2023-04-22,RCPT00003677,ST07,SKU04596,CUST05778,1,335.55,335.55,In-Store,0.0,
2023-04-22,RCPT00003677,ST07,SKU01170,CUST05778,1,365.5,365.5,In-Store,0.0,
2023-04-22,RCPT00003677,ST07,SKU03091,CUST05778,4,90.07,360.28,In-Store,0.0,
2023-04-22,RCPT00003677,ST07,SKU00050,CUST05778,1,34.08,34.08,In-Store,0.0,
2023-04-22,RCPT00003677,ST07,SKU04061,CUST05778,1,65.6,65.6,In-Store,0.0,
2023-08-04,RCPT00003678,ST04,SKU02848,CUST08198,1,334.01,251.18,Mobile App,24.8,PROMO061
2025-03-12,RCPT00003679,ST17,SKU04321,CUST06731,3,961.3,2448.43,Online,15.1,PROMO067
2025-03-12,RCPT00003679,ST17,SKU00483,CUST06731,3,180.8,542.4,Online,0.0,
2025-03-12,RCPT00003679,ST17,SKU02749,CUST06731,1,1104.61,1104.61,Online,0.0,
2023-07-07,RCPT00003680,ST10,SKU03887,CUST02887,1,514.28,514.28,In-Store,0.0,
2023-07-18,RCPT00003681,ST06,SKU01192,CUST00036,1,149.22,149.22,In-Store,0.0,
2025-11-16,RCPT00003682,ST17,SKU04404,CUST05299,1,240.58,240.58,In-Store,0.0,
2025-11-16,RCPT00003682,ST17,SKU02071,CUST05299,2,179.94,359.88,In-Store,0.0,
2025-09-27,RCPT00003683,ST21,SKU02692,CUST02193,1,2095.03,2095.03,Online,0.0,
2024-07-06,RCPT00003684,ST24,SKU02683,CUST08882,1,371.82,287.79,Online,22.6,PROMO045
2024-05-06,RCPT00003685,ST24,SKU01248,CUST00668,1,381.79,381.79,In-Store,0.0,
2022-05-29,RCPT00003686,ST18,SKU04574,CUST08720,3,71.96,123.48,Mobile App,42.8,PROMO022
2023-08-18,RCPT00003687,ST25,SKU03190,CUST00511,1,1003.94,1003.94,In-Store,0.0,
2022-09-06,RCPT00003688,ST29,SKU04186,CUST02645,3,176.5,481.84,In-Store,9.0,PROMO033
2025-03-31,RCPT00003689,ST15,SKU04437,CUST01935,2,24.41,48.82,Online,0.0,
2025-12-16,RCPT00003690,ST20,SKU01603,CUST06139,2,1540.86,3081.72,Mobile App,0.0,
2025-09-16,RCPT00003691,ST16,SKU04944,CUST01122,1,90.88,90.88,In-Store,0.0,
2025-09-16,RCPT00003691,ST16,SKU00376,CUST01122,2,207.45,414.9,In-Store,0.0,
2025-01-29,RCPT00003692,ST27,SKU04748,CUST02394,3,553.81,1661.43,Mobile App,0.0,
2025-01-29,RCPT00003692,ST27,SKU00500,CUST02394,1,1264.58,1264.58,Mobile App,0.0,
2025-03-26,RCPT00003693,ST06,SKU01775,CUST01114,1,204.15,204.15,In-Store,0.0,
2025-03-26,RCPT00003693,ST06,SKU04318,CUST01114,3,205.5,616.5,In-Store,0.0,
2025-03-26,RCPT00003693,ST06,SKU04329,CUST01114,1,2452.07,2452.07,In-Store,0.0,
2024-09-19,RCPT00003694,ST14,SKU03827,CUST00017,4,403.01,1612.04,In-Store,0.0,
2022-02-20,RCPT00003695,ST06,SKU03901,CUST09846,1,110.45,110.45,Online,0.0,
2023-09-01,RCPT00003696,ST02,SKU01758,CUST09438,3,127.26,333.29,Online,12.7,PROMO010
2023-10-08,RCPT00003697,ST06,SKU01166,CUST03403,2,388.66,777.32,Online,0.0,
2022-02-06,RCPT00003698,ST27,SKU04936,CUST09317,1,328.89,328.89,In-Store,0.0,
2025-10-13,RCPT00003699,ST18,SKU03259,CUST08662,2,602.04,1204.08,In-Store,0.0,
2022-08-20,RCPT00003700,ST29,SKU04174,CUST00227,1,77.98,77.98,Online,0.0,
2022-08-20,RCPT00003700,ST29,SKU03840,CUST00227,1,255.12,255.12,Online,0.0,
2022-08-20,RCPT00003700,ST29,SKU04948,CUST00227,4,288.18,1152.72,Online,0.0,
2025-04-13,RCPT00003701,ST21,SKU03974,CUST09907,1,228.41,228.41,In-Store,0.0,
2023-03-11,RCPT00003702,ST30,SKU02297,CUST07447,3,1276.77,3562.19,In-Store,7.0,PROMO002
2023-03-11,RCPT00003702,ST30,SKU04241,CUST07447,1,38.94,36.21,In-Store,7.0,PROMO002
2022-03-16,RCPT00003703,ST28,SKU02462,CUST01600,2,171.89,343.78,Online,0.0,
2022-10-04,RCPT00003704,ST21,SKU00823,CUST04204,2,183.03,366.06,In-Store,0.0,
2025-09-06,RCPT00003705,ST03,SKU02955,CUST05390,1,641.96,641.96,Online,0.0,
2022-09-05,RCPT00003706,ST09,SKU04330,CUST05084,1,456.24,415.18,Online,9.0,PROMO033
2022-09-26,RCPT00003707,ST21,SKU04321,CUST00442,1,961.3,961.3,In-Store,0.0,
2022-09-26,RCPT00003707,ST21,SKU02688,CUST00442,1,1861.79,1861.79,In-Store,0.0,
2022-09-26,RCPT00003707,ST21,SKU01018,CUST00442,1,242.43,242.43,In-Store,0.0,
2022-12-27,RCPT00003708,ST29,SKU02141,CUST00009,3,471.88,1415.64,Mobile App,0.0,
2022-12-27,RCPT00003708,ST29,SKU04447,CUST00009,1,1190.64,1190.64,Mobile App,0.0,
2022-12-27,RCPT00003708,ST29,SKU04242,CUST00009,1,1092.68,1092.68,Mobile App,0.0,
2024-12-05,RCPT00003709,ST08,SKU04381,CUST07084,1,192.07,192.07,In-Store,0.0,
2024-12-05,RCPT00003709,ST08,SKU02419,CUST07084,2,194.06,388.12,In-Store,0.0,
2024-12-05,RCPT00003709,ST08,SKU01998,CUST07084,2,92.68,185.36,In-Store,0.0,
2024-12-05,RCPT00003709,ST08,SKU02141,CUST07084,4,471.88,1887.52,In-Store,0.0,
2024-03-23,RCPT00003710,ST22,SKU02688,CUST01828,1,1861.79,1046.33,Mobile App,43.8,PROMO075
2025-07-13,RCPT00003711,ST20,SKU04344,CUST08737,1,201.81,201.81,Mobile App,0.0,
2025-07-13,RCPT00003711,ST20,SKU00062,CUST08737,4,499.45,1997.8,Mobile App,0.0,
2022-12-07,RCPT00003712,ST16,SKU01030,CUST04912,2,224.5,449.0,In-Store,0.0,
2022-12-07,RCPT00003712,ST16,SKU02046,CUST04912,2,2009.47,4018.94,In-Store,0.0,
2022-12-07,RCPT00003712,ST16,SKU01913,CUST04912,1,208.36,208.36,In-Store,0.0,
2024-02-26,RCPT00003713,ST20,SKU00784,CUST09985,1,397.04,397.04,In-Store,0.0,
2025-08-24,RCPT00003714,ST07,SKU04282,CUST04931,1,160.02,160.02,Mobile App,0.0,
2025-08-24,RCPT00003714,ST07,SKU03838,CUST04931,3,259.95,779.85,Mobile App,0.0,
2025-08-24,RCPT00003714,ST07,SKU03743,CUST04931,1,253.24,253.24,Mobile App,0.0,
2025-08-24,RCPT00003714,ST07,SKU03258,CUST04931,3,1275.38,3826.14,Mobile App,0.0,
2023-03-27,RCPT00003715,ST21,SKU02296,CUST04015,1,1019.37,735.99,Online,27.8,PROMO078
2025-06-03,RCPT00003716,ST09,SKU00286,CUST07310,3,64.45,193.35,In-Store,0.0,
2025-06-03,RCPT00003716,ST09,SKU02785,CUST07310,1,1136.58,1136.58,In-Store,0.0,
2025-06-03,RCPT00003716,ST09,SKU03379,CUST07310,2,57.39,114.78,In-Store,0.0,
2025-06-03,RCPT00003716,ST09,SKU03059,CUST07310,1,567.73,567.73,In-Store,0.0,
2025-06-03,RCPT00003716,ST09,SKU00491,CUST07310,1,801.0,801.0,In-Store,0.0,
2024-02-21,RCPT00003717,ST19,SKU02442,CUST00328,3,507.66,1522.98,Mobile App,0.0,
2024-02-21,RCPT00003717,ST19,SKU01048,CUST00328,4,96.18,384.72,Mobile App,0.0,
2025-08-01,RCPT00003718,ST12,SKU00311,CUST05131,3,2295.88,6887.64,In-Store,0.0,
2025-08-01,RCPT00003718,ST12,SKU00024,CUST05131,3,2711.05,8133.15,In-Store,0.0,
2025-08-01,RCPT00003718,ST12,SKU00845,CUST05131,2,670.83,1341.66,In-Store,0.0,
2024-11-20,RCPT00003719,ST15,SKU00893,CUST01576,1,690.66,690.66,In-Store,0.0,
2024-11-20,RCPT00003719,ST15,SKU03385,CUST01576,1,153.8,153.8,In-Store,0.0,
2022-06-11,RCPT00003720,ST03,SKU03800,CUST02807,1,114.46,65.47,In-Store,42.8,PROMO022
2022-06-11,RCPT00003720,ST03,SKU02420,CUST02807,1,122.08,69.83,In-Store,42.8,PROMO022
2022-06-03,RCPT00003721,ST14,SKU04683,CUST02008,2,481.63,550.98,Online,42.8,PROMO022
2022-06-03,RCPT00003721,ST14,SKU02212,CUST02008,3,569.68,977.57,Online,42.8,PROMO022
2025-04-15,RCPT00003722,ST10,SKU04596,CUST04086,1,335.55,335.55,In-Store,0.0,
2025-04-15,RCPT00003722,ST10,SKU04832,CUST04086,1,208.17,208.17,In-Store,0.0,
2024-04-03,RCPT00003723,ST11,SKU00242,CUST08978,1,218.49,109.68,Online,49.8,PROMO019
2024-04-03,RCPT00003723,ST11,SKU02315,CUST08978,1,569.66,285.97,Online,49.8,PROMO019
2024-04-03,RCPT00003723,ST11,SKU04749,CUST08978,2,1569.69,1575.97,Online,49.8,PROMO019
2024-04-03,RCPT00003723,ST11,SKU00501,CUST08978,1,399.18,200.39,Online,49.8,PROMO019
2024-04-03,RCPT00003723,ST11,SKU02214,CUST08978,3,196.14,295.39,Online,49.8,PROMO019
2023-01-07,RCPT00003724,ST05,SKU03531,CUST07175,2,1772.13,3544.26,Mobile App,0.0,
2025-11-19,RCPT00003725,ST07,SKU03134,CUST04179,1,196.94,196.94,In-Store,0.0,
2025-09-13,RCPT00003726,ST06,SKU00152,CUST05576,3,1830.31,5490.93,Online,0.0,
2025-09-13,RCPT00003726,ST06,SKU00079,CUST05576,1,197.9,197.9,Online,0.0,
2025-09-13,RCPT00003726,ST06,SKU04554,CUST05576,1,2001.13,2001.13,Online,0.0,
2025-08-06,RCPT00003727,ST09,SKU04551,CUST08654,1,2498.23,2498.23,In-Store,0.0,
2025-08-06,RCPT00003727,ST09,SKU01420,CUST08654,1,213.65,213.65,In-Store,0.0,
2022-09-19,RCPT00003728,ST15,SKU03279,CUST05767,1,1970.77,1970.77,In-Store,0.0,
2025-04-19,RCPT00003729,ST06,SKU04329,CUST01314,3,2452.07,7356.21,Online,0.0,
2025-04-19,RCPT00003729,ST06,SKU03068,CUST01314,1,187.88,187.88,Online,0.0,
2022-12-30,RCPT00003730,ST10,SKU02949,CUST01718,3,157.02,471.06,Mobile App,0.0,
2022-05-10,RCPT00003731,ST30,SKU04321,CUST07615,3,961.3,2883.9,In-Store,0.0,
2022-05-10,RCPT00003731,ST30,SKU02622,CUST07615,3,346.96,1040.88,In-Store,0.0,
2022-05-10,RCPT00003731,ST30,SKU03653,CUST07615,1,2747.25,2747.25,In-Store,0.0,
2025-12-29,RCPT00003732,ST30,SKU04321,CUST08739,1,961.3,961.3,Online,0.0,
2024-03-23,RCPT00003733,ST11,SKU01648,CUST09541,4,46.69,104.96,Online,43.8,PROMO075
2024-03-23,RCPT00003733,ST11,SKU01598,CUST09541,4,333.41,749.51,Online,43.8,PROMO075
2024-03-23,RCPT00003733,ST11,SKU04596,CUST09541,1,335.55,188.58,Online,43.8,PROMO075
2024-01-06,RCPT00003734,ST05,SKU03798,CUST02621,3,531.23,1593.69,Online,0.0,
2024-01-06,RCPT00003734,ST05,SKU04321,CUST02621,1,961.3,961.3,Online,0.0,
2024-01-06,RCPT00003734,ST05,SKU01088,CUST02621,2,183.33,366.66,Online,0.0,
2025-01-20,RCPT00003735,ST05,SKU00317,CUST02773,2,110.59,221.18,Online,0.0,
2025-10-05,RCPT00003736,ST04,SKU02368,CUST02633,1,849.39,849.39,Online,0.0,
2022-09-16,RCPT00003737,ST04,SKU04005,CUST01563,1,129.46,129.46,In-Store,0.0,
2022-09-16,RCPT00003737,ST04,SKU01587,CUST01563,4,939.45,3757.8,In-Store,0.0,
2025-06-19,RCPT00003738,ST22,SKU02353,CUST09185,1,747.09,747.09,Mobile App,0.0,
2023-01-21,RCPT00003739,ST03,SKU04609,CUST01146,3,575.8,1727.4,In-Store,0.0,
2023-01-21,RCPT00003739,ST03,SKU01733,CUST01146,1,41.71,41.71,In-Store,0.0,
2023-01-21,RCPT00003739,ST03,SKU02737,CUST01146,1,315.14,315.14,In-Store,0.0,
2023-01-21,RCPT00003739,ST03,SKU04321,CUST01146,1,961.3,961.3,In-Store,0.0,
2025-06-23,RCPT00003740,ST21,SKU01371,CUST09350,3,1277.61,3832.83,In-Store,0.0,
2025-06-23,RCPT00003740,ST21,SKU01037,CUST09350,2,178.07,356.14,In-Store,0.0,
2025-06-23,RCPT00003740,ST21,SKU02904,CUST09350,1,312.58,312.58,In-Store,0.0,
2025-06-23,RCPT00003740,ST21,SKU03167,CUST09350,2,1255.71,2511.42,In-Store,0.0,
2025-12-29,RCPT00003741,ST07,SKU04321,CUST01802,5,961.3,4806.5,In-Store,0.0,
2025-12-29,RCPT00003741,ST07,SKU04866,CUST01802,1,132.78,132.78,In-Store,0.0,
2025-12-29,RCPT00003741,ST07,SKU04318,CUST01802,4,205.5,822.0,In-Store,0.0,
2025-12-29,RCPT00003741,ST07,SKU00659,CUST01802,2,286.94,573.88,In-Store,0.0,
2025-12-29,RCPT00003741,ST07,SKU02268,CUST01802,1,205.47,205.47,In-Store,0.0,
2024-07-25,RCPT00003742,ST08,SKU04596,CUST03410,2,335.55,671.1,Online,0.0,
2025-07-25,RCPT00003743,ST09,SKU03891,CUST03806,1,159.69,159.69,Mobile App,0.0,
2025-07-25,RCPT00003743,ST09,SKU04305,CUST03806,2,782.22,1564.44,Mobile App,0.0,
2025-12-16,RCPT00003744,ST03,SKU00030,CUST05399,1,402.34,402.34,In-Store,0.0,
2025-06-20,RCPT00003745,ST19,SKU01830,CUST02206,1,1563.44,1563.44,Mobile App,0.0,
2025-06-20,RCPT00003745,ST19,SKU04281,CUST02206,2,234.97,469.94,Mobile App,0.0,
2023-07-06,RCPT00003746,ST22,SKU00824,CUST05707,2,391.75,783.5,Online,0.0,
2023-08-09,RCPT00003747,ST21,SKU02521,CUST09642,2,1790.1,3580.2,Mobile App,0.0,
2023-08-09,RCPT00003747,ST21,SKU01420,CUST09642,2,213.65,324.32,Mobile App,24.1,PROMO093
2023-08-09,RCPT00003747,ST21,SKU04592,CUST09642,1,100.25,100.25,Mobile App,0.0,
2023-08-09,RCPT00003747,ST21,SKU03943,CUST09642,2,216.19,325.15,Mobile App,24.8,PROMO061
2025-09-26,RCPT00003748,ST09,SKU01021,CUST08029,1,1243.47,1137.78,In-Store,8.5,PROMO007
2025-11-28,RCPT00003749,ST11,SKU01317,CUST03170,3,644.83,1934.49,In-Store,0.0,
2025-11-28,RCPT00003749,ST11,SKU03337,CUST03170,1,501.41,501.41,In-Store,0.0,
2024-05-12,RCPT00003750,ST04,SKU02077,CUST00374,5,448.21,1828.7,In-Store,18.4,PROMO089
2024-05-12,RCPT00003750,ST04,SKU00169,CUST00374,1,95.37,64.09,In-Store,32.8,PROMO036
2025-01-15,RCPT00003751,ST16,SKU03578,CUST06524,1,225.73,225.73,In-Store,0.0,
2025-01-15,RCPT00003751,ST16,SKU02553,CUST06524,4,97.96,391.84,In-Store,0.0,
2025-01-15,RCPT00003751,ST16,SKU04321,CUST06524,3,961.3,2883.9,In-Store,0.0,
2025-01-15,RCPT00003751,ST16,SKU03037,CUST06524,4,1595.26,6381.04,In-Store,0.0,
2025-01-15,RCPT00003751,ST16,SKU03191,CUST06524,2,417.04,834.08,In-Store,0.0,
2025-04-17,RCPT00003752,ST17,SKU04001,CUST05225,1,183.48,183.48,In-Store,0.0,
2025-09-10,RCPT00003753,ST22,SKU02998,CUST06458,3,891.24,2673.72,In-Store,0.0,
2025-09-10,RCPT00003753,ST22,SKU01665,CUST06458,4,2278.76,9115.04,In-Store,0.0,
2025-10-11,RCPT00003754,ST29,SKU02282,CUST03014,1,199.33,199.33,Online,0.0,
2025-10-11,RCPT00003754,ST29,SKU03540,CUST03014,1,203.99,203.99,Online,0.0,
2024-11-07,RCPT00003755,ST09,SKU04596,CUST02492,1,335.55,335.55,Online,0.0,
2024-11-07,RCPT00003755,ST09,SKU00037,CUST02492,1,109.86,109.86,Online,0.0,
2025-02-14,RCPT00003756,ST23,SKU04596,CUST05236,2,335.55,373.8,In-Store,44.3,PROMO041
2025-02-14,RCPT00003756,ST23,SKU02405,CUST05236,2,152.08,198.62,In-Store,34.7,PROMO057
2025-12-08,RCPT00003757,ST27,SKU03943,CUST07805,3,216.19,648.57,In-Store,0.0,
2025-03-22,RCPT00003758,ST19,SKU04992,CUST07014,1,108.64,108.64,Online,0.0,
2025-02-15,RCPT00003759,ST30,SKU01824,CUST06607,1,324.93,180.99,In-Store,44.3,PROMO041
2025-02-15,RCPT00003759,ST30,SKU00425,CUST06607,1,209.07,116.45,In-Store,44.3,PROMO041
2025-02-15,RCPT00003759,ST30,SKU02537,CUST06607,1,161.43,89.92,In-Store,44.3,PROMO041
2024-08-18,RCPT00003760,ST19,SKU02583,CUST06573,1,274.06,274.06,In-Store,0.0,
2024-08-18,RCPT00003760,ST19,SKU01094,CUST06573,1,210.83,210.83,In-Store,0.0,
2023-09-12,RCPT00003761,ST16,SKU02883,CUST05809,3,1040.02,2723.81,Online,12.7,PROMO010
2023-09-12,RCPT00003761,ST16,SKU00285,CUST05809,1,505.67,441.45,Online,12.7,PROMO010
2023-09-12,RCPT00003761,ST16,SKU03572,CUST05809,2,654.81,1143.3,Online,12.7,PROMO010
2023-12-02,RCPT00003762,ST14,SKU03619,CUST00877,1,1080.68,1080.68,Online,0.0,
2023-12-02,RCPT00003762,ST14,SKU04336,CUST00877,1,831.58,831.58,Online,0.0,
2025-05-20,RCPT00003763,ST18,SKU04329,CUST01629,2,2452.07,4904.14,In-Store,0.0,
2022-09-13,RCPT00003764,ST07,SKU04522,CUST07925,3,754.02,2262.06,In-Store,0.0,
2022-09-13,RCPT00003764,ST07,SKU04321,CUST07925,1,961.3,961.3,In-Store,0.0,
2022-09-13,RCPT00003764,ST07,SKU00267,CUST07925,1,126.55,126.55,In-Store,0.0,
2022-07-12,RCPT00003765,ST21,SKU04476,CUST06469,3,134.95,404.85,In-Store,0.0,
2023-01-21,RCPT00003766,ST29,SKU01939,CUST01427,2,297.93,595.86,Online,0.0,
2024-01-13,RCPT00003767,ST21,SKU00127,CUST06930,1,223.69,223.69,In-Store,0.0,
2025-04-21,RCPT00003768,ST06,SKU00076,CUST06749,1,306.25,306.25,In-Store,0.0,
2024-02-09,RCPT00003769,ST30,SKU03892,CUST08885,2,510.74,1021.48,In-Store,0.0,
2024-02-09,RCPT00003769,ST30,SKU02614,CUST08885,2,118.14,236.28,In-Store,0.0,
2024-02-09,RCPT00003769,ST30,SKU04321,CUST08885,3,961.3,2883.9,In-Store,0.0,
2023-07-20,RCPT00003770,ST14,SKU04033,CUST08971,3,141.22,423.66,In-Store,0.0,
2025-12-23,RCPT00003771,ST20,SKU02657,CUST08586,2,128.75,257.5,In-Store,0.0,
2025-12-23,RCPT00003771,ST20,SKU04196,CUST08586,4,452.19,1808.76,In-Store,0.0,
2022-02-15,RCPT00003772,ST22,SKU04958,CUST01220,1,180.7,180.7,Online,0.0,
2024-08-06,RCPT00003773,ST29,SKU02068,CUST00074,2,249.89,499.78,Online,0.0,
2024-08-06,RCPT00003773,ST29,SKU04154,CUST00074,5,351.77,1758.85,Online,0.0,
2024-08-06,RCPT00003773,ST29,SKU04056,CUST00074,2,1184.05,2368.1,Online,0.0,
2024-08-06,RCPT00003773,ST29,SKU04027,CUST00074,4,118.29,473.16,Online,0.0,
2022-06-14,RCPT00003774,ST10,SKU03585,CUST03162,3,95.51,163.9,Online,42.8,PROMO022
2022-06-14,RCPT00003774,ST10,SKU02749,CUST03162,2,1104.61,1263.67,Online,42.8,PROMO022
2022-06-14,RCPT00003774,ST10,SKU04321,CUST03162,4,961.3,2199.45,Online,42.8,PROMO022
2023-10-06,RCPT00003775,ST11,SKU04103,CUST08814,1,104.71,104.71,In-Store,0.0,
2023-10-06,RCPT00003775,ST11,SKU02888,CUST08814,1,138.67,138.67,In-Store,0.0,
2023-10-06,RCPT00003775,ST11,SKU01232,CUST08814,3,416.45,1249.35,In-Store,0.0,
2023-10-06,RCPT00003775,ST11,SKU02619,CUST08814,3,381.92,1145.76,In-Store,0.0,
2024-03-28,RCPT00003776,ST11,SKU03578,CUST00248,4,225.73,507.44,In-Store,43.8,PROMO075
2024-03-28,RCPT00003776,ST11,SKU04103,CUST00248,1,104.71,58.85,In-Store,43.8,PROMO075
2025-03-31,RCPT00003777,ST03,SKU04926,CUST04388,1,458.92,458.92,In-Store,0.0,
2025-10-10,RCPT00003778,ST30,SKU01352,CUST05272,1,149.83,149.83,In-Store,0.0,
2025-10-10,RCPT00003778,ST30,SKU00079,CUST05272,1,197.9,197.9,In-Store,0.0,
2022-05-29,RCPT00003779,ST14,SKU02840,CUST09960,1,267.04,152.75,Online,42.8,PROMO022
2024-04-22,RCPT00003780,ST01,SKU04967,CUST01037,2,160.72,321.44,Mobile App,0.0,
2024-03-26,RCPT00003781,ST08,SKU01351,CUST02788,1,488.78,274.69,Online,43.8,PROMO075
2024-03-26,RCPT00003781,ST08,SKU02559,CUST02788,1,2266.71,1273.89,Online,43.8,PROMO075
2024-01-19,RCPT00003782,ST06,SKU03671,CUST00289,5,91.48,457.4,In-Store,0.0,
2024-01-19,RCPT00003782,ST06,SKU00893,CUST00289,1,690.66,690.66,In-Store,0.0,
2023-07-24,RCPT00003783,ST21,SKU02954,CUST03462,1,603.3,303.46,Online,49.7,PROMO030
2023-07-24,RCPT00003783,ST21,SKU03503,CUST03462,5,225.31,847.17,Online,24.8,PROMO061
2023-07-24,RCPT00003783,ST21,SKU02538,CUST03462,1,216.58,108.94,Online,49.7,PROMO030
2023-07-24,RCPT00003783,ST21,SKU04796,CUST03462,2,1974.55,1986.4,Online,49.7,PROMO030
2023-09-10,RCPT00003784,ST21,SKU04499,CUST06451,1,310.76,271.29,In-Store,12.7,PROMO010
2023-09-10,RCPT00003784,ST21,SKU01761,CUST06451,1,308.43,269.26,In-Store,12.7,PROMO010
2024-05-12,RCPT00003785,ST18,SKU03627,CUST07733,2,1083.01,1455.57,In-Store,32.8,PROMO036
2024-05-12,RCPT00003785,ST18,SKU04202,CUST07733,1,1054.73,708.78,In-Store,32.8,PROMO036
2024-05-12,RCPT00003785,ST18,SKU03891,CUST07733,1,159.69,107.31,In-Store,32.8,PROMO036
2022-03-14,RCPT00003786,ST09,SKU01677,CUST08416,3,127.3,381.9,Mobile App,0.0,
2022-03-14,RCPT00003786,ST09,SKU03855,CUST08416,1,683.9,683.9,Mobile App,0.0,
2024-07-20,RCPT00003787,ST18,SKU00668,CUST00204,3,219.45,509.56,In-Store,22.6,PROMO045
2025-02-15,RCPT00003788,ST07,SKU01623,CUST02716,1,443.72,247.15,Online,44.3,PROMO041
2023-07-22,RCPT00003789,ST19,SKU02033,CUST00379,2,939.05,1878.1,In-Store,0.0,
2025-01-13,RCPT00003790,ST30,SKU02141,CUST02634,4,471.88,1887.52,In-Store,0.0,
2025-01-13,RCPT00003790,ST30,SKU04650,CUST02634,1,578.07,578.07,In-Store,0.0,
2025-01-13,RCPT00003790,ST30,SKU02931,CUST02634,2,127.7,255.4,In-Store,0.0,
2025-08-21,RCPT00003791,ST19,SKU02742,CUST00765,3,573.61,1720.83,Online,0.0,
2022-07-15,RCPT00003792,ST06,SKU02145,CUST02682,1,716.15,716.15,Online,0.0,
2022-07-15,RCPT00003792,ST06,SKU00484,CUST02682,3,179.04,537.12,Online,0.0,
2022-07-15,RCPT00003792,ST06,SKU04875,CUST02682,1,1349.03,1349.03,Online,0.0,
2022-07-15,RCPT00003792,ST06,SKU00252,CUST02682,1,2006.03,2006.03,Online,0.0,
2025-05-26,RCPT00003793,ST23,SKU00659,CUST06925,1,286.94,286.94,In-Store,0.0,
2024-10-01,RCPT00003794,ST20,SKU01942,CUST04852,2,85.64,125.03,Mobile App,27.0,PROMO094
2025-04-05,RCPT00003795,ST21,SKU00630,CUST04409,1,1408.73,1408.73,Mobile App,0.0,
2025-04-05,RCPT00003795,ST21,SKU04321,CUST04409,2,961.3,1922.6,Mobile App,0.0,
2025-04-05,RCPT00003795,ST21,SKU02051,CUST04409,1,454.54,454.54,Mobile App,0.0,
2024-12-10,RCPT00003796,ST14,SKU03138,CUST09570,1,99.25,99.25,In-Store,0.0,
2024-12-10,RCPT00003796,ST14,SKU01775,CUST09570,1,204.15,204.15,In-Store,0.0,
2024-12-10,RCPT00003796,ST14,SKU02312,CUST09570,2,87.19,174.38,In-Store,0.0,
2022-08-28,RCPT00003797,ST26,SKU01541,CUST04307,1,932.0,848.12,Online,9.0,PROMO033
2024-07-01,RCPT00003798,ST28,SKU01446,CUST04132,1,192.93,149.33,In-Store,22.6,PROMO045
2022-11-24,RCPT00003799,ST08,SKU00257,CUST09628,2,307.75,615.5,In-Store,0.0,
2022-04-28,RCPT00003800,ST04,SKU02937,CUST07362,3,175.74,527.22,Mobile App,0.0,
2022-04-28,RCPT00003800,ST04,SKU02858,CUST07362,1,90.7,90.7,Mobile App,0.0,
2025-05-09,RCPT00003801,ST15,SKU04321,CUST05909,1,961.3,961.3,In-Store,0.0,
2022-03-04,RCPT00003802,ST22,SKU03554,CUST00479,2,1617.45,3234.9,In-Store,0.0,
2022-03-04,RCPT00003802,ST22,SKU03506,CUST00479,4,541.05,2164.2,In-Store,0.0,
2022-03-04,RCPT00003802,ST22,SKU02954,CUST00479,2,603.3,1206.6,In-Store,0.0,
2025-07-07,RCPT00003803,ST16,SKU00720,CUST07903,2,334.44,527.08,In-Store,21.2,PROMO060
2022-10-11,RCPT00003804,ST13,SKU04596,CUST08741,2,335.55,671.1,Online,0.0,
2022-10-11,RCPT00003804,ST13,SKU00774,CUST08741,2,94.61,189.22,Online,0.0,
2022-07-25,RCPT00003805,ST21,SKU01897,CUST09953,3,492.22,1476.66,In-Store,0.0,
2024-12-21,RCPT00003806,ST11,SKU02985,CUST06442,1,720.58,720.58,Online,0.0,
2024-12-21,RCPT00003806,ST11,SKU03049,CUST06442,2,267.4,534.8,Online,0.0,
2024-10-13,RCPT00003807,ST09,SKU04707,CUST00295,2,978.23,1956.46,Online,0.0,
2022-07-05,RCPT00003808,ST09,SKU04321,CUST00322,1,961.3,961.3,In-Store,0.0,
2023-12-15,RCPT00003809,ST19,SKU04596,CUST02170,1,335.55,335.55,In-Store,0.0,
2023-12-15,RCPT00003809,ST19,SKU04339,CUST02170,1,1534.07,1534.07,In-Store,0.0,
2023-12-15,RCPT00003809,ST19,SKU01030,CUST02170,3,224.5,673.5,In-Store,0.0,
2023-12-15,RCPT00003809,ST19,SKU04318,CUST02170,1,205.5,205.5,In-Store,0.0,
2022-06-14,RCPT00003810,ST17,SKU03182,CUST06225,1,857.46,490.47,Mobile App,42.8,PROMO022
2024-02-17,RCPT00003811,ST09,SKU02178,CUST07742,3,188.27,564.81,In-Store,0.0,
2024-02-17,RCPT00003811,ST09,SKU03840,CUST07742,3,255.12,765.36,In-Store,0.0,
2024-02-17,RCPT00003811,ST09,SKU04154,CUST07742,1,351.77,351.77,In-Store,0.0,
2023-07-25,RCPT00003812,ST17,SKU04321,CUST01562,1,961.3,722.9,In-Store,24.8,PROMO061
2022-09-17,RCPT00003813,ST22,SKU02457,CUST06369,1,822.17,822.17,In-Store,0.0,
2022-04-08,RCPT00003814,ST09,SKU00429,CUST05355,1,582.88,582.88,In-Store,0.0,
2022-01-30,RCPT00003815,ST26,SKU04321,CUST02261,3,961.3,2883.9,In-Store,0.0,
2022-01-30,RCPT00003815,ST26,SKU01370,CUST02261,1,195.01,195.01,In-Store,0.0,
2022-01-30,RCPT00003815,ST26,SKU03208,CUST02261,2,1141.07,2282.14,In-Store,0.0,
2022-01-30,RCPT00003815,ST26,SKU00942,CUST02261,2,172.9,345.8,In-Store,0.0,
2024-07-06,RCPT00003816,ST12,SKU03193,CUST02036,2,259.16,401.18,Online,22.6,PROMO045
2022-04-29,RCPT00003817,ST11,SKU02132,CUST00650,1,428.85,428.85,In-Store,0.0,
2022-04-29,RCPT00003817,ST11,SKU02247,CUST00650,2,179.3,358.6,In-Store,0.0,
2022-04-29,RCPT00003817,ST11,SKU02791,CUST00650,1,485.0,485.0,In-Store,0.0,
2024-06-14,RCPT00003818,ST17,SKU04283,CUST00346,4,1868.67,6420.75,Mobile App,14.1,PROMO023
2024-06-14,RCPT00003818,ST17,SKU04370,CUST00346,3,396.28,1021.21,Mobile App,14.1,PROMO023
2024-06-14,RCPT00003818,ST17,SKU04666,CUST00346,1,118.07,101.42,Mobile App,14.1,PROMO023
2024-06-14,RCPT00003818,ST17,SKU01775,CUST00346,4,204.15,701.46,Mobile App,14.1,PROMO023
2024-05-13,RCPT00003819,ST27,SKU04168,CUST02668,1,701.3,471.27,In-Store,32.8,PROMO036
2024-05-13,RCPT00003819,ST27,SKU03918,CUST02668,1,192.73,129.51,In-Store,32.8,PROMO036
2025-05-18,RCPT00003820,ST06,SKU00668,CUST07038,3,219.45,658.35,Online,0.0,
2022-10-26,RCPT00003821,ST29,SKU04381,CUST04323,1,192.07,192.07,In-Store,0.0,
2022-10-26,RCPT00003821,ST29,SKU02721,CUST04323,2,259.98,519.96,In-Store,0.0,
2025-11-24,RCPT00003822,ST22,SKU04288,CUST07740,1,172.44,172.44,Online,0.0,
2023-11-23,RCPT00003823,ST15,SKU02654,CUST00572,1,215.5,215.5,Online,0.0,
2023-11-23,RCPT00003823,ST15,SKU04381,CUST00572,1,192.07,192.07,Online,0.0,
2023-11-23,RCPT00003823,ST15,SKU02879,CUST00572,2,131.72,263.44,Online,0.0,
2025-06-05,RCPT00003824,ST14,SKU01672,CUST07489,2,2494.85,4989.7,In-Store,0.0,
2022-06-11,RCPT00003825,ST09,SKU01565,CUST06752,1,1076.02,615.48,Online,42.8,PROMO022
2022-04-06,RCPT00003826,ST01,SKU02243,CUST04067,2,589.04,1178.08,In-Store,0.0,
2022-04-06,RCPT00003826,ST01,SKU03727,CUST04067,2,1660.93,3321.86,In-Store,0.0,
2025-04-27,RCPT00003827,ST19,SKU02769,CUST05630,2,725.22,1450.44,Online,0.0,
2025-04-27,RCPT00003827,ST19,SKU00032,CUST05630,2,51.91,103.82,Online,0.0,
2024-09-01,RCPT00003828,ST19,SKU00029,CUST07021,1,1987.18,1987.18,In-Store,0.0,
2023-11-13,RCPT00003829,ST05,SKU02660,CUST07729,2,81.91,163.82,Online,0.0,
2022-05-24,RCPT00003830,ST10,SKU04321,CUST00750,1,961.3,961.3,Mobile App,0.0,
2022-03-20,RCPT00003831,ST16,SKU04321,CUST04244,5,961.3,4806.5,Online,0.0,
2022-03-20,RCPT00003831,ST16,SKU03903,CUST04244,1,1303.15,1303.15,Online,0.0,
2022-01-08,RCPT00003832,ST02,SKU04321,CUST04028,4,961.3,3845.2,Mobile App,0.0,
2023-06-21,RCPT00003833,ST11,SKU01204,CUST01831,3,2364.73,7094.19,In-Store,0.0,
2023-06-21,RCPT00003833,ST11,SKU02471,CUST01831,2,1364.83,2729.66,In-Store,0.0,
2024-06-16,RCPT00003834,ST20,SKU03507,CUST00640,1,695.35,597.31,Online,14.1,PROMO023
2024-06-16,RCPT00003834,ST20,SKU01937,CUST00640,1,1685.23,1447.61,Online,14.1,PROMO023
2024-06-16,RCPT00003834,ST20,SKU04935,CUST00640,4,623.85,2143.55,Online,14.1,PROMO023
2025-12-18,RCPT00003835,ST20,SKU02046,CUST06359,1,2009.47,2009.47,Online,0.0,
2025-12-18,RCPT00003835,ST20,SKU01927,CUST06359,2,234.12,468.24,Online,0.0,
2023-04-20,RCPT00003836,ST16,SKU04061,CUST00537,3,65.6,196.8,In-Store,0.0,
2023-04-20,RCPT00003836,ST16,SKU04321,CUST00537,2,961.3,1922.6,In-Store,0.0,
2022-04-22,RCPT00003837,ST29,SKU01527,CUST02683,1,82.54,82.54,In-Store,0.0,
2023-10-20,RCPT00003838,ST17,SKU04622,CUST07262,3,2025.83,6077.49,In-Store,0.0,
2023-10-20,RCPT00003838,ST17,SKU03987,CUST07262,1,167.23,85.45,In-Store,48.9,PROMO077
2023-10-20,RCPT00003838,ST17,SKU00045,CUST07262,2,352.71,360.47,In-Store,48.9,PROMO077
2023-07-06,RCPT00003839,ST03,SKU02032,CUST00742,1,90.84,90.84,Online,0.0,
2023-07-06,RCPT00003839,ST03,SKU02401,CUST00742,1,524.47,524.47,Online,0.0,
2023-10-07,RCPT00003840,ST07,SKU03915,CUST05520,4,1708.53,6834.12,In-Store,0.0,
2023-10-07,RCPT00003840,ST07,SKU04321,CUST05520,1,961.3,961.3,In-Store,0.0,
2025-04-05,RCPT00003841,ST29,SKU00443,CUST07241,1,89.0,89.0,In-Store,0.0,
2025-04-05,RCPT00003841,ST29,SKU00364,CUST07241,1,2618.33,2618.33,In-Store,0.0,
2022-01-10,RCPT00003842,ST28,SKU01637,CUST03979,1,193.01,193.01,In-Store,0.0,
2024-04-08,RCPT00003843,ST07,SKU02531,CUST05571,1,143.49,72.03,Online,49.8,PROMO019
2024-04-08,RCPT00003843,ST07,SKU00285,CUST05571,1,505.67,253.85,Online,49.8,PROMO019
2025-04-21,RCPT00003844,ST25,SKU04596,CUST05423,1,335.55,335.55,In-Store,0.0,
2025-11-06,RCPT00003845,ST22,SKU00672,CUST07956,3,756.53,2269.59,In-Store,0.0,
2022-11-05,RCPT00003846,ST21,SKU01279,CUST00290,1,159.69,159.69,Online,0.0,
2024-06-16,RCPT00003847,ST19,SKU02028,CUST09043,1,349.07,299.85,In-Store,14.1,PROMO023
2024-06-16,RCPT00003847,ST19,SKU03535,CUST09043,1,178.62,153.43,In-Store,14.1,PROMO023
2022-07-25,RCPT00003848,ST06,SKU03750,CUST02923,3,148.43,445.29,In-Store,0.0,
2024-10-18,RCPT00003849,ST16,SKU01299,CUST04695,1,2565.74,2565.74,In-Store,0.0,
2024-10-18,RCPT00003849,ST16,SKU04273,CUST04695,1,1786.15,1786.15,In-Store,0.0,
2024-10-18,RCPT00003849,ST16,SKU04277,CUST04695,2,288.73,577.46,In-Store,0.0,
2024-05-12,RCPT00003850,ST15,SKU03081,CUST00256,1,1594.44,1301.06,Online,18.4,PROMO089
2023-07-31,RCPT00003851,ST29,SKU03727,CUST02041,1,1660.93,835.45,In-Store,49.7,PROMO030
2025-09-13,RCPT00003852,ST24,SKU02052,CUST06366,4,277.43,1109.72,In-Store,0.0,
2023-01-07,RCPT00003853,ST24,SKU03125,CUST02000,3,59.03,177.09,In-Store,0.0,
2023-01-07,RCPT00003853,ST24,SKU04309,CUST02000,4,126.84,507.36,In-Store,0.0,
2022-12-27,RCPT00003854,ST06,SKU00002,CUST01074,1,70.38,70.38,In-Store,0.0,
2022-12-27,RCPT00003854,ST06,SKU02067,CUST01074,1,290.9,290.9,In-Store,0.0,
2022-12-27,RCPT00003854,ST06,SKU00033,CUST01074,3,164.5,493.5,In-Store,0.0,
2022-12-27,RCPT00003854,ST06,SKU02306,CUST01074,1,196.62,196.62,In-Store,0.0,
2022-12-27,RCPT00003854,ST06,SKU04154,CUST01074,3,351.77,1055.31,In-Store,0.0,
2022-07-19,RCPT00003855,ST29,SKU00096,CUST02081,2,210.25,420.5,Online,0.0,
2025-07-22,RCPT00003856,ST27,SKU04063,CUST06066,5,471.49,2357.45,In-Store,0.0,
2024-09-16,RCPT00003857,ST24,SKU02740,CUST03447,2,104.22,208.44,In-Store,0.0,
2023-05-24,RCPT00003858,ST08,SKU00243,CUST03150,4,483.9,1935.6,In-Store,0.0,
2023-09-02,RCPT00003859,ST17,SKU04321,CUST04782,5,961.3,4196.07,In-Store,12.7,PROMO010
2022-10-14,RCPT00003860,ST07,SKU03292,CUST03909,3,164.03,492.09,In-Store,0.0,
2024-12-01,RCPT00003861,ST01,SKU03259,CUST01984,2,602.04,1204.08,Mobile App,0.0,
2025-02-26,RCPT00003862,ST24,SKU00392,CUST07123,3,495.32,1485.96,Online,0.0,
2024-12-25,RCPT00003863,ST06,SKU03545,CUST09080,3,401.05,1203.15,In-Store,0.0,
2025-12-26,RCPT00003864,ST09,SKU00862,CUST08908,1,1745.5,1745.5,Online,0.0,
2025-12-26,RCPT00003864,ST09,SKU04321,CUST08908,3,961.3,2883.9,Online,0.0,
2025-12-26,RCPT00003864,ST09,SKU01632,CUST08908,1,354.51,354.51,Online,0.0,
2023-07-29,RCPT00003865,ST07,SKU04530,CUST09091,1,243.09,122.27,Online,49.7,PROMO030
2022-08-11,RCPT00003866,ST28,SKU01203,CUST09410,2,505.24,1010.48,Online,0.0,
2023-01-29,RCPT00003867,ST20,SKU04596,CUST04079,2,335.55,671.1,In-Store,0.0,
2023-01-29,RCPT00003867,ST20,SKU03262,CUST04079,2,239.42,478.84,In-Store,0.0,
2023-10-01,RCPT00003868,ST03,SKU00092,CUST03844,1,809.88,809.88,In-Store,0.0,
2022-10-17,RCPT00003869,ST20,SKU04381,CUST05766,1,192.07,192.07,Mobile App,0.0,
2022-10-17,RCPT00003869,ST20,SKU00432,CUST05766,2,1977.65,3955.3,Mobile App,0.0,
2025-04-06,RCPT00003870,ST29,SKU01435,CUST02082,3,1037.9,3113.7,Online,0.0,
2025-04-06,RCPT00003870,ST29,SKU04318,CUST02082,1,205.5,205.5,Online,0.0,
2025-05-11,RCPT00003871,ST06,SKU03951,CUST03885,5,156.85,784.25,In-Store,0.0,
2023-02-21,RCPT00003872,ST06,SKU02543,CUST09281,2,1956.24,3912.48,Online,0.0,
2023-02-21,RCPT00003872,ST06,SKU04304,CUST09281,4,393.38,1573.52,Online,0.0,
2024-07-03,RCPT00003873,ST20,SKU00836,CUST05114,2,765.01,1184.24,Mobile App,22.6,PROMO045
2024-07-03,RCPT00003873,ST20,SKU04356,CUST05114,2,785.48,1215.92,Mobile App,22.6,PROMO045
2024-07-03,RCPT00003873,ST20,SKU03044,CUST05114,4,74.7,231.27,Mobile App,22.6,PROMO045
2024-07-03,RCPT00003873,ST20,SKU04318,CUST05114,4,205.5,636.23,Mobile App,22.6,PROMO045
2025-12-20,RCPT00003874,ST28,SKU03669,CUST06855,3,1245.54,3736.62,Online,0.0,
2025-12-20,RCPT00003874,ST28,SKU01775,CUST06855,2,204.15,408.3,Online,0.0,
2024-11-19,RCPT00003875,ST14,SKU01469,CUST00733,3,69.23,207.69,Online,0.0,
2022-09-14,RCPT00003876,ST29,SKU03623,CUST02414,2,521.36,1042.72,In-Store,0.0,
2022-09-14,RCPT00003876,ST29,SKU01904,CUST02414,1,280.72,280.72,In-Store,0.0,
2022-09-14,RCPT00003876,ST29,SKU00942,CUST02414,1,172.9,172.9,In-Store,0.0,
2024-11-11,RCPT00003877,ST06,SKU02618,CUST09525,1,245.99,245.99,Online,0.0,
2024-11-11,RCPT00003877,ST06,SKU04455,CUST09525,5,143.47,646.33,Online,9.9,PROMO009
2022-09-23,RCPT00003878,ST12,SKU04321,CUST05702,2,961.3,1922.6,In-Store,0.0,
2022-09-23,RCPT00003878,ST12,SKU03800,CUST05702,2,114.46,228.92,In-Store,0.0,
2022-09-23,RCPT00003878,ST12,SKU02838,CUST05702,1,655.85,655.85,In-Store,0.0,
2022-09-23,RCPT00003878,ST12,SKU00796,CUST05702,3,103.4,310.2,In-Store,0.0,
2022-09-23,RCPT00003878,ST12,SKU00861,CUST05702,1,194.86,194.86,In-Store,0.0,
2025-07-22,RCPT00003879,ST27,SKU01085,CUST01990,3,263.64,790.92,In-Store,0.0,
2025-07-22,RCPT00003879,ST27,SKU03654,CUST01990,1,98.57,98.57,In-Store,0.0,
2025-07-22,RCPT00003879,ST27,SKU02628,CUST01990,1,640.18,640.18,In-Store,0.0,
2025-07-22,RCPT00003879,ST27,SKU02950,CUST01990,1,251.09,251.09,In-Store,0.0,
2025-07-22,RCPT00003879,ST27,SKU03464,CUST01990,1,244.37,244.37,In-Store,0.0,
2024-08-19,RCPT00003880,ST02,SKU04214,CUST08587,1,34.09,34.09,In-Store,0.0,
2023-04-21,RCPT00003881,ST05,SKU02923,CUST05906,2,124.18,248.36,In-Store,0.0,
2023-08-10,RCPT00003882,ST02,SKU01884,CUST05029,1,1125.1,1125.1,Online,0.0,
2023-08-10,RCPT00003882,ST02,SKU00953,CUST05029,1,273.99,207.96,Online,24.1,PROMO093
2024-10-13,RCPT00003883,ST03,SKU04321,CUST04531,2,961.3,1922.6,In-Store,0.0,
2024-10-13,RCPT00003883,ST03,SKU03971,CUST04531,1,1736.31,1736.31,In-Store,0.0,
2024-10-13,RCPT00003883,ST03,SKU03535,CUST04531,2,178.62,357.24,In-Store,0.0,
2023-03-17,RCPT00003884,ST24,SKU03646,CUST02470,1,342.83,318.83,In-Store,7.0,PROMO002
2022-01-26,RCPT00003885,ST17,SKU01153,CUST09770,1,897.4,545.62,Mobile App,39.2,PROMO049
2022-01-26,RCPT00003885,ST17,SKU00416,CUST09770,5,75.12,375.6,Mobile App,0.0,
2023-12-04,RCPT00003886,ST02,SKU04167,CUST00862,1,200.13,200.13,In-Store,0.0,
2023-12-04,RCPT00003886,ST02,SKU02067,CUST00862,3,290.9,872.7,In-Store,0.0,
2023-11-02,RCPT00003887,ST27,SKU04571,CUST06574,5,868.52,4342.6,In-Store,0.0,
2023-11-02,RCPT00003887,ST27,SKU01357,CUST06574,2,1062.03,1183.1,In-Store,44.3,PROMO048
2023-11-02,RCPT00003887,ST27,SKU03727,CUST06574,1,1660.93,1660.93,In-Store,0.0,
2025-05-09,RCPT00003888,ST22,SKU02740,CUST02273,3,104.22,312.66,Mobile App,0.0,
2023-10-17,RCPT00003889,ST24,SKU04924,CUST08610,2,2799.28,5598.56,Mobile App,0.0,
2023-10-17,RCPT00003889,ST24,SKU02725,CUST08610,3,136.0,408.0,Mobile App,0.0,
2023-10-17,RCPT00003889,ST24,SKU00068,CUST08610,5,266.94,1334.7,Mobile App,0.0,
2022-09-27,RCPT00003890,ST30,SKU00953,CUST00135,3,273.99,821.97,Online,0.0,
2022-09-27,RCPT00003890,ST30,SKU00690,CUST00135,3,492.94,1478.82,Online,0.0,
2024-05-06,RCPT00003891,ST06,SKU01853,CUST06435,3,206.97,620.91,In-Store,0.0,
2024-01-08,RCPT00003892,ST07,SKU00559,CUST04217,3,118.81,356.43,In-Store,0.0,
2023-09-18,RCPT00003893,ST03,SKU02930,CUST02799,4,170.16,680.64,In-Store,0.0,
2023-09-18,RCPT00003893,ST03,SKU01439,CUST02799,2,987.75,1975.5,In-Store,0.0,
2023-06-10,RCPT00003894,ST13,SKU02040,CUST01770,4,1563.18,3757.88,Online,39.9,PROMO040
2023-06-10,RCPT00003894,ST13,SKU03240,CUST01770,2,1042.33,1252.88,Online,39.9,PROMO040
2023-06-10,RCPT00003894,ST13,SKU03422,CUST01770,1,1121.44,673.99,Online,39.9,PROMO040
2025-09-19,RCPT00003895,ST10,SKU00263,CUST04909,3,443.51,1330.53,In-Store,0.0,
2025-09-19,RCPT00003895,ST10,SKU01387,CUST04909,4,236.41,945.64,In-Store,0.0,
2025-09-19,RCPT00003895,ST10,SKU01420,CUST04909,1,213.65,213.65,In-Store,0.0,
2022-12-03,RCPT00003896,ST17,SKU00929,CUST09924,2,158.05,316.1,Online,0.0,
2022-12-03,RCPT00003896,ST17,SKU04648,CUST09924,2,73.65,147.3,Online,0.0,
2024-11-10,RCPT00003897,ST07,SKU03536,CUST07576,1,127.11,127.11,In-Store,0.0,
2024-11-10,RCPT00003897,ST07,SKU01176,CUST07576,1,95.51,86.05,In-Store,9.9,PROMO009
2024-11-10,RCPT00003897,ST07,SKU02283,CUST07576,4,87.82,351.28,In-Store,0.0,
2025-03-19,RCPT00003898,ST09,SKU01547,CUST04830,1,165.64,165.64,Mobile App,0.0,
2023-11-15,RCPT00003899,ST19,SKU03643,CUST00342,1,259.02,259.02,Online,0.0,
2024-09-25,RCPT00003900,ST11,SKU02284,CUST08625,2,238.86,348.74,In-Store,27.0,PROMO094
2024-09-25,RCPT00003900,ST11,SKU00386,CUST08625,1,139.48,101.82,In-Store,27.0,PROMO094
2023-01-03,RCPT00003901,ST07,SKU02692,CUST02084,4,2095.03,7659.43,In-Store,8.6,PROMO095
2024-09-03,RCPT00003902,ST08,SKU00994,CUST06421,3,602.13,1806.39,Online,0.0,
2024-09-03,RCPT00003902,ST08,SKU03623,CUST06421,2,521.36,1042.72,Online,0.0,
2023-07-01,RCPT00003903,ST29,SKU04453,CUST04751,2,265.58,531.16,Online,0.0,
2024-05-03,RCPT00003904,ST05,SKU01281,CUST01423,2,181.51,363.02,Mobile App,0.0,
2023-01-24,RCPT00003905,ST25,SKU02536,CUST09792,1,406.19,406.19,Online,0.0,
2024-09-21,RCPT00003906,ST21,SKU00216,CUST09969,1,678.4,678.4,Online,0.0,
2024-09-21,RCPT00003906,ST21,SKU02350,CUST09969,2,194.08,388.16,Online,0.0,
2024-09-21,RCPT00003906,ST21,SKU04280,CUST09969,1,318.92,318.92,Online,0.0,
2024-09-21,RCPT00003906,ST21,SKU02725,CUST09969,2,136.0,272.0,Online,0.0,
2023-12-12,RCPT00003907,ST30,SKU04178,CUST09960,2,295.35,590.7,In-Store,0.0,
2023-12-12,RCPT00003907,ST30,SKU01913,CUST09960,2,208.36,416.72,In-Store,0.0,
2022-07-20,RCPT00003908,ST14,SKU03302,CUST00812,4,426.07,959.51,Mobile App,43.7,PROMO026
2025-07-08,RCPT00003909,ST29,SKU00125,CUST09037,4,477.75,1911.0,In-Store,0.0,
2025-07-08,RCPT00003909,ST29,SKU02493,CUST09037,1,212.9,212.9,In-Store,0.0,
2025-05-16,RCPT00003910,ST20,SKU04731,CUST09813,1,98.95,98.95,In-Store,0.0,
2025-05-16,RCPT00003910,ST20,SKU00016,CUST09813,3,3478.65,10435.95,In-Store,0.0,
2025-05-16,RCPT00003910,ST20,SKU03438,CUST09813,2,1292.78,2585.56,In-Store,0.0,
2023-12-20,RCPT00003911,ST01,SKU03486,CUST06690,2,494.17,988.34,In-Store,0.0,
2023-10-27,RCPT00003912,ST06,SKU01353,CUST06417,3,79.89,239.67,In-Store,0.0,
2024-09-28,RCPT00003913,ST05,SKU00994,CUST08416,2,602.13,879.11,Mobile App,27.0,PROMO094
2025-04-14,RCPT00003914,ST28,SKU04154,CUST09338,1,351.77,351.77,In-Store,0.0,
2025-04-14,RCPT00003914,ST28,SKU02167,CUST09338,2,189.86,265.04,In-Store,30.2,PROMO090
2025-04-14,RCPT00003914,ST28,SKU04565,CUST09338,2,464.62,929.24,In-Store,0.0,
2025-04-14,RCPT00003914,ST28,SKU03318,CUST09338,2,348.98,697.96,In-Store,0.0,
2023-11-22,RCPT00003915,ST28,SKU02087,CUST01431,4,62.98,251.92,Online,0.0,
2023-11-22,RCPT00003915,ST28,SKU02439,CUST01431,2,307.32,614.64,Online,0.0,
2025-04-25,RCPT00003916,ST12,SKU04156,CUST06565,2,3610.04,7220.08,In-Store,0.0,
2025-04-25,RCPT00003916,ST12,SKU01866,CUST06565,1,264.81,264.81,In-Store,0.0,
2023-09-26,RCPT00003917,ST01,SKU02992,CUST05232,1,368.13,368.13,In-Store,0.0,
2023-09-26,RCPT00003917,ST01,SKU02253,CUST05232,3,1411.83,4235.49,In-Store,0.0,
2023-09-26,RCPT00003917,ST01,SKU03040,CUST05232,1,2390.56,2390.56,In-Store,0.0,
2023-09-26,RCPT00003917,ST01,SKU03727,CUST05232,3,1660.93,4982.79,In-Store,0.0,
2024-10-09,RCPT00003918,ST21,SKU04032,CUST00201,2,203.7,407.4,In-Store,0.0,
2024-12-30,RCPT00003919,ST15,SKU03154,CUST09081,1,110.82,110.82,In-Store,0.0,
2022-04-19,RCPT00003920,ST15,SKU00632,CUST05436,1,1003.77,1003.77,Online,0.0,
2022-04-19,RCPT00003920,ST15,SKU01446,CUST05436,1,192.93,192.93,Online,0.0,
2022-04-19,RCPT00003920,ST15,SKU03725,CUST05436,1,977.64,977.64,Online,0.0,
2022-04-19,RCPT00003920,ST15,SKU04508,CUST05436,1,375.55,375.55,Online,0.0,
2022-02-15,RCPT00003921,ST04,SKU04929,CUST05866,3,745.44,2236.32,Mobile App,0.0,
2022-02-15,RCPT00003921,ST04,SKU04377,CUST05866,1,152.67,152.67,Mobile App,0.0,
2022-02-15,RCPT00003921,ST04,SKU04616,CUST05866,3,223.77,618.28,Mobile App,7.9,PROMO096
2022-02-15,RCPT00003921,ST04,SKU03723,CUST05866,2,912.9,1825.8,Mobile App,0.0,
2022-02-15,RCPT00003921,ST04,SKU03435,CUST05866,2,833.81,1667.62,Mobile App,0.0,
2023-06-10,RCPT00003922,ST07,SKU04321,CUST01921,4,961.3,2310.97,Mobile App,39.9,PROMO040
2022-03-06,RCPT00003923,ST11,SKU04321,CUST08739,1,961.3,961.3,Online,0.0,
2022-03-06,RCPT00003923,ST11,SKU00691,CUST08739,1,368.73,368.73,Online,0.0,
2022-03-06,RCPT00003923,ST11,SKU02176,CUST08739,5,989.87,4949.35,Online,0.0,
2025-04-17,RCPT00003924,ST22,SKU04596,CUST08661,2,335.55,671.1,Online,0.0,
2025-04-17,RCPT00003924,ST22,SKU03027,CUST08661,4,724.38,2897.52,Online,0.0,
2025-08-10,RCPT00003925,ST22,SKU03352,CUST05001,3,538.86,1616.58,In-Store,0.0,
2023-09-21,RCPT00003926,ST30,SKU04919,CUST01629,1,374.09,374.09,Online,0.0,
2024-11-09,RCPT00003927,ST20,SKU04321,CUST03806,1,961.3,961.3,Mobile App,0.0,
2024-10-31,RCPT00003928,ST29,SKU01317,CUST09102,3,644.83,1934.49,Online,0.0,
2024-10-31,RCPT00003928,ST29,SKU04321,CUST09102,2,961.3,1922.6,Online,0.0,
2024-10-31,RCPT00003928,ST29,SKU02610,CUST09102,2,467.88,935.76,Online,0.0,
2024-02-18,RCPT00003929,ST28,SKU02705,CUST08594,4,3268.55,13074.2,In-Store,0.0,
2023-01-11,RCPT00003930,ST29,SKU02538,CUST00894,3,216.58,649.74,In-Store,0.0,
2022-02-15,RCPT00003931,ST04,SKU03057,CUST01443,3,206.34,619.02,In-Store,0.0,
2025-10-18,RCPT00003932,ST17,SKU04479,CUST03362,1,1328.83,1328.83,In-Store,0.0,
2025-10-18,RCPT00003932,ST17,SKU01403,CUST03362,3,734.76,2204.28,In-Store,0.0,
2025-10-18,RCPT00003932,ST17,SKU03883,CUST03362,1,181.52,181.52,In-Store,0.0,
2025-10-18,RCPT00003932,ST17,SKU02015,CUST03362,2,104.06,208.12,In-Store,0.0,
2025-10-18,RCPT00003932,ST17,SKU01645,CUST03362,1,448.03,448.03,In-Store,0.0,
2024-12-30,RCPT00003933,ST11,SKU04321,CUST00911,1,961.3,961.3,Mobile App,0.0,
2025-06-04,RCPT00003934,ST29,SKU01189,CUST06984,4,2299.8,9199.2,Online,0.0,
2024-11-12,RCPT00003935,ST02,SKU04368,CUST03195,2,303.19,606.38,In-Store,0.0,
2023-02-16,RCPT00003936,ST24,SKU04383,CUST09995,2,1576.66,3153.32,Mobile App,0.0,
2023-02-16,RCPT00003936,ST24,SKU04248,CUST09995,3,158.02,474.06,Mobile App,0.0,
2024-01-03,RCPT00003937,ST27,SKU04783,CUST09649,1,1943.37,1362.3,Mobile App,29.9,PROMO043
2022-08-25,RCPT00003938,ST24,SKU04596,CUST06543,1,335.55,335.55,In-Store,0.0,
2024-11-27,RCPT00003939,ST19,SKU03784,CUST08232,2,1234.71,2469.42,In-Store,0.0,
2023-12-17,RCPT00003940,ST04,SKU03752,CUST02356,2,119.85,239.7,Mobile App,0.0,
2022-11-22,RCPT00003941,ST13,SKU00552,CUST05989,2,775.4,1550.8,Online,0.0,
2024-11-02,RCPT00003942,ST29,SKU04462,CUST03248,3,191.58,574.74,In-Store,0.0,
2023-10-18,RCPT00003943,ST04,SKU00758,CUST07227,4,109.39,437.56,Mobile App,0.0,
2023-10-18,RCPT00003943,ST04,SKU02247,CUST07227,1,179.3,179.3,Mobile App,0.0,
2022-12-02,RCPT00003944,ST27,SKU03571,CUST03674,1,1043.87,844.49,In-Store,19.1,PROMO086
2022-12-02,RCPT00003944,ST27,SKU02272,CUST03674,3,2530.84,7592.52,In-Store,0.0,
2024-04-27,RCPT00003945,ST17,SKU00002,CUST08222,1,70.38,70.38,Online,0.0,
2022-06-10,RCPT00003946,ST29,SKU03878,CUST06879,2,123.56,141.35,In-Store,42.8,PROMO022
2022-12-21,RCPT00003947,ST22,SKU01510,CUST06577,1,89.78,89.78,Mobile App,0.0,
2022-12-21,RCPT00003947,ST22,SKU00824,CUST06577,1,391.75,391.75,Mobile App,0.0,
2024-03-07,RCPT00003948,ST11,SKU02346,CUST04832,3,74.12,124.97,In-Store,43.8,PROMO075
2024-03-07,RCPT00003948,ST11,SKU00004,CUST04832,1,233.64,131.31,In-Store,43.8,PROMO075
2024-04-30,RCPT00003949,ST19,SKU02340,CUST06223,4,234.67,938.68,In-Store,0.0,
2022-02-14,RCPT00003950,ST21,SKU03727,CUST04504,5,1660.93,8304.65,In-Store,0.0,
2023-09-06,RCPT00003951,ST28,SKU04571,CUST05557,1,868.52,758.22,In-Store,12.7,PROMO010
2023-09-06,RCPT00003951,ST28,SKU00787,CUST05557,1,134.46,117.38,In-Store,12.7,PROMO010
2024-03-05,RCPT00003952,ST14,SKU04677,CUST03621,3,167.85,503.55,Mobile App,0.0,
2024-03-05,RCPT00003952,ST14,SKU03344,CUST03621,2,941.86,1883.72,Mobile App,0.0,
2024-03-05,RCPT00003952,ST14,SKU03057,CUST03621,1,206.34,206.34,Mobile App,0.0,
2025-06-21,RCPT00003953,ST06,SKU00350,CUST06163,1,492.43,492.43,In-Store,0.0,
2023-08-08,RCPT00003954,ST07,SKU04933,CUST05565,1,184.36,92.73,Online,49.7,PROMO030
2023-08-08,RCPT00003954,ST07,SKU03422,CUST05565,2,1121.44,1128.17,Online,49.7,PROMO030
2023-08-08,RCPT00003954,ST07,SKU00359,CUST05565,1,210.99,106.13,Online,49.7,PROMO030
2023-08-08,RCPT00003954,ST07,SKU00285,CUST05565,1,505.67,254.35,Online,49.7,PROMO030
2022-12-24,RCPT00003955,ST29,SKU04868,CUST05433,3,647.03,1941.09,Online,0.0,
2022-12-24,RCPT00003955,ST29,SKU03052,CUST05433,2,2242.35,4484.7,Online,0.0,
2022-12-24,RCPT00003955,ST29,SKU00823,CUST05433,2,183.03,366.06,Online,0.0,
2022-12-24,RCPT00003955,ST29,SKU00340,CUST05433,4,234.66,938.64,Online,0.0,
2025-03-07,RCPT00003956,ST07,SKU02850,CUST06271,1,261.58,261.58,Online,0.0,
2025-03-07,RCPT00003956,ST07,SKU02649,CUST06271,3,1521.83,4565.49,Online,0.0,
2025-05-31,RCPT00003957,ST30,SKU01469,CUST07220,3,69.23,207.69,In-Store,0.0,
2025-05-08,RCPT00003958,ST30,SKU04680,CUST00349,2,142.59,285.18,In-Store,0.0,
2025-05-08,RCPT00003958,ST30,SKU04154,CUST00349,4,351.77,1407.08,In-Store,0.0,
2022-07-15,RCPT00003959,ST30,SKU03392,CUST06845,1,1170.37,1170.37,Online,0.0,
2022-07-15,RCPT00003959,ST30,SKU02096,CUST06845,1,674.25,674.25,Online,0.0,
2022-07-15,RCPT00003959,ST30,SKU00134,CUST06845,2,199.86,399.72,Online,0.0,
2022-12-16,RCPT00003960,ST22,SKU03660,CUST02407,4,340.18,1360.72,Mobile App,0.0,
2022-12-16,RCPT00003960,ST22,SKU04321,CUST02407,1,961.3,961.3,Mobile App,0.0,
2024-09-19,RCPT00003961,ST25,SKU01796,CUST05487,1,75.33,75.33,Mobile App,0.0,
2024-09-19,RCPT00003961,ST25,SKU00050,CUST05487,3,34.08,102.24,Mobile App,0.0,
2024-09-19,RCPT00003961,ST25,SKU03118,CUST05487,1,1561.39,1561.39,Mobile App,0.0,
2024-09-19,RCPT00003961,ST25,SKU01469,CUST05487,3,69.23,207.69,Mobile App,0.0,
2024-09-19,RCPT00003961,ST25,SKU01301,CUST05487,2,478.27,956.54,Mobile App,0.0,
2022-04-05,RCPT00003962,ST03,SKU04321,CUST07241,1,961.3,961.3,In-Store,0.0,
2022-04-05,RCPT00003962,ST03,SKU01618,CUST07241,2,283.48,566.96,In-Store,0.0,
2022-10-12,RCPT00003963,ST17,SKU00275,CUST02564,1,188.3,188.3,Mobile App,0.0,
2024-02-12,RCPT00003964,ST05,SKU02820,CUST05314,4,859.3,3437.2,Mobile App,0.0,
2023-07-27,RCPT00003965,ST07,SKU00942,CUST01496,3,172.9,260.91,In-Store,49.7,PROMO030
2023-07-27,RCPT00003965,ST07,SKU02678,CUST01496,2,159.07,160.02,In-Store,49.7,PROMO030
2023-07-27,RCPT00003965,ST07,SKU03034,CUST01496,2,232.5,233.89,In-Store,49.7,PROMO030
2023-07-27,RCPT00003965,ST07,SKU01972,CUST01496,5,81.24,204.32,In-Store,49.7,PROMO030
2023-07-27,RCPT00003965,ST07,SKU03278,CUST01496,1,1619.2,814.46,In-Store,49.7,PROMO030
2022-11-29,RCPT00003966,ST07,SKU01485,CUST01111,1,476.18,476.18,In-Store,0.0,
2022-11-29,RCPT00003966,ST07,SKU04321,CUST01111,4,961.3,3845.2,In-Store,0.0,
2025-09-16,RCPT00003967,ST30,SKU03727,CUST08137,1,1660.93,1660.93,In-Store,0.0,
2023-01-04,RCPT00003968,ST27,SKU02954,CUST05541,2,603.3,1206.6,In-Store,0.0,
2023-01-04,RCPT00003968,ST27,SKU01942,CUST05541,1,85.64,85.64,In-Store,0.0,
2023-08-09,RCPT00003969,ST13,SKU04381,CUST03744,1,192.07,192.07,In-Store,0.0,
2024-03-17,RCPT00003970,ST24,SKU01547,CUST08183,1,165.64,93.09,In-Store,43.8,PROMO075
2024-03-17,RCPT00003970,ST24,SKU03072,CUST08183,1,201.4,113.19,In-Store,43.8,PROMO075
2024-03-17,RCPT00003970,ST24,SKU04317,CUST08183,2,1598.65,1796.88,In-Store,43.8,PROMO075
2024-12-20,RCPT00003971,ST18,SKU02767,CUST06323,1,1557.51,1557.51,In-Store,0.0,
2024-12-20,RCPT00003971,ST18,SKU03812,CUST06323,2,1167.25,2334.5,In-Store,0.0,
2024-05-01,RCPT00003972,ST17,SKU03484,CUST02644,4,1430.82,5723.28,In-Store,0.0,
2024-05-01,RCPT00003972,ST17,SKU00891,CUST02644,3,900.14,2700.42,In-Store,0.0,
2024-05-01,RCPT00003972,ST17,SKU03600,CUST02644,2,708.02,1416.04,In-Store,0.0,
2022-06-30,RCPT00003973,ST30,SKU04096,CUST02649,2,155.65,311.3,In-Store,0.0,
2025-09-13,RCPT00003974,ST13,SKU00282,CUST07762,1,3095.83,3095.83,In-Store,0.0,
2025-09-13,RCPT00003974,ST13,SKU04450,CUST07762,3,507.9,1523.7,In-Store,0.0,
2022-04-07,RCPT00003975,ST06,SKU04032,CUST02668,3,203.7,611.1,In-Store,0.0,
2022-06-30,RCPT00003976,ST08,SKU03285,CUST06381,4,61.67,246.68,Online,0.0,
2024-05-03,RCPT00003977,ST11,SKU00180,CUST07316,1,770.72,770.72,In-Store,0.0,
2024-05-03,RCPT00003977,ST11,SKU00453,CUST07316,3,382.55,1147.65,In-Store,0.0,
2025-06-27,RCPT00003978,ST29,SKU03743,CUST02046,2,253.24,506.48,In-Store,0.0,
2025-06-27,RCPT00003978,ST29,SKU04298,CUST02046,3,120.34,361.02,In-Store,0.0,
2025-08-10,RCPT00003979,ST05,SKU04971,CUST00919,1,1795.74,1795.74,In-Store,0.0,
2025-08-10,RCPT00003979,ST05,SKU02806,CUST00919,1,82.03,82.03,In-Store,0.0,
2025-08-10,RCPT00003979,ST05,SKU02826,CUST00919,5,438.33,2191.65,In-Store,0.0,
2023-10-07,RCPT00003980,ST30,SKU04929,CUST09974,2,745.44,1490.88,In-Store,0.0,
2024-03-04,RCPT00003981,ST09,SKU03929,CUST00099,3,126.5,379.5,In-Store,0.0,
2024-03-04,RCPT00003981,ST09,SKU00190,CUST00099,1,145.42,145.42,In-Store,0.0,
2024-03-04,RCPT00003981,ST09,SKU03590,CUST00099,3,3078.0,9234.0,In-Store,0.0,
2024-03-04,RCPT00003981,ST09,SKU04171,CUST00099,1,652.08,652.08,In-Store,0.0,
2024-03-04,RCPT00003981,ST09,SKU02666,CUST00099,4,57.14,228.56,In-Store,0.0,
2025-08-28,RCPT00003982,ST05,SKU04936,CUST09822,4,328.89,1315.56,Online,0.0,
2025-08-28,RCPT00003982,ST05,SKU01775,CUST09822,1,204.15,204.15,Online,0.0,
2024-02-16,RCPT00003983,ST21,SKU01211,CUST01249,1,261.45,261.45,Online,0.0,
2024-05-20,RCPT00003984,ST23,SKU04155,CUST01029,1,2612.22,2612.22,Online,0.0,
2022-12-27,RCPT00003985,ST15,SKU04426,CUST07644,2,2055.78,4111.56,In-Store,0.0,
2022-12-27,RCPT00003985,ST15,SKU04404,CUST07644,2,240.58,481.16,In-Store,0.0,
2022-05-11,RCPT00003986,ST10,SKU01681,CUST02483,1,544.45,544.45,In-Store,0.0,
2023-08-12,RCPT00003987,ST15,SKU00002,CUST07409,4,70.38,281.52,In-Store,0.0,
2023-08-12,RCPT00003987,ST15,SKU03014,CUST07409,1,150.16,150.16,In-Store,0.0,
2023-09-29,RCPT00003988,ST30,SKU04748,CUST08446,1,553.81,553.81,In-Store,0.0,
2023-09-29,RCPT00003988,ST30,SKU00920,CUST08446,1,114.73,114.73,In-Store,0.0,
2023-09-29,RCPT00003988,ST30,SKU01030,CUST08446,3,224.5,673.5,In-Store,0.0,
2025-04-25,RCPT00003989,ST26,SKU03960,CUST02734,1,171.93,171.93,In-Store,0.0,
2025-04-25,RCPT00003989,ST26,SKU01890,CUST02734,1,119.43,119.43,In-Store,0.0,
2023-07-19,RCPT00003990,ST08,SKU01223,CUST00040,1,271.98,271.98,In-Store,0.0,
2023-07-19,RCPT00003990,ST08,SKU01164,CUST00040,1,241.81,241.81,In-Store,0.0,
2023-03-20,RCPT00003991,ST24,SKU00893,CUST09055,1,690.66,642.31,Mobile App,7.0,PROMO002
2023-03-20,RCPT00003991,ST24,SKU03101,CUST09055,1,242.48,225.51,Mobile App,7.0,PROMO002
2025-11-22,RCPT00003992,ST11,SKU04170,CUST00102,1,393.34,393.34,In-Store,0.0,
2022-02-19,RCPT00003993,ST28,SKU01072,CUST05262,1,827.35,827.35,In-Store,0.0,
2022-02-19,RCPT00003993,ST28,SKU02769,CUST05262,4,725.22,2900.88,In-Store,0.0,
2024-08-12,RCPT00003994,ST08,SKU04321,CUST08610,1,961.3,961.3,Online,0.0,
2025-05-03,RCPT00003995,ST23,SKU02617,CUST05861,2,764.09,1528.18,In-Store,0.0,
2025-01-03,RCPT00003996,ST21,SKU01088,CUST00780,1,183.33,183.33,In-Store,0.0,
2023-07-14,RCPT00003997,ST24,SKU04321,CUST09119,2,961.3,1922.6,Online,0.0,
2023-07-14,RCPT00003998,ST17,SKU01448,CUST00982,5,668.35,3341.75,In-Store,0.0,
2023-02-04,RCPT00003999,ST16,SKU04596,CUST06160,2,335.55,671.1,Online,0.0,
2023-02-04,RCPT00003999,ST16,SKU04386,CUST06160,2,837.35,1674.7,Online,0.0,
2023-02-04,RCPT00003999,ST16,SKU04977,CUST06160,5,41.59,207.95,Online,0.0,
2025-07-20,RCPT00004000,ST29,SKU04838,CUST07125,3,110.85,332.55,In-Store,0.0,
2025-07-20,RCPT00004000,ST29,SKU04408,CUST07125,1,667.56,667.56,In-Store,0.0,
2025-07-20,RCPT00004000,ST29,SKU04157,CUST07125,3,2678.35,8035.05,In-Store,0.0,
2023-11-07,RCPT00004001,ST06,SKU04156,CUST04452,1,3610.04,3610.04,In-Store,0.0,
2023-11-07,RCPT00004001,ST06,SKU02486,CUST04452,1,279.85,279.85,In-Store,0.0,
2023-11-07,RCPT00004001,ST06,SKU04321,CUST04452,1,961.3,961.3,In-Store,0.0,
2023-06-07,RCPT00004002,ST18,SKU04162,CUST01058,2,364.89,438.6,Mobile App,39.9,PROMO040
2023-06-07,RCPT00004002,ST18,SKU00269,CUST01058,1,170.73,102.61,Mobile App,39.9,PROMO040
2023-06-07,RCPT00004002,ST18,SKU01045,CUST01058,1,451.29,271.23,Mobile App,39.9,PROMO040
2025-03-18,RCPT00004003,ST24,SKU04058,CUST08389,1,74.66,74.66,In-Store,0.0,
2023-05-19,RCPT00004004,ST18,SKU02436,CUST02942,1,410.2,410.2,Online,0.0,
2023-05-19,RCPT00004004,ST18,SKU01199,CUST02942,1,2539.08,2539.08,Online,0.0,
2024-03-05,RCPT00004005,ST23,SKU02088,CUST03267,2,69.31,138.62,Online,0.0,
2023-08-27,RCPT00004006,ST20,SKU00913,CUST08575,3,77.47,202.89,In-Store,12.7,PROMO010
2023-08-27,RCPT00004006,ST20,SKU00977,CUST08575,4,921.45,3217.7,In-Store,12.7,PROMO010
2023-08-27,RCPT00004006,ST20,SKU00541,CUST08575,1,161.25,122.39,In-Store,24.1,PROMO093
2023-08-27,RCPT00004006,ST20,SKU04154,CUST08575,3,351.77,921.29,In-Store,12.7,PROMO010
2023-08-27,RCPT00004006,ST20,SKU01731,CUST08575,2,224.15,391.37,In-Store,12.7,PROMO010
2023-09-28,RCPT00004007,ST09,SKU01539,CUST06884,2,347.54,695.08,Online,0.0,
2023-09-28,RCPT00004007,ST09,SKU01273,CUST06884,3,672.35,2017.05,Online,0.0,
2025-08-18,RCPT00004008,ST20,SKU02398,CUST03647,3,682.66,2047.98,Mobile App,0.0,
2025-12-24,RCPT00004009,ST21,SKU04105,CUST04043,2,464.78,929.56,Online,0.0,
2025-12-24,RCPT00004009,ST21,SKU01600,CUST04043,2,419.03,838.06,Online,0.0,
2024-11-12,RCPT00004010,ST12,SKU00728,CUST03039,1,3555.73,3555.73,In-Store,0.0,
2024-11-12,RCPT00004010,ST12,SKU03840,CUST03039,1,255.12,255.12,In-Store,0.0,
2025-11-08,RCPT00004011,ST07,SKU04408,CUST01733,2,667.56,1335.12,In-Store,0.0,
2025-05-25,RCPT00004012,ST06,SKU01152,CUST09715,1,486.03,486.03,Online,0.0,
2023-05-11,RCPT00004013,ST03,SKU01966,CUST01753,1,110.6,110.6,In-Store,0.0,
2025-10-08,RCPT00004014,ST30,SKU00146,CUST05822,2,703.46,1406.92,Mobile App,0.0,
2025-10-08,RCPT00004014,ST30,SKU00942,CUST05822,2,172.9,345.8,Mobile App,0.0,
2022-10-08,RCPT00004015,ST14,SKU00538,CUST02219,1,1101.07,1101.07,In-Store,0.0,
2022-10-08,RCPT00004015,ST14,SKU04157,CUST02219,2,2678.35,5356.7,In-Store,0.0,
2022-10-08,RCPT00004015,ST14,SKU00953,CUST02219,4,273.99,1095.96,In-Store,0.0,
2025-09-02,RCPT00004016,ST09,SKU04321,CUST01752,1,961.3,961.3,In-Store,0.0,
2023-06-14,RCPT00004017,ST08,SKU04738,CUST05374,2,768.39,1536.78,Mobile App,0.0,
2023-06-14,RCPT00004017,ST08,SKU03253,CUST05374,1,94.95,94.95,Mobile App,0.0,
2025-03-31,RCPT00004018,ST30,SKU02319,CUST09194,3,111.7,335.1,In-Store,0.0,
2025-03-31,RCPT00004018,ST30,SKU03385,CUST09194,3,153.8,322.06,In-Store,30.2,PROMO090
2022-12-24,RCPT00004019,ST29,SKU00133,CUST00661,1,1722.93,1574.76,In-Store,8.6,PROMO095
2025-01-01,RCPT00004020,ST02,SKU03196,CUST02327,1,837.3,837.3,Online,0.0,
2023-01-15,RCPT00004021,ST22,SKU01604,CUST03381,2,127.93,255.86,Online,0.0,
2023-01-15,RCPT00004021,ST22,SKU02368,CUST03381,1,849.39,849.39,Online,0.0,
2022-02-16,RCPT00004022,ST18,SKU03162,CUST04779,2,365.6,731.2,In-Store,0.0,
2023-10-14,RCPT00004023,ST30,SKU04926,CUST04959,2,458.92,917.84,In-Store,0.0,
2023-10-14,RCPT00004023,ST30,SKU00998,CUST04959,1,2284.54,2284.54,In-Store,0.0,
2023-10-14,RCPT00004023,ST30,SKU01122,CUST04959,1,145.52,145.52,In-Store,0.0,
2022-11-01,RCPT00004024,ST30,SKU04321,CUST08127,1,961.3,961.3,Online,0.0,
2025-11-30,RCPT00004025,ST06,SKU00619,CUST00432,2,263.71,527.42,Mobile App,0.0,
2025-05-23,RCPT00004026,ST03,SKU04596,CUST09051,2,335.55,671.1,Mobile App,0.0,
2025-05-23,RCPT00004026,ST03,SKU02144,CUST09051,1,2699.17,2699.17,Mobile App,0.0,
2024-08-30,RCPT00004027,ST24,SKU04254,CUST08070,3,105.82,317.46,Mobile App,0.0,
2025-05-17,RCPT00004028,ST08,SKU04321,CUST04949,3,961.3,2883.9,In-Store,0.0,
2025-05-17,RCPT00004028,ST08,SKU02409,CUST04949,3,197.05,591.15,In-Store,0.0,
2025-05-17,RCPT00004028,ST08,SKU00782,CUST04949,3,1731.92,5195.76,In-Store,0.0,
2024-01-20,RCPT00004029,ST10,SKU03957,CUST06198,1,88.38,88.38,Online,0.0,
2024-01-20,RCPT00004029,ST10,SKU04321,CUST06198,1,961.3,961.3,Online,0.0,
2024-04-08,RCPT00004030,ST14,SKU00639,CUST05357,2,853.59,857.0,Online,49.8,PROMO019
2024-04-08,RCPT00004030,ST14,SKU03271,CUST05357,2,587.02,589.37,Online,49.8,PROMO019
2024-04-08,RCPT00004030,ST14,SKU01142,CUST05357,2,424.49,426.19,Online,49.8,PROMO019
2024-04-08,RCPT00004030,ST14,SKU02431,CUST05357,1,430.58,216.15,Online,49.8,PROMO019
2022-08-04,RCPT00004031,ST20,SKU00201,CUST01014,1,848.32,848.32,Online,0.0,
2022-08-04,RCPT00004031,ST20,SKU03893,CUST01014,1,1643.55,1643.55,Online,0.0,
2022-08-04,RCPT00004031,ST20,SKU00332,CUST01014,4,1670.05,6680.2,Online,0.0,
2022-04-09,RCPT00004032,ST10,SKU04571,CUST04011,5,868.52,4342.6,Online,0.0,
2022-04-09,RCPT00004032,ST10,SKU00406,CUST04011,2,373.11,746.22,Online,0.0,
2024-02-25,RCPT00004033,ST20,SKU04321,CUST02499,2,961.3,1922.6,Online,0.0,
2024-02-25,RCPT00004033,ST20,SKU04321,CUST02499,1,961.3,961.3,Online,0.0,
2024-01-01,RCPT00004034,ST04,SKU02901,CUST02643,1,1081.76,758.31,In-Store,29.9,PROMO043
2024-12-15,RCPT00004035,ST17,SKU01433,CUST00167,2,794.12,1588.24,Online,0.0,
2024-12-15,RCPT00004035,ST17,SKU03727,CUST00167,2,1660.93,3321.86,Online,0.0,
2024-12-04,RCPT00004036,ST01,SKU02731,CUST04108,1,130.96,130.96,In-Store,0.0,
2024-12-04,RCPT00004036,ST01,SKU00396,CUST04108,4,394.96,1579.84,In-Store,0.0,
2024-12-04,RCPT00004036,ST01,SKU01587,CUST04108,5,939.45,4697.25,In-Store,0.0,
2025-12-20,RCPT00004037,ST17,SKU00002,CUST00610,1,70.38,70.38,Online,0.0,
2022-11-04,RCPT00004038,ST17,SKU04318,CUST00155,2,205.5,411.0,In-Store,0.0,
2023-08-13,RCPT00004039,ST19,SKU04423,CUST08970,1,225.6,225.6,In-Store,0.0,
2023-08-13,RCPT00004039,ST19,SKU04461,CUST08970,3,146.84,440.52,In-Store,0.0,
2024-11-18,RCPT00004040,ST18,SKU01241,CUST02495,2,192.42,384.84,In-Store,0.0,
2024-11-18,RCPT00004040,ST18,SKU00650,CUST02495,1,282.54,282.54,In-Store,0.0,
2024-11-18,RCPT00004040,ST18,SKU04362,CUST02495,3,233.42,700.26,In-Store,0.0,
2023-10-17,RCPT00004041,ST14,SKU02323,CUST04064,3,422.47,1267.41,In-Store,0.0,
2023-10-17,RCPT00004041,ST14,SKU00443,CUST04064,1,89.0,89.0,In-Store,0.0,
2022-02-17,RCPT00004042,ST29,SKU03790,CUST04675,4,745.39,2981.56,In-Store,0.0,
2022-06-19,RCPT00004043,ST22,SKU01115,CUST07190,1,124.25,124.25,Online,0.0,
2022-06-19,RCPT00004043,ST22,SKU04626,CUST07190,1,468.52,468.52,Online,0.0,
2022-06-19,RCPT00004043,ST22,SKU04294,CUST07190,1,499.57,499.57,Online,0.0,
2022-06-19,RCPT00004043,ST22,SKU00190,CUST07190,4,145.42,581.68,Online,0.0,
2024-11-05,RCPT00004044,ST21,SKU03783,CUST02634,1,1069.2,1069.2,In-Store,0.0,
2024-11-05,RCPT00004044,ST21,SKU03820,CUST02634,4,961.05,3844.2,In-Store,0.0,
2023-11-02,RCPT00004045,ST14,SKU01890,CUST08234,4,119.43,477.72,In-Store,0.0,
2024-01-11,RCPT00004046,ST27,SKU02836,CUST07631,1,1144.77,1144.77,Online,0.0,
2024-01-11,RCPT00004046,ST27,SKU03125,CUST07631,2,59.03,118.06,Online,0.0,
2023-06-04,RCPT00004047,ST22,SKU04140,CUST04470,1,331.4,199.17,Mobile App,39.9,PROMO040
2024-12-10,RCPT00004048,ST12,SKU00464,CUST01508,2,443.86,887.72,In-Store,0.0,
2025-10-12,RCPT00004049,ST10,SKU04154,CUST04594,1,351.77,351.77,Online,0.0,
2025-10-12,RCPT00004049,ST10,SKU00090,CUST04594,2,618.63,1237.26,Online,0.0,
2023-10-18,RCPT00004050,ST29,SKU03213,CUST02029,1,226.59,226.59,In-Store,0.0,
2023-10-18,RCPT00004050,ST29,SKU02040,CUST02029,3,1563.18,4689.54,In-Store,0.0,
2022-03-15,RCPT00004051,ST18,SKU04824,CUST04780,4,1024.94,4099.76,Online,0.0,
2022-03-15,RCPT00004051,ST18,SKU04224,CUST04780,1,2360.61,2360.61,Online,0.0,
2022-03-15,RCPT00004051,ST18,SKU00259,CUST04780,5,249.48,1247.4,Online,0.0,
2025-08-08,RCPT00004052,ST05,SKU02598,CUST09157,1,1336.35,1336.35,In-Store,0.0,
2025-08-08,RCPT00004052,ST05,SKU04321,CUST09157,1,961.3,496.99,In-Store,48.3,PROMO032
2022-11-13,RCPT00004053,ST02,SKU03568,CUST06173,1,252.26,252.26,In-Store,0.0,
2024-11-25,RCPT00004054,ST24,SKU00065,CUST09836,1,964.12,964.12,Online,0.0,
2024-11-25,RCPT00004054,ST24,SKU03639,CUST09836,1,137.55,137.55,Online,0.0,
2022-05-20,RCPT00004055,ST12,SKU04015,CUST07526,1,1698.51,1698.51,Online,0.0,
2024-04-27,RCPT00004056,ST26,SKU03077,CUST00856,3,377.75,1133.25,Online,0.0,
2024-04-27,RCPT00004056,ST26,SKU04887,CUST00856,5,970.11,4850.55,Online,0.0,
2024-04-27,RCPT00004056,ST26,SKU04993,CUST00856,2,1067.68,2135.36,Online,0.0,
2024-04-27,RCPT00004056,ST26,SKU04321,CUST00856,3,961.3,2883.9,Online,0.0,
2022-11-07,RCPT00004057,ST16,SKU00179,CUST08676,1,85.36,85.36,In-Store,0.0,
2023-12-20,RCPT00004058,ST29,SKU04965,CUST00635,5,83.76,418.8,Online,0.0,
2023-09-15,RCPT00004059,ST06,SKU01448,CUST04597,2,668.35,1166.94,In-Store,12.7,PROMO010
2023-09-15,RCPT00004059,ST06,SKU00917,CUST04597,2,182.25,318.21,In-Store,12.7,PROMO010
2022-04-20,RCPT00004060,ST29,SKU00280,CUST05459,2,469.64,939.28,In-Store,0.0,
2025-12-05,RCPT00004061,ST12,SKU03050,CUST04261,3,274.23,822.69,In-Store,0.0,
2025-12-05,RCPT00004061,ST12,SKU02033,CUST04261,1,939.05,939.05,In-Store,0.0,
2025-12-05,RCPT00004061,ST12,SKU00784,CUST04261,4,397.04,1588.16,In-Store,0.0,
2025-07-15,RCPT00004062,ST07,SKU00953,CUST00296,4,273.99,1095.96,Online,0.0,
2025-06-04,RCPT00004063,ST19,SKU04752,CUST02220,1,833.79,833.79,In-Store,0.0,
2022-12-04,RCPT00004064,ST27,SKU04333,CUST02348,1,777.72,777.72,Online,0.0,
2022-12-04,RCPT00004064,ST27,SKU00020,CUST02348,4,109.5,438.0,Online,0.0,
2022-12-04,RCPT00004064,ST27,SKU03727,CUST02348,1,1660.93,1660.93,Online,0.0,
2022-12-04,RCPT00004064,ST27,SKU04160,CUST02348,1,366.83,296.77,Online,19.1,PROMO086
2022-03-02,RCPT00004065,ST06,SKU00169,CUST01413,4,95.37,381.48,In-Store,0.0,
2023-10-05,RCPT00004066,ST05,SKU02531,CUST08850,2,143.49,286.98,In-Store,0.0,
2023-10-05,RCPT00004066,ST05,SKU04840,CUST08850,4,639.65,2558.6,In-Store,0.0,
2022-04-01,RCPT00004067,ST09,SKU00297,CUST06584,1,172.52,172.52,In-Store,0.0,
2022-04-01,RCPT00004067,ST09,SKU01920,CUST06584,4,314.41,1257.64,In-Store,0.0,
2025-10-16,RCPT00004068,ST28,SKU04304,CUST09230,2,393.38,786.76,In-Store,0.0,
2023-12-09,RCPT00004069,ST23,SKU03550,CUST06277,2,865.57,1731.14,In-Store,0.0,
2023-12-09,RCPT00004069,ST23,SKU01189,CUST06277,1,2299.8,2299.8,In-Store,0.0,
2023-12-09,RCPT00004069,ST23,SKU01388,CUST06277,3,163.36,490.08,In-Store,0.0,
2023-08-07,RCPT00004070,ST07,SKU04321,CUST04465,1,961.3,722.9,Online,24.8,PROMO061
2023-08-07,RCPT00004070,ST07,SKU02976,CUST04465,1,837.64,421.33,Online,49.7,PROMO030
2025-01-30,RCPT00004071,ST24,SKU02904,CUST00510,2,312.58,625.16,Online,0.0,
2025-01-30,RCPT00004071,ST24,SKU02340,CUST00510,3,234.67,704.01,Online,0.0,
2023-06-20,RCPT00004072,ST11,SKU04321,CUST06191,1,961.3,961.3,Online,0.0,
2025-11-25,RCPT00004073,ST23,SKU01953,CUST02398,1,309.85,309.85,Online,0.0,
2022-11-13,RCPT00004074,ST11,SKU04321,CUST00901,1,961.3,961.3,Mobile App,0.0,
2024-06-25,RCPT00004075,ST03,SKU04032,CUST03792,2,203.7,315.33,In-Store,22.6,PROMO045
2023-04-09,RCPT00004076,ST20,SKU00774,CUST04941,4,94.61,295.56,In-Store,21.9,PROMO046
2024-08-07,RCPT00004077,ST10,SKU04166,CUST07491,2,263.67,527.34,Online,0.0,
2024-08-07,RCPT00004077,ST10,SKU03659,CUST07491,1,484.55,484.55,Online,0.0,
2024-08-07,RCPT00004077,ST10,SKU01438,CUST07491,1,298.01,298.01,Online,0.0,
2023-10-21,RCPT00004078,ST06,SKU00052,CUST03449,1,1372.15,764.29,Online,44.3,PROMO048
2023-10-21,RCPT00004078,ST06,SKU04498,CUST03449,1,338.51,338.51,Online,0.0,
2023-10-21,RCPT00004078,ST06,SKU01552,CUST03449,1,215.66,215.66,Online,0.0,
2023-04-11,RCPT00004079,ST12,SKU04321,CUST05161,1,961.3,750.78,In-Store,21.9,PROMO046
2023-04-11,RCPT00004079,ST12,SKU01983,CUST05161,3,530.92,1243.95,In-Store,21.9,PROMO046
2023-04-11,RCPT00004079,ST12,SKU00953,CUST05161,1,273.99,247.41,In-Store,9.7,PROMO072
2022-12-29,RCPT00004080,ST23,SKU00487,CUST00363,1,209.96,209.96,In-Store,0.0,
2022-12-29,RCPT00004080,ST23,SKU04063,CUST00363,4,471.49,1885.96,In-Store,0.0,
2022-12-29,RCPT00004080,ST23,SKU04321,CUST00363,1,961.3,961.3,In-Store,0.0,
2023-12-09,RCPT00004081,ST11,SKU02870,CUST08694,2,794.71,1589.42,Online,0.0,
2023-01-21,RCPT00004082,ST29,SKU03663,CUST05497,1,2474.65,2474.65,Online,0.0,
2023-01-21,RCPT00004082,ST29,SKU00920,CUST05497,1,114.73,114.73,Online,0.0,
2023-01-21,RCPT00004082,ST29,SKU02741,CUST05497,1,86.2,86.2,Online,0.0,
2024-12-25,RCPT00004083,ST21,SKU04911,CUST02365,1,524.33,524.33,Mobile App,0.0,
2022-03-18,RCPT00004084,ST29,SKU03800,CUST03156,3,114.46,343.38,In-Store,0.0,
2022-03-18,RCPT00004084,ST29,SKU02624,CUST03156,2,3182.64,6365.28,In-Store,0.0,
2022-03-18,RCPT00004084,ST29,SKU00180,CUST03156,2,770.72,1541.44,In-Store,0.0,
2025-10-03,RCPT00004085,ST03,SKU03094,CUST07485,3,339.49,1018.47,Online,0.0,
2023-04-12,RCPT00004086,ST08,SKU02176,CUST08708,1,989.87,682.02,In-Store,31.1,PROMO079
2023-04-12,RCPT00004086,ST08,SKU03193,CUST08708,3,259.16,607.21,In-Store,21.9,PROMO046
2023-04-12,RCPT00004086,ST08,SKU00455,CUST08708,1,1343.21,925.47,In-Store,31.1,PROMO079
2025-05-08,RCPT00004087,ST19,SKU04513,CUST05192,1,129.12,129.12,Mobile App,0.0,
2025-05-08,RCPT00004087,ST19,SKU01127,CUST05192,2,817.54,1635.08,Mobile App,0.0,
2025-10-16,RCPT00004088,ST25,SKU04321,CUST05330,2,961.3,1922.6,In-Store,0.0,
2024-10-18,RCPT00004089,ST03,SKU04157,CUST00139,1,2678.35,2678.35,In-Store,0.0,
2024-09-18,RCPT00004090,ST21,SKU02412,CUST07325,1,722.57,722.57,In-Store,0.0,
2025-07-17,RCPT00004091,ST21,SKU02308,CUST04110,4,93.35,373.4,In-Store,0.0,
2025-07-17,RCPT00004091,ST21,SKU01956,CUST04110,2,260.31,520.62,In-Store,0.0,
2025-07-17,RCPT00004091,ST21,SKU02368,CUST04110,1,849.39,849.39,In-Store,0.0,
2024-09-01,RCPT00004092,ST29,SKU03601,CUST05954,1,790.24,790.24,In-Store,0.0,
2024-09-01,RCPT00004092,ST29,SKU02079,CUST05954,2,153.65,307.3,In-Store,0.0,
2025-03-11,RCPT00004093,ST15,SKU03489,CUST02132,1,62.41,62.41,In-Store,0.0,
2025-03-18,RCPT00004094,ST13,SKU03507,CUST06147,2,695.35,1390.7,Online,0.0,
2022-04-17,RCPT00004095,ST14,SKU01540,CUST04167,1,115.29,115.29,Online,0.0,
2022-04-17,RCPT00004095,ST14,SKU02640,CUST04167,3,1563.22,4689.66,Online,0.0,
2024-09-11,RCPT00004096,ST14,SKU01335,CUST05943,2,236.44,472.88,Mobile App,0.0,
2022-02-20,RCPT00004097,ST20,SKU01009,CUST05940,1,223.42,223.42,Online,0.0,
2022-02-20,RCPT00004097,ST20,SKU04795,CUST05940,1,281.26,281.26,Online,0.0,
2023-07-27,RCPT00004098,ST29,SKU03666,CUST00267,1,125.46,63.11,Online,49.7,PROMO030
2023-07-27,RCPT00004098,ST29,SKU04676,CUST00267,1,398.8,200.6,Online,49.7,PROMO030
2023-07-27,RCPT00004098,ST29,SKU02035,CUST00267,1,900.31,452.86,Online,49.7,PROMO030
2022-11-26,RCPT00004099,ST26,SKU00285,CUST04816,3,505.67,1517.01,In-Store,0.0,
2022-11-26,RCPT00004099,ST26,SKU03053,CUST04816,2,4086.72,8173.44,In-Store,0.0,
2025-09-26,RCPT00004100,ST16,SKU02330,CUST04465,2,221.38,442.76,In-Store,0.0,
2025-09-26,RCPT00004100,ST16,SKU04321,CUST04465,1,961.3,961.3,In-Store,0.0,
2025-05-05,RCPT00004101,ST21,SKU04467,CUST04165,3,263.78,791.34,Online,0.0,
2025-05-05,RCPT00004101,ST21,SKU01345,CUST04165,1,344.03,344.03,Online,0.0,
2025-05-05,RCPT00004101,ST21,SKU02449,CUST04165,3,137.83,413.49,Online,0.0,
2022-09-02,RCPT00004102,ST22,SKU02493,CUST08952,2,212.9,387.48,In-Store,9.0,PROMO033
2022-09-02,RCPT00004102,ST22,SKU04394,CUST08952,1,260.92,237.44,In-Store,9.0,PROMO033
2022-03-30,RCPT00004103,ST14,SKU02444,CUST05814,1,75.9,75.9,Online,0.0,
2022-03-30,RCPT00004103,ST14,SKU03682,CUST05814,4,34.13,136.52,Online,0.0,
2022-03-30,RCPT00004103,ST14,SKU00876,CUST05814,4,92.51,370.04,Online,0.0,
2022-03-30,RCPT00004103,ST14,SKU03834,CUST05814,3,1737.86,5213.58,Online,0.0,
2025-06-26,RCPT00004104,ST12,SKU03203,CUST03535,2,182.62,365.24,Online,0.0,
2025-06-26,RCPT00004104,ST12,SKU00953,CUST03535,2,273.99,547.98,Online,0.0,
2024-10-07,RCPT00004105,ST01,SKU01748,CUST04733,1,750.21,547.65,Online,27.0,PROMO094
2024-10-07,RCPT00004105,ST01,SKU00093,CUST04733,2,216.52,316.12,Online,27.0,PROMO094
2022-09-12,RCPT00004106,ST30,SKU02635,CUST03567,2,546.93,1093.86,Online,0.0,
2022-09-12,RCPT00004106,ST30,SKU04396,CUST03567,1,3425.67,3425.67,Online,0.0,
2022-08-08,RCPT00004107,ST11,SKU02250,CUST08125,3,2070.86,6212.58,Mobile App,0.0,
2022-08-08,RCPT00004107,ST11,SKU01775,CUST08125,3,204.15,612.45,Mobile App,0.0,
2023-01-13,RCPT00004108,ST14,SKU02954,CUST07558,1,603.3,603.3,In-Store,0.0,
2023-01-13,RCPT00004108,ST14,SKU02812,CUST07558,2,300.07,600.14,In-Store,0.0,
2022-10-09,RCPT00004109,ST06,SKU04321,CUST05870,2,961.3,1922.6,In-Store,0.0,
2023-02-19,RCPT00004110,ST28,SKU02531,CUST08641,2,143.49,286.98,In-Store,0.0,
2023-02-19,RCPT00004110,ST28,SKU01505,CUST08641,1,96.81,96.81,In-Store,0.0,
2023-02-19,RCPT00004110,ST28,SKU00244,CUST08641,1,750.15,750.15,In-Store,0.0,
2024-07-25,RCPT00004111,ST02,SKU03727,CUST06333,2,1660.93,3321.86,Online,0.0,
2024-07-25,RCPT00004111,ST02,SKU02081,CUST06333,2,610.19,1220.38,Online,0.0,
2024-07-25,RCPT00004111,ST02,SKU04571,CUST06333,2,868.52,1737.04,Online,0.0,
2022-07-08,RCPT00004112,ST21,SKU03907,CUST02869,2,876.73,1753.46,Online,0.0,
2022-07-08,RCPT00004112,ST21,SKU02462,CUST02869,3,171.89,515.67,Online,0.0,
2022-07-08,RCPT00004112,ST21,SKU00731,CUST02869,1,83.14,83.14,Online,0.0,
2022-07-08,RCPT00004112,ST21,SKU02692,CUST02869,5,2095.03,10475.15,Online,0.0,
2025-05-08,RCPT00004113,ST11,SKU01925,CUST04701,1,1164.18,1164.18,Mobile App,0.0,
2025-05-08,RCPT00004113,ST11,SKU00190,CUST04701,3,145.42,391.76,Mobile App,10.2,PROMO003
2025-05-18,RCPT00004114,ST28,SKU00904,CUST02984,3,161.57,435.27,Mobile App,10.2,PROMO003
2025-05-18,RCPT00004114,ST28,SKU03616,CUST02984,1,372.86,372.86,Mobile App,0.0,
2025-02-03,RCPT00004115,ST28,SKU04042,CUST09426,1,242.79,242.79,In-Store,0.0,
2022-06-30,RCPT00004116,ST01,SKU04933,CUST04601,3,184.36,553.08,Mobile App,0.0,
2022-06-30,RCPT00004116,ST01,SKU02774,CUST04601,3,735.28,2205.84,Mobile App,0.0,
2022-06-30,RCPT00004116,ST01,SKU04663,CUST04601,1,715.73,715.73,Mobile App,0.0,
2022-06-30,RCPT00004116,ST01,SKU03037,CUST04601,1,1595.26,1595.26,Mobile App,0.0,
2024-03-26,RCPT00004117,ST22,SKU04154,CUST05492,2,351.77,395.39,In-Store,43.8,PROMO075
2025-03-24,RCPT00004118,ST12,SKU01278,CUST09388,1,1156.55,1156.55,In-Store,0.0,
2025-03-24,RCPT00004118,ST12,SKU03255,CUST09388,1,402.87,402.87,In-Store,0.0,
2024-09-15,RCPT00004119,ST09,SKU00144,CUST03696,1,186.78,186.78,In-Store,0.0,
2023-06-29,RCPT00004120,ST06,SKU03788,CUST09628,2,82.95,165.9,In-Store,0.0,
2022-09-17,RCPT00004121,ST14,SKU01138,CUST02931,2,181.15,362.3,In-Store,0.0,
2022-09-17,RCPT00004121,ST14,SKU01420,CUST02931,3,213.65,640.95,In-Store,0.0,
2025-12-30,RCPT00004122,ST18,SKU04646,CUST05219,2,82.38,164.76,Mobile App,0.0,
2025-12-30,RCPT00004122,ST18,SKU04959,CUST05219,2,140.13,280.26,Mobile App,0.0,
2025-12-30,RCPT00004122,ST18,SKU02769,CUST05219,1,725.22,725.22,Mobile App,0.0,
2022-05-30,RCPT00004123,ST14,SKU01485,CUST01933,1,476.18,272.37,In-Store,42.8,PROMO022
2023-09-02,RCPT00004124,ST26,SKU04191,CUST01974,1,106.7,93.15,In-Store,12.7,PROMO010
2023-09-02,RCPT00004124,ST26,SKU04629,CUST01974,2,166.85,291.32,In-Store,12.7,PROMO010
2023-09-02,RCPT00004124,ST26,SKU00271,CUST01974,1,70.38,61.44,In-Store,12.7,PROMO010
2023-09-02,RCPT00004124,ST26,SKU04078,CUST01974,2,357.55,624.28,In-Store,12.7,PROMO010
2022-08-02,RCPT00004125,ST07,SKU04321,CUST01920,1,961.3,961.3,Online,0.0,
2022-08-02,RCPT00004125,ST07,SKU00994,CUST01920,1,602.13,602.13,Online,0.0,
2023-01-19,RCPT00004126,ST26,SKU01144,CUST01509,4,215.74,862.96,In-Store,0.0,
2025-12-15,RCPT00004127,ST14,SKU02476,CUST02805,1,756.24,756.24,Mobile App,0.0,
2023-04-16,RCPT00004128,ST29,SKU01462,CUST07397,1,64.6,50.45,Online,21.9,PROMO046
2023-04-16,RCPT00004128,ST29,SKU00977,CUST07397,1,921.45,719.65,Online,21.9,PROMO046
2023-06-26,RCPT00004129,ST19,SKU02155,CUST02029,2,1113.48,2226.96,Mobile App,0.0,
2023-06-26,RCPT00004129,ST19,SKU04464,CUST02029,5,281.56,1407.8,Mobile App,0.0,
2023-11-18,RCPT00004130,ST20,SKU00248,CUST05997,2,56.31,112.62,Mobile App,0.0,
2023-03-19,RCPT00004131,ST29,SKU04166,CUST07334,2,263.67,490.43,Online,7.0,PROMO002
2023-11-10,RCPT00004132,ST01,SKU03727,CUST08513,1,1660.93,1660.93,Online,0.0,
2023-11-10,RCPT00004132,ST01,SKU01466,CUST08513,2,34.29,68.58,Online,0.0,
2023-09-28,RCPT00004133,ST17,SKU04571,CUST05845,4,868.52,3474.08,In-Store,0.0,
2024-08-08,RCPT00004134,ST22,SKU00994,CUST04034,1,602.13,602.13,Online,0.0,
2025-05-14,RCPT00004135,ST17,SKU02971,CUST01183,1,867.83,867.83,Online,0.0,
2025-05-14,RCPT00004135,ST17,SKU03030,CUST01183,2,108.63,217.26,Online,0.0,
2025-05-14,RCPT00004135,ST17,SKU00942,CUST01183,1,172.9,172.9,Online,0.0,
2025-05-28,RCPT00004136,ST30,SKU00328,CUST07686,2,204.97,409.94,In-Store,0.0,
2025-05-28,RCPT00004136,ST30,SKU00010,CUST07686,2,1602.79,3205.58,In-Store,0.0,
2025-05-28,RCPT00004136,ST30,SKU03355,CUST07686,1,127.47,127.47,In-Store,0.0,
2025-06-15,RCPT00004137,ST04,SKU03323,CUST05667,1,3001.52,3001.52,Mobile App,0.0,
2025-06-15,RCPT00004137,ST04,SKU04321,CUST05667,1,961.3,961.3,Mobile App,0.0,
2025-06-15,RCPT00004137,ST04,SKU01707,CUST05667,1,352.2,352.2,Mobile App,0.0,
2023-04-12,RCPT00004138,ST23,SKU04280,CUST06958,1,318.92,287.98,Online,9.7,PROMO072
2025-04-26,RCPT00004139,ST04,SKU00726,CUST05427,1,974.67,974.67,Online,0.0,
2025-04-26,RCPT00004139,ST04,SKU02404,CUST05427,1,28.16,28.16,Online,0.0,
2025-04-26,RCPT00004139,ST04,SKU04647,CUST05427,1,288.31,288.31,Online,0.0,
2025-05-28,RCPT00004140,ST26,SKU00190,CUST09856,1,145.42,145.42,Online,0.0,
2025-12-19,RCPT00004141,ST04,SKU00072,CUST01851,1,327.25,327.25,In-Store,0.0,
2025-12-19,RCPT00004141,ST04,SKU00263,CUST01851,1,443.51,443.51,In-Store,0.0,
2024-08-03,RCPT00004142,ST26,SKU01205,CUST06621,2,71.98,143.96,In-Store,0.0,
2024-08-03,RCPT00004142,ST26,SKU00977,CUST06621,1,921.45,921.45,In-Store,0.0,
2024-11-12,RCPT00004143,ST29,SKU02488,CUST04214,3,3504.3,10512.9,Online,0.0,
2024-11-12,RCPT00004143,ST29,SKU04571,CUST04214,1,868.52,868.52,Online,0.0,
2025-09-19,RCPT00004144,ST14,SKU03525,CUST03668,3,880.36,2416.59,Online,8.5,PROMO007
2024-03-14,RCPT00004145,ST04,SKU02294,CUST03901,1,61.11,34.34,In-Store,43.8,PROMO075
2024-03-14,RCPT00004145,ST04,SKU01117,CUST03901,1,157.6,88.57,In-Store,43.8,PROMO075
2023-06-04,RCPT00004146,ST28,SKU03782,CUST08593,3,58.53,105.53,Online,39.9,PROMO040
2023-06-04,RCPT00004146,ST28,SKU00976,CUST08593,1,268.42,161.32,Online,39.9,PROMO040
2025-04-12,RCPT00004147,ST13,SKU03178,CUST09555,1,141.29,141.29,In-Store,0.0,
2025-10-26,RCPT00004148,ST20,SKU01414,CUST08973,1,193.44,193.44,Mobile App,0.0,
2023-05-04,RCPT00004149,ST04,SKU03660,CUST05264,3,340.18,1020.54,Mobile App,0.0,
2025-04-09,RCPT00004150,ST11,SKU00836,CUST04713,5,765.01,3825.05,Online,0.0,
2025-04-09,RCPT00004150,ST11,SKU04016,CUST04713,4,1492.65,5970.6,Online,0.0,
2025-04-09,RCPT00004150,ST11,SKU02858,CUST04713,1,90.7,90.7,Online,0.0,
2024-07-28,RCPT00004151,ST26,SKU02847,CUST02602,1,259.88,259.88,In-Store,0.0,
2024-08-13,RCPT00004152,ST22,SKU03788,CUST01238,2,82.95,165.9,Online,0.0,
2024-08-13,RCPT00004152,ST22,SKU02601,CUST01238,3,34.52,103.56,Online,0.0,
2024-12-06,RCPT00004153,ST21,SKU01902,CUST05581,1,65.43,65.43,Online,0.0,
2025-12-15,RCPT00004154,ST21,SKU04009,CUST08828,1,63.37,63.37,In-Store,0.0,
2025-12-15,RCPT00004154,ST21,SKU03271,CUST08828,1,587.02,587.02,In-Store,0.0,
2025-02-11,RCPT00004155,ST17,SKU02389,CUST09416,1,830.82,462.77,Online,44.3,PROMO041
2025-02-11,RCPT00004155,ST17,SKU02654,CUST09416,3,215.5,360.1,Online,44.3,PROMO041
2025-02-11,RCPT00004155,ST17,SKU00190,CUST09416,2,145.42,162.0,Online,44.3,PROMO041
2025-02-11,RCPT00004155,ST17,SKU02246,CUST09416,1,757.44,421.89,Online,44.3,PROMO041
2025-01-12,RCPT00004156,ST11,SKU04027,CUST02573,1,118.29,67.19,In-Store,43.2,PROMO098
2023-05-19,RCPT00004157,ST19,SKU02082,CUST08477,1,218.25,218.25,Mobile App,0.0,
2023-05-19,RCPT00004157,ST19,SKU00692,CUST08477,4,235.52,942.08,Mobile App,0.0,
2023-01-30,RCPT00004158,ST25,SKU03183,CUST08445,1,204.79,204.79,Online,0.0,
2023-01-30,RCPT00004158,ST25,SKU04272,CUST08445,1,238.28,238.28,Online,0.0,
2023-01-30,RCPT00004158,ST25,SKU04764,CUST08445,2,1249.29,2498.58,Online,0.0,
2022-07-09,RCPT00004159,ST26,SKU04596,CUST02330,4,335.55,1342.2,Online,0.0,
2022-07-09,RCPT00004159,ST26,SKU00700,CUST02330,1,811.54,811.54,Online,0.0,
2022-07-09,RCPT00004159,ST26,SKU01072,CUST02330,1,827.35,827.35,Online,0.0,
2022-07-09,RCPT00004159,ST26,SKU02402,CUST02330,1,212.06,212.06,Online,0.0,
2025-05-12,RCPT00004160,ST07,SKU03086,CUST08924,1,410.21,410.21,Online,0.0,
2024-01-24,RCPT00004161,ST06,SKU01923,CUST04088,1,403.84,209.19,Online,48.2,PROMO069
2024-01-24,RCPT00004161,ST06,SKU03060,CUST04088,2,116.18,120.36,Online,48.2,PROMO069
2024-01-24,RCPT00004161,ST06,SKU03608,CUST04088,1,1095.08,567.25,Online,48.2,PROMO069
2022-10-30,RCPT00004162,ST27,SKU04021,CUST01665,2,180.53,361.06,In-Store,0.0,
2022-10-30,RCPT00004162,ST27,SKU01784,CUST01665,1,168.81,168.81,In-Store,0.0,
2025-06-19,RCPT00004163,ST25,SKU04562,CUST03447,1,1316.91,1316.91,In-Store,0.0,
2025-06-19,RCPT00004163,ST25,SKU04327,CUST03447,1,49.9,49.9,In-Store,0.0,
2025-06-19,RCPT00004163,ST25,SKU01045,CUST03447,1,451.29,451.29,In-Store,0.0,
2025-06-19,RCPT00004163,ST25,SKU04627,CUST03447,1,630.47,630.47,In-Store,0.0,
2025-06-19,RCPT00004163,ST25,SKU03802,CUST03447,1,37.67,37.67,In-Store,0.0,
2022-09-19,RCPT00004164,ST28,SKU01043,CUST06805,4,89.02,356.08,In-Store,0.0,
2022-09-19,RCPT00004164,ST28,SKU01319,CUST06805,2,2048.66,4097.32,In-Store,0.0,
2025-08-10,RCPT00004165,ST13,SKU02346,CUST09150,2,74.12,148.24,In-Store,0.0,
2025-08-10,RCPT00004165,ST13,SKU01085,CUST09150,2,263.64,527.28,In-Store,0.0,
2024-02-09,RCPT00004166,ST20,SKU03875,CUST09137,1,203.41,203.41,Mobile App,0.0,
2024-02-09,RCPT00004166,ST20,SKU01414,CUST09137,1,193.44,193.44,Mobile App,0.0,
2025-12-27,RCPT00004167,ST14,SKU04413,CUST01100,2,460.58,921.16,In-Store,0.0,
2025-12-27,RCPT00004167,ST14,SKU03727,CUST01100,1,1660.93,1660.93,In-Store,0.0,
2025-12-27,RCPT00004167,ST14,SKU01210,CUST01100,2,279.72,559.44,In-Store,0.0,
2025-12-27,RCPT00004167,ST14,SKU03880,CUST01100,1,719.08,719.08,In-Store,0.0,
2025-12-15,RCPT00004168,ST20,SKU04055,CUST03814,1,141.34,141.34,Mobile App,0.0,
2025-12-16,RCPT00004169,ST03,SKU02199,CUST00590,2,106.6,213.2,Online,0.0,
2023-05-26,RCPT00004170,ST30,SKU02945,CUST03628,1,866.32,866.32,In-Store,0.0,
2024-11-20,RCPT00004171,ST25,SKU02196,CUST06489,1,303.5,303.5,Online,0.0,
2022-07-10,RCPT00004172,ST21,SKU02798,CUST02280,1,471.71,471.71,In-Store,0.0,
2022-07-10,RCPT00004172,ST21,SKU03546,CUST02280,2,496.17,992.34,In-Store,0.0,
2024-11-10,RCPT00004173,ST13,SKU00908,CUST04235,1,2108.67,2108.67,In-Store,0.0,
2024-11-10,RCPT00004173,ST13,SKU04321,CUST04235,2,961.3,1922.6,In-Store,0.0,
2024-02-07,RCPT00004174,ST13,SKU03609,CUST06738,2,139.89,279.78,Online,0.0,
2024-02-07,RCPT00004174,ST13,SKU04917,CUST06738,1,282.51,282.51,Online,0.0,
2022-05-08,RCPT00004175,ST08,SKU00845,CUST04507,1,670.83,670.83,Mobile App,0.0,
2024-11-09,RCPT00004176,ST22,SKU03176,CUST04409,2,1236.65,2473.3,In-Store,0.0,
2024-11-09,RCPT00004176,ST22,SKU01437,CUST04409,1,1550.38,1550.38,In-Store,0.0,
2025-09-26,RCPT00004177,ST08,SKU00190,CUST06056,2,145.42,290.84,Mobile App,0.0,
2025-09-26,RCPT00004177,ST08,SKU03662,CUST06056,2,275.54,551.08,Mobile App,0.0,
2024-11-27,RCPT00004178,ST02,SKU03721,CUST09702,2,300.22,600.44,In-Store,0.0,
2024-11-27,RCPT00004178,ST02,SKU03774,CUST09702,1,384.33,384.33,In-Store,0.0,
2024-11-27,RCPT00004178,ST02,SKU04757,CUST09702,2,318.55,637.1,In-Store,0.0,
2025-12-30,RCPT00004179,ST01,SKU04508,CUST06618,3,375.55,1126.65,In-Store,0.0,
2025-12-30,RCPT00004179,ST01,SKU00376,CUST06618,1,207.45,207.45,In-Store,0.0,
2025-12-30,RCPT00004179,ST01,SKU02115,CUST06618,1,112.03,112.03,In-Store,0.0,
2025-12-30,RCPT00004179,ST01,SKU00578,CUST06618,3,114.92,344.76,In-Store,0.0,
2024-12-14,RCPT00004180,ST06,SKU04318,CUST02943,2,205.5,411.0,In-Store,0.0,
2024-12-14,RCPT00004180,ST06,SKU00623,CUST02943,1,297.85,297.85,In-Store,0.0,
2024-01-02,RCPT00004181,ST15,SKU02562,CUST02544,1,471.28,330.37,Online,29.9,PROMO043
2024-10-06,RCPT00004182,ST22,SKU04432,CUST07430,2,340.8,497.57,In-Store,27.0,PROMO094
2024-10-06,RCPT00004182,ST22,SKU04321,CUST07430,1,961.3,701.75,In-Store,27.0,PROMO094
2024-08-10,RCPT00004183,ST19,SKU02898,CUST02134,4,989.39,3957.56,In-Store,0.0,
2024-08-10,RCPT00004183,ST19,SKU00528,CUST02134,1,210.21,210.21,In-Store,0.0,
2023-11-22,RCPT00004184,ST20,SKU03546,CUST08644,1,496.17,496.17,In-Store,0.0,
2022-07-06,RCPT00004185,ST01,SKU04321,CUST05629,2,961.3,1922.6,In-Store,0.0,
2022-07-06,RCPT00004185,ST01,SKU03088,CUST05629,3,223.55,670.65,In-Store,0.0,
2022-07-06,RCPT00004185,ST01,SKU04321,CUST05629,2,961.3,1922.6,In-Store,0.0,
2023-10-26,RCPT00004186,ST30,SKU00261,CUST09226,2,62.18,124.36,Mobile App,0.0,
2024-10-26,RCPT00004187,ST28,SKU04321,CUST08628,3,961.3,2883.9,Online,0.0,
2024-10-26,RCPT00004187,ST28,SKU00762,CUST08628,1,169.42,169.42,Online,0.0,
2024-03-10,RCPT00004188,ST09,SKU01862,CUST06608,1,439.89,247.22,Mobile App,43.8,PROMO075
2024-03-10,RCPT00004188,ST09,SKU01271,CUST06608,1,230.92,129.78,Mobile App,43.8,PROMO075
2023-11-16,RCPT00004189,ST18,SKU01594,CUST00437,3,210.84,632.52,In-Store,0.0,
2023-11-16,RCPT00004189,ST18,SKU00753,CUST00437,1,180.02,180.02,In-Store,0.0,
2023-06-29,RCPT00004190,ST29,SKU03838,CUST05876,1,259.95,259.95,In-Store,0.0,
2023-06-29,RCPT00004190,ST29,SKU02827,CUST05876,2,129.22,258.44,In-Store,0.0,
2023-06-29,RCPT00004190,ST29,SKU03292,CUST05876,2,164.03,328.06,In-Store,0.0,
2023-06-29,RCPT00004190,ST29,SKU00040,CUST05876,1,206.7,206.7,In-Store,0.0,
2023-06-29,RCPT00004190,ST29,SKU03138,CUST05876,1,99.25,85.95,In-Store,13.4,PROMO055
2024-09-22,RCPT00004191,ST10,SKU01929,CUST03997,1,79.85,79.85,In-Store,0.0,
2023-01-23,RCPT00004192,ST05,SKU03727,CUST00393,1,1660.93,1660.93,In-Store,0.0,
2023-01-23,RCPT00004192,ST05,SKU03542,CUST00393,1,1566.44,1566.44,In-Store,0.0,
2024-11-30,RCPT00004193,ST16,SKU03068,CUST09073,1,187.88,187.88,In-Store,0.0,
2024-11-30,RCPT00004193,ST16,SKU00788,CUST09073,1,88.38,88.38,In-Store,0.0,
2024-11-30,RCPT00004193,ST16,SKU03253,CUST09073,1,94.95,94.95,In-Store,0.0,
2024-12-07,RCPT00004194,ST17,SKU03666,CUST02817,1,125.46,125.46,Mobile App,0.0,
2024-12-07,RCPT00004194,ST17,SKU01192,CUST02817,1,149.22,149.22,Mobile App,0.0,
2024-12-07,RCPT00004194,ST17,SKU04321,CUST02817,1,961.3,961.3,Mobile App,0.0,
2025-03-27,RCPT00004195,ST17,SKU03019,CUST09981,1,1094.04,1094.04,Online,0.0,
2025-03-27,RCPT00004195,ST17,SKU02858,CUST09981,1,90.7,90.7,Online,0.0,
2025-03-27,RCPT00004195,ST17,SKU00059,CUST09981,1,122.45,122.45,Online,0.0,
2022-03-15,RCPT00004196,ST14,SKU02102,CUST04093,2,351.31,702.62,Online,0.0,
2024-04-23,RCPT00004197,ST28,SKU01902,CUST05726,3,65.43,196.29,In-Store,0.0,
2022-05-12,RCPT00004198,ST07,SKU00023,CUST00637,1,2028.91,2028.91,Online,0.0,
2023-12-11,RCPT00004199,ST04,SKU01470,CUST02450,2,138.68,277.36,Mobile App,0.0,
2022-09-10,RCPT00004200,ST14,SKU00893,CUST08436,3,690.66,2071.98,In-Store,0.0,
2022-09-10,RCPT00004200,ST14,SKU00992,CUST08436,1,188.51,188.51,In-Store,0.0,
2024-04-07,RCPT00004201,ST14,SKU00151,CUST04155,4,201.86,405.33,Online,49.8,PROMO019
2024-04-07,RCPT00004201,ST14,SKU04321,CUST04155,1,961.3,482.57,Online,49.8,PROMO019
2025-12-03,RCPT00004202,ST26,SKU01805,CUST06706,2,158.18,316.36,In-Store,0.0,
2024-08-22,RCPT00004203,ST22,SKU02176,CUST00565,2,989.87,1979.74,In-Store,0.0,
2024-08-22,RCPT00004203,ST22,SKU00369,CUST00565,1,368.93,368.93,In-Store,0.0,
2024-01-14,RCPT00004204,ST11,SKU03540,CUST02880,1,203.99,203.99,In-Store,0.0,
2024-01-14,RCPT00004204,ST11,SKU03030,CUST02880,1,108.63,108.63,In-Store,0.0,
2023-11-20,RCPT00004205,ST27,SKU04788,CUST00975,5,583.18,2915.9,In-Store,0.0,
2023-05-01,RCPT00004206,ST09,SKU03120,CUST00505,4,188.39,753.56,In-Store,0.0,
2023-05-01,RCPT00004206,ST09,SKU03028,CUST00505,1,242.32,242.32,In-Store,0.0,
2023-05-01,RCPT00004206,ST09,SKU01926,CUST00505,3,641.51,1924.53,In-Store,0.0,
2023-05-01,RCPT00004206,ST09,SKU02090,CUST00505,1,588.59,588.59,In-Store,0.0,
2023-04-21,RCPT00004207,ST01,SKU04541,CUST02766,2,91.46,182.92,In-Store,0.0,
2023-04-21,RCPT00004207,ST01,SKU00831,CUST02766,1,950.49,950.49,In-Store,0.0,
2023-04-21,RCPT00004207,ST01,SKU04447,CUST02766,1,1190.64,1190.64,In-Store,0.0,
2023-04-21,RCPT00004207,ST01,SKU00083,CUST02766,2,333.54,667.08,In-Store,0.0,
2022-03-19,RCPT00004208,ST08,SKU03119,CUST03822,1,37.56,37.56,Online,0.0,
2022-03-19,RCPT00004208,ST08,SKU01281,CUST03822,4,181.51,726.04,Online,0.0,
2025-10-27,RCPT00004209,ST12,SKU00850,CUST00160,3,840.4,2521.2,In-Store,0.0,
2025-10-27,RCPT00004209,ST12,SKU04940,CUST00160,1,617.3,617.3,In-Store,0.0,
2025-03-10,RCPT00004210,ST02,SKU04169,CUST06789,2,1989.46,3978.92,In-Store,0.0,
2025-03-10,RCPT00004210,ST02,SKU03727,CUST06789,1,1660.93,1660.93,In-Store,0.0,
2025-03-10,RCPT00004210,ST02,SKU02167,CUST06789,4,189.86,759.44,In-Store,0.0,
2023-09-21,RCPT00004211,ST09,SKU04772,CUST04896,3,1952.93,5858.79,Online,0.0,
2023-09-21,RCPT00004211,ST09,SKU03292,CUST04896,1,164.03,164.03,Online,0.0,
2023-09-21,RCPT00004211,ST09,SKU04321,CUST04896,2,961.3,1922.6,Online,0.0,
2023-09-21,RCPT00004211,ST09,SKU04352,CUST04896,2,611.27,1222.54,Online,0.0,
2023-09-21,RCPT00004211,ST09,SKU01746,CUST04896,2,1073.45,2146.9,Online,0.0,
2023-11-07,RCPT00004212,ST16,SKU00292,CUST08523,1,210.98,210.98,Online,0.0,
2023-11-07,RCPT00004212,ST16,SKU03274,CUST08523,1,156.95,156.95,Online,0.0,
2024-12-21,RCPT00004213,ST25,SKU00243,CUST04335,2,483.9,967.8,Online,0.0,
2024-12-21,RCPT00004213,ST25,SKU01186,CUST04335,2,109.5,219.0,Online,0.0,
2023-05-15,RCPT00004214,ST09,SKU04321,CUST05530,3,961.3,2883.9,In-Store,0.0,
2023-05-15,RCPT00004214,ST09,SKU01270,CUST05530,3,282.8,848.4,In-Store,0.0,
2024-11-05,RCPT00004215,ST04,SKU01234,CUST03052,2,2427.07,4854.14,In-Store,0.0,
2024-11-05,RCPT00004215,ST04,SKU04239,CUST03052,1,460.95,460.95,In-Store,0.0,
2024-11-05,RCPT00004215,ST04,SKU04321,CUST03052,2,961.3,1922.6,In-Store,0.0,
2023-02-27,RCPT00004216,ST29,SKU04349,CUST03915,1,69.0,69.0,In-Store,0.0,
2023-02-27,RCPT00004216,ST29,SKU01272,CUST03915,3,386.08,908.06,In-Store,21.6,PROMO066
2023-02-27,RCPT00004216,ST29,SKU00457,CUST03915,1,265.45,265.45,In-Store,0.0,
2022-07-13,RCPT00004217,ST28,SKU03836,CUST02831,1,442.52,442.52,In-Store,0.0,
2022-07-13,RCPT00004217,ST28,SKU00915,CUST02831,4,771.32,3085.28,In-Store,0.0,
2022-07-13,RCPT00004217,ST28,SKU04321,CUST02831,3,961.3,2883.9,In-Store,0.0,
2022-07-13,RCPT00004217,ST28,SKU01395,CUST02831,1,122.37,122.37,In-Store,0.0,
2025-03-04,RCPT00004218,ST21,SKU03292,CUST01327,1,164.03,164.03,In-Store,0.0,
2025-03-04,RCPT00004218,ST21,SKU02368,CUST01327,1,849.39,849.39,In-Store,0.0,
2025-03-04,RCPT00004218,ST21,SKU00994,CUST01327,2,602.13,1204.26,In-Store,0.0,
2024-10-27,RCPT00004219,ST19,SKU04231,CUST07701,3,25.75,62.42,Mobile App,19.2,PROMO080
2023-09-08,RCPT00004220,ST13,SKU04186,CUST04668,2,176.5,308.17,Mobile App,12.7,PROMO010
2023-09-08,RCPT00004220,ST13,SKU01515,CUST04668,3,478.96,1254.4,Mobile App,12.7,PROMO010
2023-09-08,RCPT00004220,ST13,SKU04016,CUST04668,1,1492.65,1303.08,Mobile App,12.7,PROMO010
2024-10-21,RCPT00004221,ST10,SKU02928,CUST05619,1,1846.27,1846.27,In-Store,0.0,
2024-10-21,RCPT00004221,ST10,SKU02162,CUST05619,1,400.99,400.99,In-Store,0.0,
2024-10-21,RCPT00004221,ST10,SKU04321,CUST05619,1,961.3,961.3,In-Store,0.0,
2024-01-14,RCPT00004222,ST05,SKU02233,CUST08948,3,260.53,781.59,Online,0.0,
2025-12-04,RCPT00004223,ST22,SKU02064,CUST07861,1,45.95,45.95,In-Store,0.0,
2025-12-04,RCPT00004223,ST22,SKU04309,CUST07861,4,126.84,507.36,In-Store,0.0,
2025-04-27,RCPT00004224,ST21,SKU00598,CUST02678,1,155.38,155.38,Online,0.0,
2024-09-03,RCPT00004225,ST14,SKU04321,CUST06414,1,961.3,961.3,Mobile App,0.0,
2022-08-23,RCPT00004226,ST06,SKU02381,CUST06994,1,987.93,987.93,In-Store,0.0,
2022-08-23,RCPT00004226,ST06,SKU01319,CUST06994,1,2048.66,2048.66,In-Store,0.0,
2022-04-05,RCPT00004227,ST07,SKU00483,CUST01198,3,180.8,542.4,In-Store,0.0,
2024-03-23,RCPT00004228,ST30,SKU02185,CUST02073,1,644.41,362.16,Online,43.8,PROMO075
2023-08-09,RCPT00004229,ST11,SKU02954,CUST04169,2,603.3,1206.6,In-Store,0.0,
2023-08-09,RCPT00004229,ST11,SKU00416,CUST04169,4,75.12,300.48,In-Store,0.0,
2023-10-05,RCPT00004230,ST05,SKU00560,CUST05090,1,329.64,329.64,Mobile App,0.0,
2024-02-10,RCPT00004231,ST03,SKU04159,CUST02561,1,2188.36,2188.36,Mobile App,0.0,
2022-08-10,RCPT00004232,ST16,SKU04596,CUST07842,2,335.55,671.1,Mobile App,0.0,
2023-05-05,RCPT00004233,ST24,SKU03897,CUST05383,2,97.07,194.14,In-Store,0.0,
2023-03-26,RCPT00004234,ST23,SKU01836,CUST08731,1,1656.58,1141.38,Online,31.1,PROMO079
2025-08-27,RCPT00004235,ST04,SKU01453,CUST06048,2,1258.86,2517.72,Online,0.0,
2023-04-16,RCPT00004236,ST01,SKU01030,CUST08123,1,224.5,175.33,In-Store,21.9,PROMO046
2023-04-16,RCPT00004236,ST01,SKU03714,CUST08123,5,1127.31,4402.15,In-Store,21.9,PROMO046
2023-11-28,RCPT00004237,ST21,SKU04032,CUST04269,2,203.7,407.4,Online,0.0,
2024-10-25,RCPT00004238,ST10,SKU00158,CUST08029,2,487.98,975.96,Mobile App,0.0,
2024-10-25,RCPT00004238,ST10,SKU03395,CUST08029,2,271.84,543.68,Mobile App,0.0,
2025-11-15,RCPT00004239,ST22,SKU03702,CUST01400,1,473.65,473.65,Online,0.0,
2023-12-29,RCPT00004240,ST30,SKU04562,CUST01775,2,1316.91,1846.31,Mobile App,29.9,PROMO043
2024-07-16,RCPT00004241,ST27,SKU00668,CUST06489,3,219.45,509.56,Online,22.6,PROMO045
2024-07-16,RCPT00004241,ST27,SKU03727,CUST06489,5,1660.93,6427.8,Online,22.6,PROMO045
2024-07-16,RCPT00004241,ST27,SKU03423,CUST06489,2,387.84,600.38,Online,22.6,PROMO045
2024-04-25,RCPT00004242,ST03,SKU02721,CUST07623,1,259.98,259.98,Online,0.0,
2023-07-22,RCPT00004243,ST29,SKU02488,CUST02587,1,3504.3,3504.3,Online,0.0,
2024-02-27,RCPT00004244,ST15,SKU00994,CUST06157,1,602.13,602.13,In-Store,0.0,
2024-02-27,RCPT00004244,ST15,SKU01458,CUST06157,1,551.81,551.81,In-Store,0.0,
2025-08-17,RCPT00004245,ST21,SKU04329,CUST01847,1,2452.07,2452.07,In-Store,0.0,
2025-08-17,RCPT00004245,ST21,SKU00692,CUST01847,1,235.52,235.52,In-Store,0.0,
2024-03-04,RCPT00004246,ST27,SKU01812,CUST06542,2,351.24,702.48,Online,0.0,
2023-06-06,RCPT00004247,ST08,SKU00944,CUST02132,1,717.92,431.47,In-Store,39.9,PROMO040
2024-03-29,RCPT00004248,ST14,SKU04321,CUST00837,2,961.3,1080.5,In-Store,43.8,PROMO075
2024-03-29,RCPT00004248,ST14,SKU03702,CUST00837,4,473.65,1064.77,In-Store,43.8,PROMO075
2022-02-01,RCPT00004249,ST30,SKU00880,CUST00422,2,550.09,1100.18,In-Store,0.0,
2023-06-16,RCPT00004250,ST13,SKU04321,CUST04834,2,961.3,1922.6,In-Store,0.0,
2023-06-16,RCPT00004250,ST13,SKU02382,CUST04834,2,1233.79,2085.11,In-Store,15.5,PROMO054
2025-12-11,RCPT00004251,ST04,SKU04447,CUST03785,3,1190.64,3571.92,In-Store,0.0,
2023-05-26,RCPT00004252,ST14,SKU02382,CUST07298,1,1233.79,1233.79,In-Store,0.0,
2023-05-05,RCPT00004253,ST15,SKU00759,CUST01038,1,481.66,481.66,Mobile App,0.0,
2022-04-04,RCPT00004254,ST27,SKU00190,CUST06647,2,145.42,290.84,In-Store,0.0,
2022-04-04,RCPT00004254,ST27,SKU02715,CUST06647,1,122.27,122.27,In-Store,0.0,
2022-04-04,RCPT00004254,ST27,SKU04954,CUST06647,2,374.72,749.44,In-Store,0.0,
2022-04-04,RCPT00004254,ST27,SKU02046,CUST06647,1,2009.47,2009.47,In-Store,0.0,
2024-06-03,RCPT00004255,ST03,SKU04245,CUST04218,1,217.78,217.78,In-Store,0.0,
2024-06-03,RCPT00004255,ST03,SKU00555,CUST04218,1,77.66,77.66,In-Store,0.0,
2025-01-27,RCPT00004256,ST17,SKU04033,CUST05743,2,141.22,282.44,Online,0.0,
2025-01-27,RCPT00004256,ST17,SKU04321,CUST05743,1,961.3,961.3,Online,0.0,
2025-03-20,RCPT00004257,ST24,SKU04272,CUST03461,2,238.28,476.56,Online,0.0,
2025-03-20,RCPT00004257,ST24,SKU04720,CUST03461,1,2230.86,2230.86,Online,0.0,
2025-03-20,RCPT00004257,ST24,SKU01221,CUST03461,1,2043.23,2043.23,Online,0.0,
2023-07-19,RCPT00004258,ST19,SKU04350,CUST08446,3,394.93,890.96,Online,24.8,PROMO061
2023-07-19,RCPT00004258,ST19,SKU04273,CUST08446,2,1786.15,3572.3,Online,0.0,
2023-07-19,RCPT00004258,ST19,SKU03399,CUST08446,2,159.0,318.0,Online,0.0,
2025-10-07,RCPT00004259,ST28,SKU02480,CUST04693,3,161.91,485.73,Online,0.0,
2023-02-17,RCPT00004260,ST22,SKU00953,CUST02471,1,273.99,273.99,Online,0.0,
2025-11-26,RCPT00004261,ST17,SKU01677,CUST03752,1,127.3,127.3,In-Store,0.0,
2025-11-26,RCPT00004261,ST17,SKU00710,CUST03752,3,1549.12,4647.36,In-Store,0.0,
2024-07-10,RCPT00004262,ST03,SKU04070,CUST02730,3,41.17,95.6,In-Store,22.6,PROMO045
2023-06-15,RCPT00004263,ST21,SKU00068,CUST04772,4,266.94,1067.76,Mobile App,0.0,
2025-06-08,RCPT00004264,ST13,SKU03011,CUST00631,4,109.09,436.36,In-Store,0.0,
2025-06-08,RCPT00004264,ST13,SKU00395,CUST00631,4,1103.12,4412.48,In-Store,0.0,
2025-06-08,RCPT00004264,ST13,SKU04010,CUST00631,1,253.31,253.31,In-Store,0.0,
2025-06-08,RCPT00004264,ST13,SKU02538,CUST00631,3,216.58,649.74,In-Store,0.0,
2025-06-08,RCPT00004264,ST13,SKU01819,CUST00631,4,1045.44,4181.76,In-Store,0.0,
2022-11-11,RCPT00004265,ST04,SKU04604,CUST01746,1,318.32,318.32,In-Store,0.0,
2025-12-30,RCPT00004266,ST14,SKU01987,CUST09503,4,1078.02,4312.08,Online,0.0,
2024-01-25,RCPT00004267,ST21,SKU04321,CUST03109,3,961.3,1493.86,In-Store,48.2,PROMO069
2024-01-25,RCPT00004267,ST21,SKU01278,CUST03109,2,1156.55,1198.19,In-Store,48.2,PROMO069
2024-01-25,RCPT00004267,ST21,SKU04321,CUST03109,1,961.3,497.95,In-Store,48.2,PROMO069
2022-07-25,RCPT00004268,ST20,SKU02141,CUST07749,1,471.88,471.88,Mobile App,0.0,
2022-07-25,RCPT00004268,ST20,SKU04423,CUST07749,4,225.6,902.4,Mobile App,0.0,
2022-07-25,RCPT00004268,ST20,SKU01523,CUST07749,2,291.48,582.96,Mobile App,0.0,
2023-10-25,RCPT00004269,ST10,SKU03498,CUST06328,4,715.4,2861.6,Online,0.0,
2023-10-25,RCPT00004269,ST10,SKU03407,CUST06328,1,2410.17,2410.17,Online,0.0,
2025-08-03,RCPT00004270,ST11,SKU01982,CUST09006,1,88.35,88.35,Mobile App,0.0,
2025-09-23,RCPT00004271,ST22,SKU03379,CUST05217,3,57.39,172.17,Online,0.0,
2022-04-29,RCPT00004272,ST30,SKU02543,CUST06339,4,1956.24,7824.96,In-Store,0.0,
2025-04-15,RCPT00004273,ST21,SKU04338,CUST06452,4,163.32,653.28,In-Store,0.0,
2025-04-15,RCPT00004273,ST21,SKU03353,CUST06452,1,48.61,48.61,In-Store,0.0,
2025-04-15,RCPT00004273,ST21,SKU04321,CUST06452,2,961.3,1922.6,In-Store,0.0,
2024-05-14,RCPT00004274,ST11,SKU00545,CUST04244,4,88.18,237.03,Online,32.8,PROMO036
2024-05-14,RCPT00004274,ST11,SKU01817,CUST04244,4,321.17,863.3,Online,32.8,PROMO036
2024-05-14,RCPT00004274,ST11,SKU02108,CUST04244,1,610.6,410.32,Online,32.8,PROMO036
2022-09-02,RCPT00004275,ST22,SKU01833,CUST06755,2,62.59,113.91,Online,9.0,PROMO033
2022-09-02,RCPT00004275,ST22,SKU04166,CUST06755,1,263.67,239.94,Online,9.0,PROMO033
2022-09-02,RCPT00004275,ST22,SKU02504,CUST06755,1,737.52,671.14,Online,9.0,PROMO033
2023-02-20,RCPT00004276,ST28,SKU02588,CUST08331,3,93.82,281.46,Online,0.0,
2025-05-16,RCPT00004277,ST14,SKU01277,CUST08262,1,1564.08,1564.08,Mobile App,0.0,
2025-05-16,RCPT00004277,ST14,SKU01775,CUST08262,1,204.15,204.15,Mobile App,0.0,
2022-08-22,RCPT00004278,ST09,SKU00685,CUST05953,2,2583.23,5166.46,In-Store,0.0,
2022-10-11,RCPT00004279,ST04,SKU01388,CUST05463,2,163.36,326.72,In-Store,0.0,
2022-10-11,RCPT00004279,ST04,SKU04381,CUST05463,1,192.07,192.07,In-Store,0.0,
2023-11-29,RCPT00004280,ST26,SKU03257,CUST00972,2,358.81,717.62,Mobile App,0.0,
2023-11-29,RCPT00004280,ST26,SKU04041,CUST00972,1,575.93,575.93,Mobile App,0.0,
2025-01-18,RCPT00004281,ST26,SKU01293,CUST00058,2,228.78,457.56,In-Store,0.0,
2025-01-18,RCPT00004281,ST26,SKU04321,CUST00058,1,961.3,961.3,In-Store,0.0,
2025-05-25,RCPT00004282,ST15,SKU01103,CUST07769,1,222.82,222.82,In-Store,0.0,
2025-05-25,RCPT00004282,ST15,SKU04154,CUST07769,2,351.77,703.54,In-Store,0.0,
2023-04-24,RCPT00004283,ST07,SKU01499,CUST00758,2,317.24,634.48,In-Store,0.0,
2022-11-17,RCPT00004284,ST18,SKU00880,CUST06535,1,550.09,550.09,Mobile App,0.0,
2022-11-17,RCPT00004284,ST18,SKU03555,CUST06535,1,213.41,213.41,Mobile App,0.0,
2023-05-09,RCPT00004285,ST01,SKU01056,CUST02291,4,2441.35,9765.4,In-Store,0.0,
2025-04-17,RCPT00004286,ST17,SKU04571,CUST07669,1,868.52,868.52,In-Store,0.0,
2022-10-10,RCPT00004287,ST30,SKU04091,CUST02984,1,590.54,590.54,Mobile App,0.0,
2022-10-10,RCPT00004287,ST30,SKU00881,CUST02984,1,398.92,398.92,Mobile App,0.0,
2022-10-10,RCPT00004287,ST30,SKU03084,CUST02984,2,114.28,228.56,Mobile App,0.0,
2024-01-09,RCPT00004288,ST10,SKU03739,CUST00856,2,140.88,281.76,In-Store,0.0,
2022-04-25,RCPT00004289,ST25,SKU02660,CUST00819,5,81.91,409.55,In-Store,0.0,
2025-04-18,RCPT00004290,ST18,SKU03460,CUST06025,1,3034.93,3034.93,In-Store,0.0,
2022-06-01,RCPT00004291,ST23,SKU04040,CUST01997,5,1438.32,4113.6,In-Store,42.8,PROMO022
2022-06-01,RCPT00004291,ST23,SKU00859,CUST01997,1,2293.14,1311.68,In-Store,42.8,PROMO022
2023-08-22,RCPT00004292,ST21,SKU04329,CUST07820,4,2452.07,8562.63,Mobile App,12.7,PROMO010
2023-08-22,RCPT00004292,ST21,SKU01617,CUST07820,1,182.51,159.33,Mobile App,12.7,PROMO010
2023-08-16,RCPT00004293,ST30,SKU03399,CUST09398,4,159.0,636.0,Mobile App,0.0,
2023-08-16,RCPT00004293,ST30,SKU00938,CUST09398,4,47.74,144.94,Mobile App,24.1,PROMO093
2024-09-13,RCPT00004294,ST06,SKU02930,CUST01605,1,170.16,170.16,In-Store,0.0,
2024-09-13,RCPT00004294,ST06,SKU00996,CUST01605,1,117.61,117.61,In-Store,0.0,
2024-09-13,RCPT00004294,ST06,SKU04813,CUST01605,1,397.81,397.81,In-Store,0.0,
2024-09-13,RCPT00004294,ST06,SKU04321,CUST01605,3,961.3,2883.9,In-Store,0.0,
2025-01-16,RCPT00004295,ST10,SKU01141,CUST09066,2,110.22,220.44,In-Store,0.0,
2025-01-16,RCPT00004295,ST10,SKU03781,CUST09066,2,1471.19,2942.38,In-Store,0.0,
2025-04-18,RCPT00004296,ST06,SKU01037,CUST07054,2,178.07,356.14,In-Store,0.0,
2025-12-27,RCPT00004297,ST16,SKU04596,CUST02954,1,335.55,335.55,In-Store,0.0,
2023-08-14,RCPT00004298,ST27,SKU02728,CUST06584,1,247.37,187.75,In-Store,24.1,PROMO093
2023-08-14,RCPT00004298,ST27,SKU03099,CUST06584,1,189.1,189.1,In-Store,0.0,
2023-08-14,RCPT00004298,ST27,SKU00893,CUST06584,5,690.66,3453.3,In-Store,0.0,
2025-01-12,RCPT00004299,ST12,SKU00500,CUST05771,1,1264.58,1264.58,In-Store,0.0,
2025-01-12,RCPT00004299,ST12,SKU03834,CUST05771,2,1737.86,3475.72,In-Store,0.0,
2025-07-10,RCPT00004300,ST06,SKU04764,CUST03885,1,1249.29,1249.29,In-Store,0.0,
2025-07-10,RCPT00004300,ST06,SKU00746,CUST03885,1,1030.75,1030.75,In-Store,0.0,
2025-07-10,RCPT00004300,ST06,SKU00685,CUST03885,1,2583.23,2583.23,In-Store,0.0,
2022-06-01,RCPT00004301,ST22,SKU04008,CUST02151,3,284.43,488.08,In-Store,42.8,PROMO022
2022-01-08,RCPT00004302,ST14,SKU03630,CUST05724,1,234.93,234.93,In-Store,0.0,
2025-11-16,RCPT00004303,ST11,SKU04939,CUST09881,1,173.32,173.32,Online,0.0,
2025-11-16,RCPT00004303,ST11,SKU03530,CUST09881,1,2126.37,2126.37,Online,0.0,
2025-11-16,RCPT00004303,ST11,SKU04233,CUST09881,3,271.64,814.92,Online,0.0,
2025-11-16,RCPT00004303,ST11,SKU04537,CUST09881,2,100.09,200.18,Online,0.0,
2022-03-13,RCPT00004304,ST05,SKU03374,CUST03177,1,70.93,70.93,Online,0.0,
2022-03-13,RCPT00004304,ST05,SKU01429,CUST03177,1,73.13,73.13,Online,0.0,
2022-03-13,RCPT00004304,ST05,SKU03596,CUST03177,2,222.89,445.78,Online,0.0,
2023-08-17,RCPT00004305,ST22,SKU04682,CUST06205,1,129.38,129.38,Online,0.0,
2024-12-19,RCPT00004306,ST19,SKU03089,CUST00269,3,1571.55,4714.65,Online,0.0,
2024-12-19,RCPT00004306,ST19,SKU00351,CUST00269,2,113.72,227.44,Online,0.0,
2024-12-19,RCPT00004306,ST19,SKU00937,CUST00269,1,767.81,767.81,Online,0.0,
2022-12-08,RCPT00004307,ST14,SKU02930,CUST09822,4,170.16,680.64,Online,0.0,
2022-12-08,RCPT00004307,ST14,SKU04321,CUST09822,2,961.3,1922.6,Online,0.0,
2023-06-09,RCPT00004308,ST02,SKU03640,CUST03463,1,331.65,199.32,Mobile App,39.9,PROMO040
2022-02-05,RCPT00004309,ST29,SKU02508,CUST01601,3,145.13,435.39,In-Store,0.0,
2022-02-05,RCPT00004309,ST29,SKU02297,CUST01601,2,1276.77,2553.54,In-Store,0.0,
2022-02-05,RCPT00004309,ST29,SKU04227,CUST01601,5,283.28,1416.4,In-Store,0.0,
2024-12-13,RCPT00004310,ST30,SKU04269,CUST01142,1,2740.73,2740.73,In-Store,0.0,
2023-01-27,RCPT00004311,ST22,SKU00942,CUST06123,1,172.9,172.9,In-Store,0.0,
2023-01-27,RCPT00004311,ST22,SKU04321,CUST06123,1,961.3,961.3,In-Store,0.0,
2022-09-19,RCPT00004312,ST17,SKU02340,CUST02456,1,234.67,234.67,In-Store,0.0,
2025-03-28,RCPT00004313,ST06,SKU02068,CUST01140,2,249.89,499.78,Online,0.0,
2023-09-25,RCPT00004314,ST21,SKU00060,CUST01832,2,724.16,1448.32,In-Store,0.0,
2023-12-25,RCPT00004315,ST11,SKU03109,CUST09423,3,312.25,656.66,In-Store,29.9,PROMO043
2025-12-04,RCPT00004316,ST20,SKU01987,CUST02652,1,1078.02,1078.02,In-Store,0.0,
2025-12-04,RCPT00004316,ST20,SKU03880,CUST02652,1,719.08,719.08,In-Store,0.0,
2025-12-04,RCPT00004316,ST20,SKU04486,CUST02652,3,1402.38,4207.14,In-Store,0.0,
2025-12-04,RCPT00004316,ST20,SKU03306,CUST02652,2,1549.76,3099.52,In-Store,0.0,
2025-08-05,RCPT00004317,ST30,SKU02407,CUST06045,4,496.3,1985.2,In-Store,0.0,
2023-02-01,RCPT00004318,ST06,SKU04778,CUST08130,1,485.82,485.82,Online,0.0,
2022-03-26,RCPT00004319,ST29,SKU02660,CUST04486,3,81.91,245.73,Online,0.0,
2022-03-26,RCPT00004319,ST29,SKU04466,CUST04486,2,224.59,449.18,Online,0.0,
2023-11-22,RCPT00004320,ST29,SKU03569,CUST00703,1,3079.29,3079.29,In-Store,0.0,
2023-11-22,RCPT00004320,ST29,SKU03050,CUST00703,3,274.23,822.69,In-Store,0.0,
2025-04-05,RCPT00004321,ST17,SKU03156,CUST00569,1,200.11,200.11,In-Store,0.0,
2025-04-05,RCPT00004321,ST17,SKU02374,CUST00569,1,317.99,317.99,In-Store,0.0,
2024-06-14,RCPT00004322,ST06,SKU02088,CUST04272,2,69.31,119.07,In-Store,14.1,PROMO023
2022-06-01,RCPT00004323,ST22,SKU03379,CUST09633,1,57.39,32.83,In-Store,42.8,PROMO022
2024-05-09,RCPT00004324,ST16,SKU00845,CUST09566,3,670.83,2012.49,In-Store,0.0,
2023-05-12,RCPT00004325,ST21,SKU04321,CUST02626,2,961.3,1922.6,Online,0.0,
2023-05-12,RCPT00004325,ST21,SKU00376,CUST02626,1,207.45,207.45,Online,0.0,
2023-05-12,RCPT00004325,ST21,SKU03854,CUST02626,1,482.43,482.43,Online,0.0,
2023-05-12,RCPT00004325,ST21,SKU00774,CUST02626,5,94.61,473.05,Online,0.0,
2024-12-23,RCPT00004326,ST06,SKU02826,CUST09930,4,438.33,1753.32,In-Store,0.0,
2023-06-05,RCPT00004327,ST05,SKU00693,CUST03832,1,1047.53,629.57,Online,39.9,PROMO040
2025-01-27,RCPT00004328,ST04,SKU04166,CUST02072,1,263.67,149.76,Online,43.2,PROMO098
2022-04-22,RCPT00004329,ST11,SKU02381,CUST06804,3,987.93,2963.79,In-Store,0.0,
2022-04-07,RCPT00004330,ST20,SKU00569,CUST02779,5,44.86,224.3,In-Store,0.0,
2022-04-07,RCPT00004330,ST20,SKU01164,CUST02779,1,241.81,241.81,In-Store,0.0,
2022-07-06,RCPT00004331,ST20,SKU04321,CUST01084,1,961.3,961.3,In-Store,0.0,
2022-07-19,RCPT00004332,ST08,SKU04321,CUST04985,2,961.3,1922.6,Online,0.0,
2024-01-20,RCPT00004333,ST22,SKU01048,CUST07156,5,96.18,480.9,In-Store,0.0,
2022-05-10,RCPT00004334,ST26,SKU04321,CUST02282,2,961.3,1922.6,Online,0.0,
2023-08-18,RCPT00004335,ST15,SKU02156,CUST01527,2,184.79,369.58,In-Store,0.0,
2023-03-30,RCPT00004336,ST29,SKU00078,CUST07876,1,820.53,820.53,In-Store,0.0,
2023-03-30,RCPT00004336,ST29,SKU01973,CUST07876,2,317.96,635.92,In-Store,0.0,
2023-03-30,RCPT00004336,ST29,SKU02858,CUST07876,1,90.7,90.7,In-Store,0.0,
2024-06-18,RCPT00004337,ST04,SKU00049,CUST08120,1,584.25,501.87,Online,14.1,PROMO023
2024-06-18,RCPT00004337,ST04,SKU00398,CUST08120,1,522.36,448.71,Online,14.1,PROMO023
2024-06-18,RCPT00004337,ST04,SKU04309,CUST08120,2,126.84,217.91,Online,14.1,PROMO023
2022-09-04,RCPT00004338,ST12,SKU03213,CUST02641,1,226.59,206.2,In-Store,9.0,PROMO033
2022-06-02,RCPT00004339,ST02,SKU03347,CUST03579,1,90.7,51.88,In-Store,42.8,PROMO022
2022-12-09,RCPT00004340,ST24,SKU01775,CUST07725,2,204.15,408.3,In-Store,0.0,
2024-06-20,RCPT00004341,ST05,SKU01137,CUST06647,1,1286.53,1105.13,In-Store,14.1,PROMO023
2023-12-27,RCPT00004342,ST21,SKU01481,CUST02896,4,746.72,2093.8,In-Store,29.9,PROMO043
2023-10-05,RCPT00004343,ST05,SKU00920,CUST05777,1,114.73,114.73,In-Store,0.0,
2023-10-05,RCPT00004343,ST05,SKU03213,CUST05777,3,226.59,679.77,In-Store,0.0,
2022-10-22,RCPT00004344,ST30,SKU01420,CUST01025,1,213.65,213.65,Online,0.0,
2023-06-20,RCPT00004345,ST25,SKU03647,CUST02630,1,1456.54,1456.54,In-Store,0.0,
2023-06-20,RCPT00004345,ST25,SKU04719,CUST02630,1,240.75,240.75,In-Store,0.0,
2023-01-09,RCPT00004346,ST15,SKU00285,CUST08803,1,505.67,505.67,Online,0.0,
2023-01-09,RCPT00004346,ST15,SKU01755,CUST08803,2,158.5,317.0,Online,0.0,
2023-06-02,RCPT00004347,ST27,SKU02657,CUST09293,3,128.75,232.14,In-Store,39.9,PROMO040
2023-06-02,RCPT00004347,ST27,SKU01387,CUST09293,2,236.41,284.16,In-Store,39.9,PROMO040
2024-03-12,RCPT00004348,ST20,SKU01870,CUST06143,1,226.16,127.1,In-Store,43.8,PROMO075
2023-01-01,RCPT00004349,ST10,SKU00224,CUST03330,4,161.86,647.44,Online,0.0,
2023-01-01,RCPT00004349,ST10,SKU03213,CUST03330,4,226.59,906.36,Online,0.0,
2023-01-21,RCPT00004350,ST25,SKU00106,CUST03614,1,200.8,200.8,In-Store,0.0,
2023-01-21,RCPT00004350,ST25,SKU00285,CUST03614,1,505.67,505.67,In-Store,0.0,
2023-07-04,RCPT00004351,ST06,SKU00176,CUST02925,1,45.08,45.08,Online,0.0,
2022-08-06,RCPT00004352,ST22,SKU01858,CUST09914,2,74.37,148.74,In-Store,0.0,
2022-08-06,RCPT00004352,ST22,SKU00079,CUST09914,1,197.9,197.9,In-Store,0.0,
2022-08-06,RCPT00004352,ST22,SKU00875,CUST09914,1,1556.21,1556.21,In-Store,0.0,
2024-11-03,RCPT00004353,ST11,SKU04154,CUST03290,1,351.77,351.77,In-Store,0.0,
2024-11-03,RCPT00004353,ST11,SKU02660,CUST03290,2,81.91,147.6,In-Store,9.9,PROMO009
2023-04-07,RCPT00004354,ST15,SKU01138,CUST04535,1,181.15,181.15,Mobile App,0.0,
2023-04-07,RCPT00004354,ST15,SKU03968,CUST04535,1,119.45,119.45,Mobile App,0.0,
2022-04-27,RCPT00004355,ST25,SKU03055,CUST09392,1,130.59,130.59,In-Store,0.0,
2022-04-27,RCPT00004355,ST25,SKU04321,CUST09392,1,961.3,961.3,In-Store,0.0,
2022-04-27,RCPT00004355,ST25,SKU01966,CUST09392,2,110.6,221.2,In-Store,0.0,
2022-04-27,RCPT00004355,ST25,SKU00264,CUST09392,2,242.74,485.48,In-Store,0.0,
2023-02-18,RCPT00004356,ST21,SKU04596,CUST07643,2,335.55,671.1,In-Store,0.0,
2023-02-18,RCPT00004356,ST21,SKU00540,CUST07643,1,3406.69,3406.69,In-Store,0.0,
2023-02-18,RCPT00004356,ST21,SKU04596,CUST07643,1,335.55,335.55,In-Store,0.0,
2024-07-25,RCPT00004357,ST22,SKU02268,CUST08370,2,205.47,410.94,Mobile App,0.0,
2024-07-25,RCPT00004357,ST22,SKU03530,CUST08370,2,2126.37,4252.74,Mobile App,0.0,
2024-09-15,RCPT00004358,ST06,SKU02265,CUST09758,1,846.76,846.76,Mobile App,0.0,
2025-03-25,RCPT00004359,ST18,SKU04854,CUST00852,2,1401.83,2803.66,In-Store,0.0,
2025-03-25,RCPT00004359,ST18,SKU01127,CUST00852,4,817.54,3270.16,In-Store,0.0,
2022-05-13,RCPT00004360,ST26,SKU03907,CUST02136,1,876.73,876.73,Online,0.0,
2022-05-13,RCPT00004360,ST26,SKU04157,CUST02136,1,2678.35,2678.35,Online,0.0,
2022-05-13,RCPT00004360,ST26,SKU03727,CUST02136,1,1660.93,1660.93,Online,0.0,
2023-03-21,RCPT00004361,ST02,SKU04427,CUST03725,1,149.59,139.12,Online,7.0,PROMO002
2025-11-25,RCPT00004362,ST05,SKU03425,CUST01473,3,202.48,607.44,Mobile App,0.0,
2025-11-25,RCPT00004362,ST05,SKU00953,CUST01473,1,273.99,273.99,Mobile App,0.0,
2025-11-25,RCPT00004362,ST05,SKU04321,CUST01473,2,961.3,1922.6,Mobile App,0.0,
2025-12-27,RCPT00004363,ST15,SKU02923,CUST02251,1,124.18,124.18,In-Store,0.0,
2025-12-27,RCPT00004363,ST15,SKU02196,CUST02251,3,303.5,910.5,In-Store,0.0,
2022-09-04,RCPT00004364,ST22,SKU01371,CUST00369,1,1277.61,1162.63,Online,9.0,PROMO033
2022-09-04,RCPT00004364,ST22,SKU04321,CUST00369,3,961.3,2624.35,Online,9.0,PROMO033
2025-12-16,RCPT00004365,ST15,SKU04321,CUST05840,2,961.3,1922.6,In-Store,0.0,
2025-12-16,RCPT00004365,ST15,SKU02607,CUST05840,4,1090.91,4363.64,In-Store,0.0,
2023-12-08,RCPT00004366,ST12,SKU04959,CUST03269,1,140.13,140.13,In-Store,0.0,
2024-12-10,RCPT00004367,ST14,SKU02983,CUST04414,1,1062.71,1062.71,In-Store,0.0,
2024-12-10,RCPT00004367,ST14,SKU00794,CUST04414,1,120.35,120.35,In-Store,0.0,
2023-05-16,RCPT00004368,ST18,SKU01730,CUST06428,3,100.9,302.7,In-Store,0.0,
2025-04-21,RCPT00004369,ST22,SKU02863,CUST07883,1,110.89,110.89,In-Store,0.0,
2025-08-12,RCPT00004370,ST21,SKU04926,CUST08520,2,458.92,474.52,Mobile App,48.3,PROMO032
2025-08-12,RCPT00004370,ST21,SKU00994,CUST08520,1,602.13,602.13,Mobile App,0.0,
2025-08-12,RCPT00004370,ST21,SKU03657,CUST08520,2,321.49,642.98,Mobile App,0.0,
2024-04-06,RCPT00004371,ST22,SKU03557,CUST08012,5,154.56,387.95,In-Store,49.8,PROMO019
2024-04-06,RCPT00004371,ST22,SKU00692,CUST08012,5,235.52,591.16,In-Store,49.8,PROMO019
2024-04-06,RCPT00004371,ST22,SKU00484,CUST08012,4,179.04,359.51,In-Store,49.8,PROMO019
2025-09-29,RCPT00004372,ST22,SKU04105,CUST05569,3,464.78,1394.34,Online,0.0,
2024-09-22,RCPT00004373,ST10,SKU04627,CUST02188,1,630.47,630.47,In-Store,0.0,
2024-10-02,RCPT00004374,ST10,SKU02742,CUST08478,1,573.61,418.74,In-Store,27.0,PROMO094
2023-06-19,RCPT00004375,ST21,SKU01153,CUST08390,3,897.4,2692.2,Mobile App,0.0,
2023-08-03,RCPT00004376,ST09,SKU04031,CUST08320,2,763.98,768.56,Online,49.7,PROMO030
2023-08-03,RCPT00004376,ST09,SKU04608,CUST08320,3,173.43,261.71,Online,49.7,PROMO030
2022-07-22,RCPT00004377,ST30,SKU04981,CUST04019,4,149.4,597.6,Online,0.0,
2025-07-05,RCPT00004378,ST22,SKU03564,CUST07003,1,105.88,105.88,In-Store,0.0,
2025-07-05,RCPT00004378,ST22,SKU03086,CUST07003,1,410.21,410.21,In-Store,0.0,
2025-11-26,RCPT00004379,ST20,SKU03341,CUST00439,1,163.6,163.6,In-Store,0.0,
2025-11-26,RCPT00004379,ST20,SKU02415,CUST00439,1,441.21,441.21,In-Store,0.0,
2025-11-26,RCPT00004379,ST20,SKU03558,CUST00439,1,1950.04,1950.04,In-Store,0.0,
2025-11-26,RCPT00004379,ST20,SKU02452,CUST00439,2,30.61,61.22,In-Store,0.0,
2024-07-16,RCPT00004380,ST11,SKU01009,CUST07852,2,223.42,345.85,In-Store,22.6,PROMO045
2024-07-16,RCPT00004380,ST11,SKU01085,CUST07852,1,263.64,204.06,In-Store,22.6,PROMO045
2024-07-19,RCPT00004381,ST15,SKU02968,CUST09431,5,1011.61,3914.93,Mobile App,22.6,PROMO045
2023-11-11,RCPT00004382,ST15,SKU00079,CUST06147,4,197.9,791.6,Online,0.0,
2023-11-26,RCPT00004383,ST14,SKU01651,CUST07664,3,107.72,323.16,In-Store,0.0,
2023-11-26,RCPT00004383,ST14,SKU02913,CUST07664,2,348.62,697.24,In-Store,0.0,
2025-10-18,RCPT00004384,ST26,SKU01379,CUST07878,1,193.26,193.26,In-Store,0.0,
2025-10-18,RCPT00004384,ST26,SKU01993,CUST07878,5,142.17,710.85,In-Store,0.0,
2022-06-03,RCPT00004385,ST08,SKU04760,CUST00519,3,216.71,371.87,Online,42.8,PROMO022
2022-06-03,RCPT00004385,ST08,SKU03510,CUST00519,1,143.24,81.93,Online,42.8,PROMO022
2024-06-12,RCPT00004386,ST15,SKU03770,CUST09487,2,691.48,1382.96,In-Store,0.0,
2024-06-12,RCPT00004386,ST15,SKU01534,CUST09487,1,2964.57,2964.57,In-Store,0.0,
2025-06-08,RCPT00004387,ST24,SKU04732,CUST09035,1,102.18,102.18,In-Store,0.0,
2025-06-08,RCPT00004387,ST24,SKU03498,CUST09035,3,715.4,2146.2,In-Store,0.0,
2023-07-23,RCPT00004388,ST01,SKU04321,CUST09534,1,961.3,722.9,Mobile App,24.8,PROMO061
2023-07-23,RCPT00004388,ST01,SKU04871,CUST09534,4,761.27,1531.68,Mobile App,49.7,PROMO030
2025-03-28,RCPT00004389,ST07,SKU04321,CUST05624,1,961.3,816.14,Mobile App,15.1,PROMO067
2023-06-02,RCPT00004390,ST18,SKU04015,CUST02735,1,1698.51,1020.8,Online,39.9,PROMO040
2023-06-02,RCPT00004390,ST18,SKU01242,CUST02735,4,414.93,997.49,Online,39.9,PROMO040
2023-06-02,RCPT00004390,ST18,SKU04995,CUST02735,2,1081.35,1299.78,Online,39.9,PROMO040
2023-06-02,RCPT00004390,ST18,SKU04903,CUST02735,1,237.98,143.03,Online,39.9,PROMO040
2023-10-13,RCPT00004391,ST11,SKU02692,CUST01044,1,2095.03,2095.03,Mobile App,0.0,
2024-08-31,RCPT00004392,ST04,SKU03584,CUST00926,1,48.59,48.59,In-Store,0.0,
2024-08-31,RCPT00004392,ST04,SKU00283,CUST00926,2,560.13,1120.26,In-Store,0.0,
2024-08-31,RCPT00004392,ST04,SKU03784,CUST00926,1,1234.71,1234.71,In-Store,0.0,
2023-11-05,RCPT00004393,ST24,SKU02272,CUST04206,1,2530.84,2530.84,In-Store,0.0,
2023-11-05,RCPT00004393,ST24,SKU04488,CUST04206,2,267.57,535.14,In-Store,0.0,
2022-02-16,RCPT00004394,ST28,SKU04574,CUST09409,2,71.96,143.92,In-Store,0.0,
2022-02-16,RCPT00004394,ST28,SKU00897,CUST09409,3,88.62,265.86,In-Store,0.0,
2022-02-16,RCPT00004394,ST28,SKU00131,CUST09409,3,119.24,357.72,In-Store,0.0,
2022-02-16,RCPT00004394,ST28,SKU01030,CUST09409,1,224.5,224.5,In-Store,0.0,
2022-10-14,RCPT00004395,ST09,SKU03529,CUST08151,1,253.11,253.11,In-Store,0.0,
2024-11-07,RCPT00004396,ST21,SKU02648,CUST07344,1,883.45,883.45,Mobile App,0.0,
2024-11-07,RCPT00004396,ST21,SKU04778,CUST07344,1,485.82,485.82,Mobile App,0.0,
2025-07-06,RCPT00004397,ST22,SKU04082,CUST02544,1,52.98,52.98,In-Store,0.0,
2025-07-06,RCPT00004397,ST22,SKU04924,CUST02544,1,2799.28,2799.28,In-Store,0.0,
2025-03-23,RCPT00004398,ST19,SKU04710,CUST02089,1,1632.84,1632.84,In-Store,0.0,
2025-03-23,RCPT00004398,ST19,SKU03410,CUST02089,2,470.86,941.72,In-Store,0.0,
2025-03-23,RCPT00004398,ST19,SKU03727,CUST02089,1,1660.93,1660.93,In-Store,0.0,
2025-12-23,RCPT00004399,ST11,SKU03353,CUST07654,1,48.61,48.61,Online,0.0,
2025-12-23,RCPT00004399,ST11,SKU01042,CUST07654,1,77.89,77.89,Online,0.0,
2025-12-23,RCPT00004399,ST11,SKU03900,CUST07654,1,516.82,516.82,Online,0.0,
2025-12-23,RCPT00004399,ST11,SKU04828,CUST07654,1,145.98,145.98,Online,0.0,
2025-12-23,RCPT00004399,ST11,SKU01420,CUST07654,1,213.65,213.65,Online,0.0,
2023-01-23,RCPT00004400,ST09,SKU00953,CUST01180,2,273.99,547.98,In-Store,0.0,
2023-01-23,RCPT00004400,ST09,SKU02801,CUST01180,2,288.37,576.74,In-Store,0.0,
2023-01-23,RCPT00004400,ST09,SKU01371,CUST01180,1,1277.61,1277.61,In-Store,0.0,
2023-01-23,RCPT00004400,ST09,SKU00069,CUST01180,2,258.89,517.78,In-Store,0.0,
2023-01-23,RCPT00004400,ST09,SKU04321,CUST01180,1,961.3,961.3,In-Store,0.0,
2025-09-16,RCPT00004401,ST07,SKU03678,CUST06098,2,508.25,1016.5,In-Store,0.0,
2022-09-11,RCPT00004402,ST04,SKU04859,CUST00824,4,2004.51,8018.04,In-Store,0.0,
2022-09-11,RCPT00004402,ST04,SKU01079,CUST00824,4,125.88,503.52,In-Store,0.0,
2022-09-11,RCPT00004402,ST04,SKU02921,CUST00824,3,319.54,958.62,In-Store,0.0,
2025-10-26,RCPT00004403,ST14,SKU01134,CUST00467,2,1312.85,2625.7,Online,0.0,
2025-10-26,RCPT00004403,ST14,SKU00539,CUST00467,1,199.63,199.63,Online,0.0,
2022-05-22,RCPT00004404,ST29,SKU03943,CUST01993,3,216.19,648.57,Online,0.0,
2025-03-10,RCPT00004405,ST07,SKU01500,CUST01899,1,1061.91,1061.91,Online,0.0,
2025-03-10,RCPT00004405,ST07,SKU03150,CUST01899,3,3570.59,10711.77,Online,0.0,
2022-10-22,RCPT00004406,ST08,SKU01727,CUST09503,2,108.74,217.48,In-Store,0.0,
2022-10-22,RCPT00004406,ST08,SKU01775,CUST09503,1,204.15,204.15,In-Store,0.0,
2025-10-02,RCPT00004407,ST27,SKU00538,CUST03090,1,1101.07,1007.48,In-Store,8.5,PROMO007
2025-10-02,RCPT00004407,ST27,SKU04633,CUST03090,1,620.55,620.55,In-Store,0.0,
2025-10-02,RCPT00004407,ST27,SKU01685,CUST03090,4,135.27,541.08,In-Store,0.0,
2023-03-17,RCPT00004408,ST29,SKU03727,CUST00163,2,1660.93,3089.33,In-Store,7.0,PROMO002
2023-03-17,RCPT00004408,ST29,SKU04805,CUST00163,1,136.32,126.78,In-Store,7.0,PROMO002
2025-02-03,RCPT00004409,ST05,SKU03907,CUST05472,1,876.73,876.73,In-Store,0.0,
2025-02-03,RCPT00004409,ST05,SKU02087,CUST05472,2,62.98,125.96,In-Store,0.0,
2025-02-03,RCPT00004409,ST05,SKU04150,CUST05472,1,143.14,143.14,In-Store,0.0,
2025-02-03,RCPT00004409,ST05,SKU04321,CUST05472,2,961.3,1922.6,In-Store,0.0,
2022-02-14,RCPT00004410,ST21,SKU01862,CUST00369,3,439.89,1319.67,In-Store,0.0,
2025-05-23,RCPT00004411,ST20,SKU04518,CUST03546,1,137.78,137.78,Online,0.0,
2025-05-23,RCPT00004411,ST20,SKU04918,CUST03546,4,64.2,256.8,Online,0.0,
2025-05-23,RCPT00004411,ST20,SKU02282,CUST03546,1,199.33,199.33,Online,0.0,
2025-05-23,RCPT00004411,ST20,SKU01988,CUST03546,1,331.12,331.12,Online,0.0,
2024-02-04,RCPT00004412,ST07,SKU00092,CUST03399,1,809.88,809.88,In-Store,0.0,
2024-02-04,RCPT00004412,ST07,SKU04048,CUST03399,1,89.34,49.67,In-Store,44.4,PROMO044
2024-02-21,RCPT00004413,ST30,SKU04051,CUST07097,1,1548.72,1548.72,In-Store,0.0,
2024-02-21,RCPT00004413,ST30,SKU04595,CUST07097,2,1742.83,3485.66,In-Store,0.0,
2025-04-01,RCPT00004414,ST21,SKU04200,CUST01604,1,520.84,520.84,Mobile App,0.0,
2024-04-01,RCPT00004415,ST05,SKU03639,CUST08635,3,137.55,231.91,Online,43.8,PROMO075
2024-04-01,RCPT00004415,ST05,SKU02440,CUST08635,1,133.47,75.01,Online,43.8,PROMO075
2024-04-01,RCPT00004415,ST05,SKU04462,CUST08635,5,191.58,538.34,Online,43.8,PROMO075
2023-09-16,RCPT00004416,ST14,SKU01986,CUST04542,4,2055.6,8222.4,In-Store,0.0,
2023-09-16,RCPT00004416,ST14,SKU02454,CUST04542,1,1057.56,1057.56,In-Store,0.0,
2022-08-22,RCPT00004417,ST21,SKU01920,CUST08253,1,314.41,314.41,In-Store,0.0,
2022-08-22,RCPT00004417,ST21,SKU04626,CUST08253,1,468.52,468.52,In-Store,0.0,
2022-08-22,RCPT00004417,ST21,SKU02879,CUST08253,4,131.72,526.88,In-Store,0.0,
2022-08-22,RCPT00004417,ST21,SKU03796,CUST08253,1,1839.46,1839.46,In-Store,0.0,
2022-03-24,RCPT00004418,ST27,SKU00924,CUST09580,2,401.13,802.26,In-Store,0.0,
2022-03-24,RCPT00004418,ST27,SKU00753,CUST09580,5,180.02,900.1,In-Store,0.0,
2022-03-24,RCPT00004418,ST27,SKU02215,CUST09580,1,731.38,731.38,In-Store,0.0,
2022-09-25,RCPT00004419,ST21,SKU04784,CUST07841,3,1758.96,5276.88,In-Store,0.0,
2022-09-25,RCPT00004419,ST21,SKU04320,CUST07841,1,2952.52,2952.52,In-Store,0.0,
2022-09-25,RCPT00004419,ST21,SKU00333,CUST07841,1,61.52,61.52,In-Store,0.0,
2022-09-25,RCPT00004419,ST21,SKU03230,CUST07841,4,622.02,2488.08,In-Store,0.0,
2025-04-20,RCPT00004420,ST29,SKU04501,CUST04024,2,365.13,730.26,In-Store,0.0,
2025-04-02,RCPT00004421,ST25,SKU02683,CUST00155,2,371.82,743.64,Online,0.0,
2025-04-02,RCPT00004421,ST25,SKU00874,CUST00155,1,872.01,872.01,Online,0.0,
2024-08-08,RCPT00004422,ST14,SKU04321,CUST09182,2,961.3,1922.6,Mobile App,0.0,
2024-06-13,RCPT00004423,ST21,SKU04321,CUST08442,1,961.3,825.76,In-Store,14.1,PROMO023
2024-06-13,RCPT00004423,ST21,SKU04321,CUST08442,2,961.3,1651.51,In-Store,14.1,PROMO023
2024-06-13,RCPT00004423,ST21,SKU04032,CUST08442,3,203.7,524.93,In-Store,14.1,PROMO023
2024-07-24,RCPT00004424,ST14,SKU01092,CUST05613,1,1883.52,1883.52,Online,0.0,
2025-11-11,RCPT00004425,ST27,SKU00001,CUST01476,1,813.41,813.41,In-Store,0.0,
2025-11-11,RCPT00004425,ST27,SKU02141,CUST01476,1,471.88,471.88,In-Store,0.0,
2025-11-11,RCPT00004425,ST27,SKU04702,CUST01476,4,2187.66,8750.64,In-Store,0.0,
2023-09-01,RCPT00004426,ST04,SKU02757,CUST08031,1,191.03,166.77,In-Store,12.7,PROMO010
2023-09-01,RCPT00004426,ST04,SKU02048,CUST08031,1,520.27,454.2,In-Store,12.7,PROMO010
2023-09-01,RCPT00004426,ST04,SKU03402,CUST08031,4,612.66,2139.41,In-Store,12.7,PROMO010
2023-09-01,RCPT00004426,ST04,SKU03801,CUST08031,1,657.63,574.11,In-Store,12.7,PROMO010
2024-11-01,RCPT00004427,ST11,SKU03799,CUST01955,1,272.04,272.04,In-Store,0.0,
2024-11-01,RCPT00004427,ST11,SKU04381,CUST01955,4,192.07,768.28,In-Store,0.0,
2023-07-15,RCPT00004428,ST19,SKU00192,CUST05184,1,165.78,165.78,In-Store,0.0,
2023-11-23,RCPT00004429,ST15,SKU02640,CUST04106,1,1563.22,1327.17,Online,15.1,PROMO064
2024-12-23,RCPT00004430,ST29,SKU04321,CUST01071,1,961.3,961.3,Mobile App,0.0,
2023-04-10,RCPT00004431,ST17,SKU00953,CUST05362,4,273.99,989.65,In-Store,9.7,PROMO072
2023-04-10,RCPT00004431,ST17,SKU04714,CUST05362,1,2007.28,1567.69,In-Store,21.9,PROMO046
2023-04-10,RCPT00004431,ST17,SKU03581,CUST05362,1,2270.43,1773.21,In-Store,21.9,PROMO046
2023-04-10,RCPT00004431,ST17,SKU04321,CUST05362,1,961.3,750.78,In-Store,21.9,PROMO046
2024-08-28,RCPT00004432,ST15,SKU02433,CUST00502,2,89.32,178.64,In-Store,0.0,
2025-10-06,RCPT00004433,ST03,SKU03727,CUST03547,3,1660.93,4982.79,In-Store,0.0,
2025-10-13,RCPT00004434,ST06,SKU00038,CUST06421,1,377.52,377.52,Online,0.0,
2025-10-13,RCPT00004434,ST06,SKU01547,CUST06421,1,165.64,165.64,Online,0.0,
2025-10-13,RCPT00004434,ST06,SKU00001,CUST06421,1,813.41,813.41,Online,0.0,
2025-10-13,RCPT00004434,ST06,SKU04321,CUST06421,1,961.3,961.3,Online,0.0,
2022-08-17,RCPT00004435,ST18,SKU03727,CUST01512,1,1660.93,1660.93,Mobile App,0.0,
2022-08-17,RCPT00004435,ST18,SKU03803,CUST01512,4,989.21,3956.84,Mobile App,0.0,
2025-04-23,RCPT00004436,ST29,SKU01486,CUST06485,1,571.01,571.01,In-Store,0.0,
2025-04-23,RCPT00004436,ST29,SKU03708,CUST06485,1,102.64,102.64,In-Store,0.0,
2023-04-05,RCPT00004437,ST26,SKU04381,CUST02548,2,192.07,384.14,Online,0.0,
2023-04-05,RCPT00004437,ST26,SKU02314,CUST02548,1,471.33,471.33,Online,0.0,
2023-04-05,RCPT00004437,ST26,SKU02770,CUST02548,1,756.35,756.35,Online,0.0,
2025-08-15,RCPT00004438,ST07,SKU01688,CUST04140,5,158.65,793.25,Mobile App,0.0,
2025-08-15,RCPT00004438,ST07,SKU00270,CUST04140,2,521.54,1043.08,Mobile App,0.0,
2025-09-29,RCPT00004439,ST29,SKU04321,CUST09692,1,961.3,961.3,In-Store,0.0,
2024-08-16,RCPT00004440,ST29,SKU03727,CUST08271,3,1660.93,4982.79,Mobile App,0.0,
2024-08-16,RCPT00004440,ST29,SKU04105,CUST08271,3,464.78,1394.34,Mobile App,0.0,
2024-08-16,RCPT00004440,ST29,SKU02468,CUST08271,3,174.85,524.55,Mobile App,0.0,
2022-03-10,RCPT00004441,ST07,SKU04575,CUST06743,1,80.19,80.19,Mobile App,0.0,
2023-12-03,RCPT00004442,ST30,SKU02918,CUST06678,1,2294.61,2294.61,Mobile App,0.0,
2025-10-15,RCPT00004443,ST24,SKU03055,CUST03054,1,130.59,130.59,In-Store,0.0,
2022-10-24,RCPT00004444,ST12,SKU00079,CUST06385,1,197.9,197.9,Mobile App,0.0,
2022-10-24,RCPT00004444,ST12,SKU02334,CUST06385,1,240.73,240.73,Mobile App,0.0,
2022-10-24,RCPT00004444,ST12,SKU04143,CUST06385,1,413.46,413.46,Mobile App,0.0,
2022-10-24,RCPT00004444,ST12,SKU03270,CUST06385,1,147.5,147.5,Mobile App,0.0,
2022-06-09,RCPT00004445,ST07,SKU04321,CUST01348,1,961.3,549.86,In-Store,42.8,PROMO022
2022-06-09,RCPT00004445,ST07,SKU02930,CUST01348,1,170.16,97.33,In-Store,42.8,PROMO022
2023-08-11,RCPT00004446,ST11,SKU00190,CUST06035,3,145.42,331.12,Online,24.1,PROMO093
2023-08-11,RCPT00004446,ST11,SKU02159,CUST06035,2,221.13,442.26,Online,0.0,
2023-08-22,RCPT00004447,ST11,SKU04321,CUST08744,2,961.3,1678.43,In-Store,12.7,PROMO010
2023-08-22,RCPT00004447,ST11,SKU03476,CUST08744,2,681.44,1189.79,In-Store,12.7,PROMO010
2023-08-22,RCPT00004447,ST11,SKU00992,CUST08744,1,188.51,164.57,In-Store,12.7,PROMO010
2023-04-21,RCPT00004448,ST11,SKU00542,CUST08414,3,1367.3,4101.9,In-Store,0.0,
2023-04-21,RCPT00004448,ST11,SKU00190,CUST08414,1,145.42,145.42,In-Store,0.0,
2023-04-21,RCPT00004448,ST11,SKU04865,CUST08414,3,1576.52,4729.56,In-Store,0.0,
2024-08-05,RCPT00004449,ST08,SKU00079,CUST02006,2,197.9,395.8,Online,0.0,
2022-06-17,RCPT00004450,ST06,SKU02983,CUST08633,2,1062.71,1215.74,Online,42.8,PROMO022
2024-05-04,RCPT00004451,ST12,SKU01037,CUST08322,1,178.07,167.56,In-Store,5.9,PROMO016
2025-12-17,RCPT00004452,ST20,SKU01776,CUST01940,1,149.32,149.32,In-Store,0.0,
2025-12-17,RCPT00004452,ST20,SKU01211,CUST01940,1,261.45,261.45,In-Store,0.0,
2025-12-17,RCPT00004452,ST20,SKU01321,CUST01940,4,1107.76,4431.04,In-Store,0.0,
2022-12-20,RCPT00004453,ST24,SKU00779,CUST05650,2,664.45,1328.9,In-Store,0.0,
2025-09-16,RCPT00004454,ST28,SKU01363,CUST08032,1,3184.6,3184.6,Online,0.0,
2025-09-16,RCPT00004454,ST28,SKU01156,CUST08032,5,2106.88,10534.4,Online,0.0,
2025-08-27,RCPT00004455,ST20,SKU04411,CUST09866,1,412.29,412.29,In-Store,0.0,
2023-11-17,RCPT00004456,ST23,SKU04292,CUST04329,1,175.78,175.78,Online,0.0,
2022-11-23,RCPT00004457,ST08,SKU04321,CUST08945,2,961.3,1922.6,In-Store,0.0,
2022-11-23,RCPT00004457,ST08,SKU03727,CUST08945,5,1660.93,8304.65,In-Store,0.0,
2023-02-03,RCPT00004458,ST13,SKU02820,CUST08700,2,859.3,1718.6,Online,0.0,
2023-02-03,RCPT00004458,ST13,SKU03727,CUST08700,1,1660.93,1660.93,Online,0.0,
2024-11-08,RCPT00004459,ST08,SKU02293,CUST09883,3,171.48,514.44,Online,0.0,
2022-11-16,RCPT00004460,ST07,SKU02836,CUST02749,2,1144.77,2289.54,In-Store,0.0,
2025-04-29,RCPT00004461,ST17,SKU04938,CUST07581,2,145.29,290.58,In-Store,0.0,
2025-04-29,RCPT00004461,ST17,SKU04110,CUST07581,1,449.47,449.47,In-Store,0.0,
2025-04-29,RCPT00004461,ST17,SKU00135,CUST07581,5,191.52,957.6,In-Store,0.0,
2024-07-05,RCPT00004462,ST01,SKU04710,CUST07170,1,1632.84,1263.82,Online,22.6,PROMO045
2023-08-02,RCPT00004463,ST13,SKU04811,CUST04565,1,281.13,211.41,In-Store,24.8,PROMO061
2023-08-02,RCPT00004463,ST13,SKU03476,CUST04565,1,681.44,342.76,In-Store,49.7,PROMO030
2025-03-29,RCPT00004464,ST20,SKU02531,CUST08339,1,143.49,100.16,Online,30.2,PROMO090
2024-03-25,RCPT00004465,ST29,SKU01807,CUST00324,2,288.3,324.05,In-Store,43.8,PROMO075
2024-03-25,RCPT00004465,ST29,SKU02576,CUST00324,1,633.16,355.84,In-Store,43.8,PROMO075
2022-02-07,RCPT00004466,ST29,SKU01398,CUST05440,1,648.34,648.34,In-Store,0.0,
2022-02-07,RCPT00004466,ST29,SKU00916,CUST05440,1,268.02,268.02,In-Store,0.0,
2023-11-16,RCPT00004467,ST20,SKU02699,CUST04933,1,94.86,94.86,Online,0.0,
2024-12-27,RCPT00004468,ST10,SKU02454,CUST06180,4,1057.56,4230.24,In-Store,0.0,
2024-12-27,RCPT00004468,ST10,SKU04455,CUST06180,2,143.47,286.94,In-Store,0.0,
2024-12-27,RCPT00004468,ST10,SKU04321,CUST06180,2,961.3,1922.6,In-Store,0.0,
2024-12-27,RCPT00004468,ST10,SKU03225,CUST06180,4,1644.59,6578.36,In-Store,0.0,
2022-01-04,RCPT00004469,ST18,SKU01261,CUST06555,2,327.98,655.96,In-Store,0.0,
2022-01-04,RCPT00004469,ST18,SKU03960,CUST06555,1,171.93,171.93,In-Store,0.0,
2022-01-04,RCPT00004469,ST18,SKU02654,CUST06555,1,215.5,215.5,In-Store,0.0,
2022-01-04,RCPT00004469,ST18,SKU00177,CUST06555,3,114.65,343.95,In-Store,0.0,
2025-07-10,RCPT00004470,ST09,SKU00572,CUST00915,2,299.2,598.4,Mobile App,0.0,
2025-05-19,RCPT00004471,ST08,SKU00169,CUST00613,1,95.37,95.37,Mobile App,0.0,
2025-05-19,RCPT00004471,ST08,SKU01037,CUST00613,4,178.07,712.28,Mobile App,0.0,
2022-12-14,RCPT00004472,ST28,SKU02945,CUST05975,1,866.32,866.32,Online,0.0,
2022-05-03,RCPT00004473,ST12,SKU04321,CUST08351,1,961.3,961.3,In-Store,0.0,
2022-05-03,RCPT00004473,ST12,SKU02553,CUST08351,4,97.96,391.84,In-Store,0.0,
2023-11-15,RCPT00004474,ST26,SKU03859,CUST01163,1,109.65,109.65,In-Store,0.0,
2024-05-16,RCPT00004475,ST27,SKU00043,CUST07818,1,615.37,413.53,Online,32.8,PROMO036
2024-05-16,RCPT00004475,ST27,SKU01030,CUST07818,3,224.5,452.59,Online,32.8,PROMO036
2025-05-04,RCPT00004476,ST07,SKU00966,CUST09628,1,361.28,324.43,In-Store,10.2,PROMO003
2025-05-04,RCPT00004476,ST07,SKU01184,CUST09628,2,891.4,1782.8,In-Store,0.0,
2024-10-26,RCPT00004477,ST17,SKU04155,CUST01628,2,2612.22,5224.44,In-Store,0.0,
2025-11-13,RCPT00004478,ST24,SKU03133,CUST07676,1,262.89,262.89,Online,0.0,
2024-05-24,RCPT00004479,ST17,SKU04321,CUST03594,2,961.3,1922.6,Mobile App,0.0,
2024-05-24,RCPT00004479,ST17,SKU04321,CUST03594,3,961.3,2883.9,Mobile App,0.0,
2022-04-05,RCPT00004480,ST20,SKU03855,CUST08774,2,683.9,1367.8,In-Store,0.0,
2022-04-05,RCPT00004480,ST20,SKU00289,CUST08774,3,539.37,1618.11,In-Store,0.0,
2024-12-19,RCPT00004481,ST27,SKU03900,CUST07960,2,516.82,1033.64,Mobile App,0.0,
2024-06-23,RCPT00004482,ST23,SKU04571,CUST06480,1,868.52,625.33,Online,28.0,PROMO081
2025-07-12,RCPT00004483,ST29,SKU00002,CUST06911,3,70.38,211.14,In-Store,0.0,
2025-07-12,RCPT00004483,ST29,SKU04329,CUST06911,4,2452.07,9808.28,In-Store,0.0,
2025-10-26,RCPT00004484,ST05,SKU02538,CUST07743,1,216.58,216.58,In-Store,0.0,
2024-11-29,RCPT00004485,ST16,SKU04489,CUST04829,1,251.01,251.01,In-Store,0.0,
2024-11-29,RCPT00004485,ST16,SKU02068,CUST04829,3,249.89,749.67,In-Store,0.0,
2024-11-29,RCPT00004485,ST16,SKU02036,CUST04829,2,207.39,414.78,In-Store,0.0,
2024-11-29,RCPT00004485,ST16,SKU01645,CUST04829,2,448.03,896.06,In-Store,0.0,
2024-03-10,RCPT00004486,ST07,SKU04350,CUST03401,2,394.93,443.9,In-Store,43.8,PROMO075
2024-03-10,RCPT00004486,ST07,SKU04502,CUST03401,1,44.87,25.22,In-Store,43.8,PROMO075
2024-03-10,RCPT00004486,ST07,SKU01153,CUST03401,1,897.4,504.34,In-Store,43.8,PROMO075
2022-06-07,RCPT00004487,ST29,SKU03578,CUST00941,1,225.73,129.12,Online,42.8,PROMO022
2022-06-07,RCPT00004487,ST29,SKU00994,CUST00941,1,602.13,344.42,Online,42.8,PROMO022
2023-06-03,RCPT00004488,ST23,SKU00845,CUST01059,3,670.83,1209.51,In-Store,39.9,PROMO040
2024-03-02,RCPT00004489,ST22,SKU04321,CUST08967,1,961.3,961.3,Online,0.0,
2024-03-02,RCPT00004489,ST22,SKU03890,CUST08967,1,659.39,659.39,Online,0.0,
2023-09-04,RCPT00004490,ST18,SKU04810,CUST06485,1,33.31,29.08,In-Store,12.7,PROMO010
2024-02-25,RCPT00004491,ST09,SKU03062,CUST09731,1,250.47,250.47,In-Store,0.0,
2023-01-23,RCPT00004492,ST22,SKU02071,CUST00662,1,179.94,179.94,Mobile App,0.0,
2022-05-07,RCPT00004493,ST14,SKU02878,CUST08497,1,2895.0,2895.0,In-Store,0.0,
2022-05-07,RCPT00004493,ST14,SKU00893,CUST08497,3,690.66,2071.98,In-Store,0.0,
2022-05-07,RCPT00004493,ST14,SKU04321,CUST08497,1,961.3,961.3,In-Store,0.0,
2022-09-26,RCPT00004494,ST30,SKU04054,CUST07066,3,34.95,104.85,Mobile App,0.0,
2022-09-26,RCPT00004494,ST30,SKU01358,CUST07066,4,180.03,720.12,Mobile App,0.0,
2022-09-26,RCPT00004494,ST30,SKU04309,CUST07066,1,126.84,126.84,Mobile App,0.0,
2024-11-28,RCPT00004495,ST24,SKU04321,CUST06492,1,961.3,961.3,Online,0.0,
2022-01-31,RCPT00004496,ST25,SKU00521,CUST07697,1,288.5,288.5,In-Store,0.0,
2022-01-31,RCPT00004496,ST25,SKU04321,CUST07697,3,961.3,2883.9,In-Store,0.0,
2025-07-25,RCPT00004497,ST21,SKU02786,CUST03757,2,69.89,139.78,In-Store,0.0,
2025-10-17,RCPT00004498,ST04,SKU02161,CUST00899,3,130.68,392.04,Online,0.0,
2024-09-27,RCPT00004499,ST04,SKU04321,CUST04337,1,961.3,701.75,In-Store,27.0,PROMO094
2024-07-07,RCPT00004500,ST05,SKU01217,CUST04498,2,184.17,285.1,Mobile App,22.6,PROMO045
2023-08-23,RCPT00004501,ST10,SKU04909,CUST02629,1,190.96,166.71,In-Store,12.7,PROMO010
2023-08-23,RCPT00004501,ST10,SKU02036,CUST02629,1,207.39,181.05,In-Store,12.7,PROMO010
2022-10-17,RCPT00004502,ST03,SKU04936,CUST05305,3,328.89,986.67,Mobile App,0.0,
2022-10-17,RCPT00004502,ST03,SKU04559,CUST05305,1,2625.43,2625.43,Mobile App,0.0,
2022-10-17,RCPT00004502,ST03,SKU00897,CUST05305,4,88.62,354.48,Mobile App,0.0,
2024-11-17,RCPT00004503,ST05,SKU00375,CUST05749,1,115.0,115.0,In-Store,0.0,
2024-11-17,RCPT00004503,ST05,SKU04321,CUST05749,5,961.3,4806.5,In-Store,0.0,
2023-11-04,RCPT00004504,ST10,SKU00285,CUST03018,1,505.67,505.67,Online,0.0,
2022-06-24,RCPT00004505,ST29,SKU00302,CUST01283,1,299.91,299.91,Mobile App,0.0,
2022-06-24,RCPT00004505,ST29,SKU03165,CUST01283,1,319.76,319.76,Mobile App,0.0,
2024-08-05,RCPT00004506,ST21,SKU00796,CUST09627,2,103.4,206.8,Online,0.0,
2024-08-05,RCPT00004506,ST21,SKU03937,CUST09627,1,235.76,235.76,Online,0.0,
2024-08-05,RCPT00004506,ST21,SKU04989,CUST09627,1,80.54,80.54,Online,0.0,
2023-09-09,RCPT00004507,ST16,SKU01555,CUST03501,3,110.36,289.03,Online,12.7,PROMO010
2023-09-09,RCPT00004507,ST16,SKU04828,CUST03501,3,145.98,382.32,Online,12.7,PROMO010
2023-09-09,RCPT00004507,ST16,SKU01033,CUST03501,2,1645.61,2873.24,Online,12.7,PROMO010
2023-09-09,RCPT00004507,ST16,SKU02776,CUST03501,2,234.93,410.19,Online,12.7,PROMO010
2023-10-10,RCPT00004508,ST30,SKU02515,CUST03808,1,123.38,123.38,Mobile App,0.0,
2023-10-10,RCPT00004508,ST30,SKU00793,CUST03808,3,1050.17,3150.51,Mobile App,0.0,
2025-04-06,RCPT00004509,ST09,SKU01785,CUST08098,3,110.74,231.89,In-Store,30.2,PROMO090
2023-09-22,RCPT00004510,ST05,SKU01681,CUST01424,1,544.45,544.45,Mobile App,0.0,
2022-02-19,RCPT00004511,ST14,SKU01255,CUST07716,2,182.77,365.54,Mobile App,0.0,
2022-02-19,RCPT00004511,ST14,SKU03292,CUST07716,1,164.03,164.03,Mobile App,0.0,
2022-02-19,RCPT00004511,ST14,SKU02747,CUST07716,3,561.26,1683.78,Mobile App,0.0,
2024-08-25,RCPT00004512,ST07,SKU01030,CUST04741,1,224.5,224.5,In-Store,0.0,
2023-10-07,RCPT00004513,ST15,SKU00696,CUST01928,2,246.47,492.94,In-Store,0.0,
2025-06-05,RCPT00004514,ST17,SKU03713,CUST03673,1,197.54,197.54,In-Store,0.0,
2025-07-23,RCPT00004515,ST08,SKU03199,CUST01797,1,78.08,78.08,In-Store,0.0,
2025-07-23,RCPT00004515,ST08,SKU01977,CUST01797,1,107.84,107.84,In-Store,0.0,
2022-04-10,RCPT00004516,ST30,SKU04596,CUST02104,4,335.55,1342.2,Online,0.0,
2022-04-10,RCPT00004516,ST30,SKU04297,CUST02104,3,327.55,982.65,Online,0.0,
2022-06-12,RCPT00004517,ST06,SKU00685,CUST07532,1,2583.23,1477.61,Online,42.8,PROMO022
2022-06-12,RCPT00004517,ST06,SKU01189,CUST07532,4,2299.8,5261.94,Online,42.8,PROMO022
2023-02-22,RCPT00004518,ST18,SKU03130,CUST03040,2,4194.16,8388.32,Online,0.0,
2024-08-31,RCPT00004519,ST07,SKU00454,CUST01725,1,79.58,79.58,Mobile App,0.0,
2025-04-16,RCPT00004520,ST10,SKU03966,CUST01727,1,367.96,367.96,In-Store,0.0,
2025-04-16,RCPT00004520,ST10,SKU02983,CUST01727,1,1062.71,1062.71,In-Store,0.0,
2025-04-16,RCPT00004520,ST10,SKU00942,CUST01727,1,172.9,172.9,In-Store,0.0,
2025-04-16,RCPT00004520,ST10,SKU01295,CUST01727,1,148.61,148.61,In-Store,0.0,
2025-04-16,RCPT00004520,ST10,SKU04126,CUST01727,3,1646.95,4940.85,In-Store,0.0,
2023-11-29,RCPT00004521,ST21,SKU00279,CUST03202,2,109.8,219.6,In-Store,0.0,
2025-11-28,RCPT00004522,ST21,SKU04459,CUST05429,2,1349.01,2698.02,In-Store,0.0,
2025-11-28,RCPT00004522,ST21,SKU00169,CUST05429,1,95.37,95.37,In-Store,0.0,
2025-11-28,RCPT00004522,ST21,SKU00953,CUST05429,2,273.99,547.98,In-Store,0.0,
2024-04-27,RCPT00004523,ST15,SKU04508,CUST08680,2,375.55,751.1,Online,0.0,
2024-10-17,RCPT00004524,ST21,SKU00179,CUST04371,1,85.36,85.36,In-Store,0.0,
2025-12-30,RCPT00004525,ST29,SKU04362,CUST07232,1,233.42,233.42,Online,0.0,
2024-01-07,RCPT00004526,ST01,SKU00016,CUST05084,1,3478.65,3478.65,Online,0.0,
2024-01-07,RCPT00004526,ST01,SKU03107,CUST05084,2,135.95,271.9,Online,0.0,
2024-01-07,RCPT00004526,ST01,SKU01943,CUST05084,1,1053.43,1053.43,Online,0.0,
2024-01-07,RCPT00004526,ST01,SKU03292,CUST05084,1,164.03,164.03,Online,0.0,
2024-06-30,RCPT00004527,ST26,SKU03969,CUST02024,2,109.07,168.84,In-Store,22.6,PROMO045
2024-06-30,RCPT00004527,ST26,SKU01610,CUST02024,2,579.62,834.65,In-Store,28.0,PROMO081
2024-06-30,RCPT00004527,ST26,SKU00493,CUST02024,1,391.9,303.33,In-Store,22.6,PROMO045
2025-11-26,RCPT00004528,ST11,SKU04596,CUST07543,3,335.55,1006.65,In-Store,0.0,
2025-11-26,RCPT00004528,ST11,SKU02720,CUST07543,3,139.98,419.94,In-Store,0.0,
2023-08-23,RCPT00004529,ST18,SKU04321,CUST00080,2,961.3,1678.43,Online,12.7,PROMO010
2024-07-18,RCPT00004530,ST09,SKU01303,CUST03905,3,413.39,959.89,Mobile App,22.6,PROMO045
2024-07-18,RCPT00004530,ST09,SKU02625,CUST03905,4,621.46,1924.04,Mobile App,22.6,PROMO045
2023-12-19,RCPT00004531,ST10,SKU02180,CUST04415,1,98.03,98.03,In-Store,0.0,
2025-06-21,RCPT00004532,ST03,SKU03059,CUST06358,1,567.73,567.73,Online,0.0,
2025-01-15,RCPT00004533,ST21,SKU00903,CUST03806,2,413.75,827.5,Online,0.0,
2025-01-15,RCPT00004533,ST21,SKU00692,CUST03806,1,235.52,235.52,Online,0.0,
2025-01-15,RCPT00004533,ST21,SKU02980,CUST03806,1,1789.14,1789.14,Online,0.0,
2025-03-27,RCPT00004534,ST28,SKU01315,CUST09699,1,1695.35,1695.35,In-Store,0.0,
2025-03-27,RCPT00004534,ST28,SKU03743,CUST09699,1,253.24,253.24,In-Store,0.0,
2022-10-31,RCPT00004535,ST29,SKU00166,CUST03121,1,830.77,830.77,In-Store,0.0,
2024-05-23,RCPT00004536,ST23,SKU04998,CUST02276,2,1238.94,2477.88,In-Store,0.0,
2023-11-23,RCPT00004537,ST26,SKU00994,CUST03312,1,602.13,511.21,Online,15.1,PROMO064
2023-11-23,RCPT00004537,ST26,SKU04571,CUST03312,3,868.52,2605.56,Online,0.0,
2023-11-23,RCPT00004537,ST26,SKU04665,CUST03312,3,1605.02,4815.06,Online,0.0,
2025-08-12,RCPT00004538,ST19,SKU03990,CUST05684,1,690.44,690.44,Online,0.0,
2025-08-12,RCPT00004538,ST19,SKU00074,CUST05684,1,197.5,197.5,Online,0.0,
2024-11-17,RCPT00004539,ST21,SKU00587,CUST02794,1,4540.18,4540.18,In-Store,0.0,
2024-11-17,RCPT00004539,ST21,SKU04823,CUST02794,1,1018.52,1018.52,In-Store,0.0,
2024-11-17,RCPT00004539,ST21,SKU02806,CUST02794,1,82.03,82.03,In-Store,0.0,
2023-06-21,RCPT00004540,ST23,SKU01968,CUST07151,2,599.03,1198.06,In-Store,0.0,
2023-06-21,RCPT00004540,ST23,SKU01535,CUST07151,3,296.6,889.8,In-Store,0.0,
2025-06-21,RCPT00004541,ST25,SKU01479,CUST08103,2,425.66,851.32,In-Store,0.0,
2025-06-21,RCPT00004541,ST25,SKU01341,CUST08103,4,51.95,207.8,In-Store,0.0,
2024-09-08,RCPT00004542,ST30,SKU03826,CUST09960,1,3319.6,3319.6,Online,0.0,
2023-02-23,RCPT00004543,ST27,SKU02231,CUST06439,2,50.54,101.08,In-Store,0.0,
2023-02-23,RCPT00004543,ST27,SKU04321,CUST06439,4,961.3,3845.2,In-Store,0.0,
2023-12-18,RCPT00004544,ST09,SKU00002,CUST03111,1,70.38,70.38,In-Store,0.0,
2022-04-12,RCPT00004545,ST04,SKU01858,CUST02011,1,74.37,74.37,Online,0.0,
2022-04-12,RCPT00004545,ST04,SKU04235,CUST02011,1,205.43,205.43,Online,0.0,
2024-02-01,RCPT00004546,ST07,SKU01981,CUST02329,3,788.09,2364.27,Mobile App,0.0,
2024-02-01,RCPT00004546,ST07,SKU02737,CUST02329,1,315.14,315.14,Mobile App,0.0,
2022-03-06,RCPT00004547,ST20,SKU04763,CUST03593,1,99.27,58.57,Mobile App,41.0,PROMO076
2022-03-06,RCPT00004547,ST20,SKU04154,CUST03593,2,351.77,415.09,Mobile App,41.0,PROMO076
2025-02-18,RCPT00004548,ST03,SKU01045,CUST09267,2,451.29,502.74,Mobile App,44.3,PROMO041
2025-10-19,RCPT00004549,ST23,SKU02759,CUST01964,1,149.76,149.76,Mobile App,0.0,
2025-10-19,RCPT00004549,ST23,SKU01904,CUST01964,1,280.72,280.72,Mobile App,0.0,
2025-10-19,RCPT00004549,ST23,SKU04571,CUST01964,1,868.52,868.52,Mobile App,0.0,
2024-12-28,RCPT00004550,ST12,SKU03872,CUST05649,1,403.77,403.77,In-Store,0.0,
2024-12-28,RCPT00004550,ST12,SKU02937,CUST05649,3,175.74,527.22,In-Store,0.0,
2024-12-28,RCPT00004550,ST12,SKU03507,CUST05649,1,695.35,695.35,In-Store,0.0,
2022-07-27,RCPT00004551,ST14,SKU01677,CUST08362,1,127.3,127.3,In-Store,0.0,
2022-07-27,RCPT00004551,ST14,SKU04321,CUST08362,1,961.3,961.3,In-Store,0.0,
2022-07-27,RCPT00004551,ST14,SKU04321,CUST08362,2,961.3,1922.6,In-Store,0.0,
2024-11-17,RCPT00004552,ST17,SKU04978,CUST04740,1,230.93,230.93,Mobile App,0.0,
2024-11-17,RCPT00004552,ST17,SKU00360,CUST04740,1,86.25,77.71,Mobile App,9.9,PROMO009
2023-08-11,RCPT00004553,ST07,SKU01788,CUST03751,2,627.45,1254.9,In-Store,0.0,
2024-02-06,RCPT00004554,ST11,SKU01009,CUST06539,3,223.42,670.26,Mobile App,0.0,
2024-02-06,RCPT00004554,ST11,SKU04407,CUST06539,1,215.04,215.04,Mobile App,0.0,
2024-02-06,RCPT00004554,ST11,SKU04321,CUST06539,1,961.3,961.3,Mobile App,0.0,
2024-07-30,RCPT00004555,ST26,SKU00922,CUST09120,1,60.32,60.32,In-Store,0.0,
2024-07-30,RCPT00004555,ST26,SKU04596,CUST09120,3,335.55,1006.65,In-Store,0.0,
2024-07-30,RCPT00004555,ST26,SKU02849,CUST09120,3,73.3,219.9,In-Store,0.0,
2024-07-30,RCPT00004555,ST26,SKU03875,CUST09120,1,203.41,203.41,In-Store,0.0,
2022-06-30,RCPT00004556,ST05,SKU00234,CUST00727,2,100.0,200.0,In-Store,0.0,
2022-06-30,RCPT00004556,ST05,SKU03550,CUST00727,5,865.57,4327.85,In-Store,0.0,
2022-12-06,RCPT00004557,ST04,SKU02826,CUST03357,2,438.33,876.66,Online,0.0,
2022-12-06,RCPT00004557,ST04,SKU00447,CUST03357,1,198.19,198.19,Online,0.0,
2022-12-06,RCPT00004557,ST04,SKU03937,CUST03357,1,235.76,235.76,Online,0.0,
2023-04-18,RCPT00004558,ST14,SKU04321,CUST08026,2,961.3,1501.55,Online,21.9,PROMO046
2023-04-18,RCPT00004558,ST14,SKU02011,CUST08026,1,1226.41,957.83,Online,21.9,PROMO046
2023-11-05,RCPT00004559,ST04,SKU01829,CUST02527,1,385.77,385.77,Online,0.0,
2023-11-05,RCPT00004559,ST04,SKU01155,CUST02527,1,996.18,996.18,Online,0.0,
2023-11-05,RCPT00004559,ST04,SKU00455,CUST02527,2,1343.21,2686.42,Online,0.0,
2024-07-16,RCPT00004560,ST27,SKU01142,CUST05867,2,424.49,657.11,In-Store,22.6,PROMO045
2024-07-16,RCPT00004560,ST27,SKU04764,CUST05867,4,1249.29,3867.8,In-Store,22.6,PROMO045
2024-07-16,RCPT00004560,ST27,SKU02035,CUST05867,3,900.31,2090.52,In-Store,22.6,PROMO045
2024-07-16,RCPT00004560,ST27,SKU00062,CUST05867,1,499.45,386.57,In-Store,22.6,PROMO045
2024-07-16,RCPT00004560,ST27,SKU04188,CUST05867,1,180.9,140.02,In-Store,22.6,PROMO045
2023-04-19,RCPT00004561,ST13,SKU04010,CUST03219,2,253.31,506.62,Mobile App,0.0,
2023-12-29,RCPT00004562,ST30,SKU01896,CUST08641,5,83.38,292.25,In-Store,29.9,PROMO043
2023-12-29,RCPT00004562,ST30,SKU00976,CUST08641,1,268.42,188.16,In-Store,29.9,PROMO043
2023-12-29,RCPT00004562,ST30,SKU00953,CUST08641,1,273.99,192.07,In-Store,29.9,PROMO043
2022-10-14,RCPT00004563,ST20,SKU04059,CUST06865,1,111.8,111.8,In-Store,0.0,
2024-12-14,RCPT00004564,ST11,SKU04321,CUST00857,1,961.3,961.3,In-Store,0.0,
2025-02-21,RCPT00004565,ST21,SKU02983,CUST07675,1,1062.71,591.93,In-Store,44.3,PROMO041
2024-10-16,RCPT00004566,ST20,SKU02303,CUST01633,1,180.7,180.7,In-Store,0.0,
2025-05-07,RCPT00004567,ST17,SKU03534,CUST08563,1,333.74,333.74,Online,0.0,
2025-05-07,RCPT00004567,ST17,SKU01138,CUST08563,2,181.15,362.3,Online,0.0,
2025-09-19,RCPT00004568,ST13,SKU01045,CUST02078,1,451.29,451.29,In-Store,0.0,
2025-09-19,RCPT00004568,ST13,SKU03981,CUST02078,2,285.57,571.14,In-Store,0.0,
2025-09-19,RCPT00004568,ST13,SKU02304,CUST02078,1,407.42,407.42,In-Store,0.0,
2025-09-19,RCPT00004568,ST13,SKU04126,CUST02078,4,1646.95,6587.8,In-Store,0.0,
2023-02-14,RCPT00004569,ST21,SKU00886,CUST06061,1,1510.84,1510.84,Online,0.0,
2022-03-23,RCPT00004570,ST05,SKU03659,CUST00611,3,484.55,1453.65,In-Store,0.0,
2022-12-14,RCPT00004571,ST30,SKU03271,CUST09449,1,587.02,587.02,In-Store,0.0,
2023-10-30,RCPT00004572,ST16,SKU04329,CUST06731,1,2452.07,1365.8,Mobile App,44.3,PROMO048
2023-10-30,RCPT00004572,ST16,SKU01009,CUST06731,3,223.42,670.26,Mobile App,0.0,
2023-10-30,RCPT00004572,ST16,SKU03522,CUST06731,3,112.92,338.76,Mobile App,0.0,
2025-10-08,RCPT00004573,ST08,SKU04642,CUST00902,1,330.34,330.34,Online,0.0,
2022-03-05,RCPT00004574,ST17,SKU02450,CUST05111,1,252.84,252.84,Online,0.0,
2022-03-05,RCPT00004574,ST17,SKU02605,CUST05111,3,67.28,201.84,Online,0.0,
2022-03-22,RCPT00004575,ST06,SKU04315,CUST04553,2,497.47,994.94,Online,0.0,
2022-03-22,RCPT00004575,ST06,SKU04321,CUST04553,1,961.3,961.3,Online,0.0,
2022-03-22,RCPT00004575,ST06,SKU04574,CUST04553,1,71.96,42.46,Online,41.0,PROMO076
2022-11-24,RCPT00004576,ST17,SKU04293,CUST04797,3,907.97,2723.91,Online,0.0,
2025-08-27,RCPT00004577,ST25,SKU02622,CUST04782,1,346.96,346.96,In-Store,0.0,
2025-08-27,RCPT00004577,ST25,SKU04321,CUST04782,1,961.3,961.3,In-Store,0.0,
2025-08-27,RCPT00004577,ST25,SKU00354,CUST04782,2,1108.74,2217.48,In-Store,0.0,
2022-04-10,RCPT00004578,ST04,SKU00614,CUST05194,2,255.31,510.62,In-Store,0.0,
2023-12-18,RCPT00004579,ST28,SKU04784,CUST02969,1,1758.96,1758.96,Online,0.0,
2022-10-17,RCPT00004580,ST22,SKU03935,CUST02725,3,522.89,1568.67,Mobile App,0.0,
2022-10-17,RCPT00004580,ST22,SKU04321,CUST02725,5,961.3,4806.5,Mobile App,0.0,
2022-10-17,RCPT00004580,ST22,SKU02508,CUST02725,1,145.13,145.13,Mobile App,0.0,
2022-10-17,RCPT00004580,ST22,SKU02532,CUST02725,1,115.67,115.67,Mobile App,0.0,
2023-12-05,RCPT00004581,ST06,SKU03213,CUST01315,1,226.59,226.59,In-Store,0.0,
2023-12-05,RCPT00004581,ST06,SKU00264,CUST01315,2,242.74,485.48,In-Store,0.0,
2023-12-05,RCPT00004581,ST06,SKU03987,CUST01315,4,167.23,668.92,In-Store,0.0,
2024-12-25,RCPT00004582,ST27,SKU02058,CUST05731,2,521.75,1043.5,Mobile App,0.0,
2024-12-25,RCPT00004582,ST27,SKU02790,CUST05731,1,70.96,70.96,Mobile App,0.0,
2025-11-08,RCPT00004583,ST24,SKU00286,CUST03894,5,64.45,322.25,In-Store,0.0,
2025-11-08,RCPT00004583,ST24,SKU00963,CUST03894,1,108.45,108.45,In-Store,0.0,
2025-11-08,RCPT00004583,ST24,SKU04321,CUST03894,1,961.3,961.3,In-Store,0.0,
2023-11-11,RCPT00004584,ST30,SKU03082,CUST01896,2,29.69,59.38,Online,0.0,
2025-08-29,RCPT00004585,ST14,SKU00959,CUST01159,3,33.01,99.03,In-Store,0.0,
2025-11-30,RCPT00004586,ST06,SKU01237,CUST02068,2,974.68,1949.36,In-Store,0.0,
2023-12-25,RCPT00004587,ST10,SKU03747,CUST06394,4,411.88,1154.91,Online,29.9,PROMO043
2022-05-05,RCPT00004588,ST17,SKU04981,CUST09799,1,149.4,149.4,In-Store,0.0,
2025-07-18,RCPT00004589,ST06,SKU02982,CUST05571,1,413.73,413.73,Online,0.0,
2025-07-18,RCPT00004589,ST06,SKU03840,CUST05571,2,255.12,510.24,Online,0.0,
2025-07-18,RCPT00004589,ST06,SKU04988,CUST05571,5,315.9,1579.5,Online,0.0,
2025-07-18,RCPT00004589,ST06,SKU02660,CUST05571,2,81.91,163.82,Online,0.0,
2022-09-14,RCPT00004590,ST03,SKU01884,CUST09726,2,1125.1,2250.2,Mobile App,0.0,
2022-09-14,RCPT00004590,ST03,SKU04280,CUST09726,2,318.92,637.84,Mobile App,0.0,
2022-05-07,RCPT00004591,ST19,SKU02004,CUST02726,1,925.67,925.67,In-Store,0.0,
2024-12-05,RCPT00004592,ST05,SKU01599,CUST00674,1,1657.47,1657.47,In-Store,0.0,
2022-06-22,RCPT00004593,ST19,SKU01962,CUST02098,1,1750.03,1750.03,Online,0.0,
2024-03-01,RCPT00004594,ST22,SKU01137,CUST03124,2,1286.53,2573.06,In-Store,0.0,
2023-04-02,RCPT00004595,ST27,SKU00126,CUST04126,1,253.44,253.44,In-Store,0.0,
2023-04-02,RCPT00004595,ST27,SKU01994,CUST04126,2,1289.58,2579.16,In-Store,0.0,
2023-04-18,RCPT00004596,ST12,SKU00921,CUST00789,1,3363.82,2627.14,In-Store,21.9,PROMO046
2023-04-18,RCPT00004596,ST12,SKU04105,CUST00789,1,464.78,362.99,In-Store,21.9,PROMO046
2024-04-09,RCPT00004597,ST11,SKU03767,CUST09264,2,360.34,361.78,Online,49.8,PROMO019
2022-06-05,RCPT00004598,ST28,SKU02047,CUST03272,1,319.7,182.87,In-Store,42.8,PROMO022
2022-06-05,RCPT00004598,ST28,SKU00784,CUST03272,1,397.04,227.11,In-Store,42.8,PROMO022
2022-06-05,RCPT00004598,ST28,SKU01466,CUST03272,3,34.29,58.84,In-Store,42.8,PROMO022
2024-10-17,RCPT00004599,ST28,SKU04246,CUST06918,1,580.11,580.11,In-Store,0.0,
2024-10-17,RCPT00004599,ST28,SKU03546,CUST06918,1,496.17,496.17,In-Store,0.0,
2023-07-24,RCPT00004600,ST24,SKU04263,CUST08194,3,284.31,641.4,In-Store,24.8,PROMO061
2022-11-10,RCPT00004601,ST22,SKU03840,CUST01889,4,255.12,1020.48,Online,0.0,
2022-11-10,RCPT00004601,ST22,SKU04329,CUST01889,1,2452.07,2452.07,Online,0.0,
2022-11-10,RCPT00004601,ST22,SKU04778,CUST01889,4,485.82,1943.28,Online,0.0,
2024-12-17,RCPT00004602,ST21,SKU00376,CUST04092,1,207.45,207.45,In-Store,0.0,
2025-03-01,RCPT00004603,ST26,SKU02162,CUST03228,1,400.99,400.99,In-Store,0.0,
2025-03-01,RCPT00004603,ST26,SKU02439,CUST03228,1,307.32,200.68,In-Store,34.7,PROMO057
2025-03-01,RCPT00004603,ST26,SKU00952,CUST03228,1,288.12,288.12,In-Store,0.0,
2025-02-14,RCPT00004604,ST06,SKU01701,CUST08952,2,420.92,468.9,In-Store,44.3,PROMO041
2025-08-25,RCPT00004605,ST06,SKU01420,CUST04407,1,213.65,213.65,Online,0.0,
2025-08-25,RCPT00004605,ST06,SKU00513,CUST04407,3,234.2,702.6,Online,0.0,
2025-08-25,RCPT00004605,ST06,SKU00633,CUST04407,1,189.01,189.01,Online,0.0,
2025-08-25,RCPT00004605,ST06,SKU01522,CUST04407,1,856.11,856.11,Online,0.0,
2025-07-25,RCPT00004606,ST21,SKU01030,CUST03973,2,224.5,449.0,In-Store,0.0,
2023-01-20,RCPT00004607,ST05,SKU00990,CUST09569,1,485.43,485.43,Online,0.0,
2024-10-18,RCPT00004608,ST21,SKU03649,CUST00675,1,451.0,451.0,In-Store,0.0,
2024-10-18,RCPT00004608,ST21,SKU02235,CUST00675,1,179.19,179.19,In-Store,0.0,
2024-10-18,RCPT00004608,ST21,SKU04464,CUST00675,1,281.56,281.56,In-Store,0.0,
2024-10-18,RCPT00004608,ST21,SKU04321,CUST00675,1,961.3,961.3,In-Store,0.0,
2024-10-18,RCPT00004608,ST21,SKU02876,CUST00675,1,809.36,809.36,In-Store,0.0,
2022-08-13,RCPT00004609,ST23,SKU01227,CUST02357,2,401.78,803.56,In-Store,0.0,
2022-08-13,RCPT00004609,ST23,SKU03299,CUST02357,1,1035.55,1035.55,In-Store,0.0,
2022-02-10,RCPT00004610,ST20,SKU00340,CUST01860,2,234.66,241.23,In-Store,48.6,PROMO037
2025-12-22,RCPT00004611,ST25,SKU01357,CUST08144,3,1062.03,3186.09,In-Store,0.0,
2025-01-22,RCPT00004612,ST25,SKU01470,CUST04347,4,138.68,554.72,In-Store,0.0,
2025-06-30,RCPT00004613,ST24,SKU03049,CUST09754,2,267.4,534.8,In-Store,0.0,
2025-06-30,RCPT00004613,ST24,SKU00574,CUST09754,4,120.48,481.92,In-Store,0.0,
2025-06-30,RCPT00004613,ST24,SKU00017,CUST09754,2,280.39,560.78,In-Store,0.0,
2025-01-09,RCPT00004614,ST29,SKU04720,CUST07178,1,2230.86,2230.86,In-Store,0.0,
2025-12-17,RCPT00004615,ST08,SKU01138,CUST05740,2,181.15,362.3,Online,0.0,
2025-12-17,RCPT00004615,ST08,SKU01549,CUST05740,1,235.17,235.17,Online,0.0,
2023-10-07,RCPT00004616,ST23,SKU04355,CUST03872,3,84.69,254.07,In-Store,0.0,
2022-06-23,RCPT00004617,ST29,SKU04321,CUST05904,1,961.3,961.3,Online,0.0,
2022-06-23,RCPT00004617,ST29,SKU01027,CUST05904,1,82.61,82.61,Online,0.0,
2022-12-26,RCPT00004618,ST08,SKU00692,CUST03160,2,235.52,471.04,In-Store,0.0,
2022-12-26,RCPT00004618,ST08,SKU02842,CUST03160,2,535.34,1070.68,In-Store,0.0,
2022-12-26,RCPT00004618,ST08,SKU02002,CUST03160,3,251.48,754.44,In-Store,0.0,
2025-12-03,RCPT00004619,ST10,SKU01713,CUST03876,2,744.29,1488.58,In-Store,0.0,
2025-12-03,RCPT00004619,ST10,SKU01048,CUST03876,3,96.18,288.54,In-Store,0.0,
2022-12-06,RCPT00004620,ST05,SKU01294,CUST01688,1,441.87,441.87,In-Store,0.0,
2022-12-06,RCPT00004620,ST05,SKU04642,CUST01688,2,330.34,660.68,In-Store,0.0,
2023-08-02,RCPT00004621,ST06,SKU04321,CUST04541,2,961.3,1445.8,Online,24.8,PROMO061
2023-08-02,RCPT00004621,ST06,SKU04776,CUST04541,1,218.83,110.07,Online,49.7,PROMO030
2023-08-02,RCPT00004621,ST06,SKU04349,CUST04541,1,69.0,34.71,Online,49.7,PROMO030
2023-08-02,RCPT00004621,ST06,SKU00328,CUST04541,3,204.97,309.3,Online,49.7,PROMO030
2025-07-10,RCPT00004622,ST09,SKU02141,CUST02616,2,471.88,943.76,Online,0.0,
2023-08-16,RCPT00004623,ST09,SKU04913,CUST09446,2,466.91,933.82,Online,0.0,
2023-08-16,RCPT00004623,ST09,SKU02738,CUST09446,2,230.16,460.32,Online,0.0,
2023-08-16,RCPT00004623,ST09,SKU04321,CUST09446,1,961.3,961.3,Online,0.0,
2024-10-27,RCPT00004624,ST17,SKU00264,CUST05969,5,242.74,1213.7,In-Store,0.0,
2024-10-27,RCPT00004624,ST17,SKU01138,CUST05969,1,181.15,181.15,In-Store,0.0,
2024-10-27,RCPT00004624,ST17,SKU00499,CUST05969,1,110.32,89.14,In-Store,19.2,PROMO080
2024-04-07,RCPT00004625,ST05,SKU00049,CUST01060,2,584.25,586.59,In-Store,49.8,PROMO019
2024-04-07,RCPT00004625,ST05,SKU04596,CUST01060,3,335.55,505.34,In-Store,49.8,PROMO019
2025-09-02,RCPT00004626,ST03,SKU01552,CUST02239,2,215.66,431.32,In-Store,0.0,
2025-09-02,RCPT00004626,ST03,SKU02778,CUST02239,1,171.19,171.19,In-Store,0.0,
2025-09-02,RCPT00004626,ST03,SKU04489,CUST02239,1,251.01,251.01,In-Store,0.0,
2023-01-25,RCPT00004627,ST28,SKU00285,CUST02805,1,505.67,505.67,In-Store,0.0,
2023-01-25,RCPT00004627,ST28,SKU03813,CUST02805,1,1597.17,1597.17,In-Store,0.0,
2023-01-25,RCPT00004627,ST28,SKU03487,CUST02805,4,190.24,760.96,In-Store,0.0,
2022-03-02,RCPT00004628,ST11,SKU03234,CUST09352,1,769.12,769.12,Mobile App,0.0,
2022-03-02,RCPT00004628,ST11,SKU01132,CUST09352,2,327.79,655.58,Mobile App,0.0,
2022-03-02,RCPT00004628,ST11,SKU03366,CUST09352,1,123.42,123.42,Mobile App,0.0,
2023-08-21,RCPT00004629,ST25,SKU01753,CUST00644,1,2122.2,1852.68,In-Store,12.7,PROMO010
2025-10-29,RCPT00004630,ST23,SKU04443,CUST01051,1,152.19,152.19,Online,0.0,
2024-07-09,RCPT00004631,ST11,SKU02930,CUST05699,1,170.16,131.7,Online,22.6,PROMO045
2024-07-09,RCPT00004631,ST11,SKU00576,CUST05699,2,126.16,195.3,Online,22.6,PROMO045
2022-04-19,RCPT00004632,ST05,SKU02548,CUST05491,1,266.26,266.26,Online,0.0,
2022-04-19,RCPT00004632,ST05,SKU01422,CUST05491,1,309.79,309.79,Online,0.0,
2025-06-17,RCPT00004633,ST25,SKU03556,CUST00873,1,656.88,656.88,Online,0.0,
2025-06-17,RCPT00004633,ST25,SKU01371,CUST00873,2,1277.61,2555.22,Online,0.0,
2023-11-17,RCPT00004634,ST27,SKU03626,CUST01994,2,187.54,375.08,Online,0.0,
2025-02-12,RCPT00004635,ST06,SKU02417,CUST03158,4,1108.44,2469.6,Online,44.3,PROMO041
2025-02-12,RCPT00004635,ST06,SKU04265,CUST03158,1,83.19,46.34,Online,44.3,PROMO041
2025-02-12,RCPT00004635,ST06,SKU00804,CUST03158,1,120.97,67.38,Online,44.3,PROMO041
2025-02-12,RCPT00004635,ST06,SKU01391,CUST03158,2,346.5,386.0,Online,44.3,PROMO041
2024-12-27,RCPT00004636,ST09,SKU02655,CUST01432,3,66.91,200.73,In-Store,0.0,
2024-12-27,RCPT00004636,ST09,SKU03130,CUST01432,2,4194.16,8388.32,In-Store,0.0,
2025-08-25,RCPT00004637,ST15,SKU00204,CUST02179,2,613.21,1226.42,In-Store,0.0,
2024-04-03,RCPT00004638,ST10,SKU02314,CUST03113,2,471.33,473.22,In-Store,49.8,PROMO019
2023-11-14,RCPT00004639,ST22,SKU03393,CUST03422,3,70.49,211.47,Online,0.0,
2023-11-14,RCPT00004639,ST22,SKU02260,CUST03422,1,255.43,255.43,Online,0.0,
2023-11-14,RCPT00004639,ST22,SKU04913,CUST03422,1,466.91,466.91,Online,0.0,
2023-05-15,RCPT00004640,ST05,SKU01280,CUST03096,1,593.19,593.19,In-Store,0.0,
2022-03-17,RCPT00004641,ST07,SKU02415,CUST02463,1,441.21,441.21,In-Store,0.0,
2022-03-17,RCPT00004641,ST07,SKU04561,CUST02463,1,192.67,192.67,In-Store,0.0,
2025-12-25,RCPT00004642,ST03,SKU03907,CUST06334,4,876.73,3506.92,Online,0.0,
2025-12-25,RCPT00004642,ST03,SKU03397,CUST06334,1,393.07,393.07,Online,0.0,
2023-11-13,RCPT00004643,ST18,SKU04369,CUST09352,5,1681.45,8407.25,Mobile App,0.0,
2023-11-13,RCPT00004643,ST18,SKU02026,CUST09352,1,1823.87,1823.87,Mobile App,0.0,
2023-11-13,RCPT00004643,ST18,SKU01618,CUST09352,3,283.48,850.44,Mobile App,0.0,
2025-05-24,RCPT00004644,ST28,SKU02571,CUST04478,4,1189.94,4759.76,Online,0.0,
2025-10-30,RCPT00004645,ST19,SKU04083,CUST07175,1,724.3,724.3,Mobile App,0.0,
2022-05-09,RCPT00004646,ST07,SKU04596,CUST04072,1,335.55,335.55,In-Store,0.0,
2022-05-09,RCPT00004646,ST07,SKU02569,CUST04072,3,826.91,2480.73,In-Store,0.0,
2022-05-09,RCPT00004646,ST07,SKU03532,CUST04072,2,94.55,189.1,In-Store,0.0,
2024-06-12,RCPT00004647,ST11,SKU04596,CUST06274,2,335.55,671.1,In-Store,0.0,
2024-06-12,RCPT00004647,ST11,SKU01139,CUST06274,5,137.5,687.5,In-Store,0.0,
2022-05-24,RCPT00004648,ST28,SKU02625,CUST00764,1,621.46,621.46,In-Store,0.0,
2022-05-24,RCPT00004648,ST28,SKU01957,CUST00764,1,550.16,550.16,In-Store,0.0,
2025-06-11,RCPT00004649,ST30,SKU02141,CUST00049,3,471.88,1415.64,In-Store,0.0,
2025-06-11,RCPT00004649,ST30,SKU00102,CUST00049,1,111.77,111.77,In-Store,0.0,
2025-08-08,RCPT00004650,ST03,SKU01191,CUST03135,4,672.51,2690.04,In-Store,0.0,
2025-08-08,RCPT00004650,ST03,SKU00729,CUST03135,1,242.64,137.09,In-Store,43.5,PROMO020
2025-03-12,RCPT00004651,ST20,SKU02860,CUST09612,3,1859.24,5577.72,In-Store,0.0,
2025-07-23,RCPT00004652,ST30,SKU04321,CUST01989,5,961.3,4806.5,Mobile App,0.0,
2025-07-23,RCPT00004652,ST30,SKU00404,CUST01989,2,230.08,460.16,Mobile App,0.0,
2025-07-23,RCPT00004652,ST30,SKU04321,CUST01989,2,961.3,1922.6,Mobile App,0.0,
2025-07-23,RCPT00004652,ST30,SKU03702,CUST01989,2,473.65,947.3,Mobile App,0.0,
2022-03-12,RCPT00004653,ST27,SKU00748,CUST01820,2,438.67,517.63,In-Store,41.0,PROMO076
2022-01-21,RCPT00004654,ST22,SKU04273,CUST01191,2,1786.15,3572.3,Mobile App,0.0,
2022-01-21,RCPT00004654,ST22,SKU00190,CUST01191,2,145.42,290.84,Mobile App,0.0,
2025-08-30,RCPT00004655,ST22,SKU04596,CUST08795,2,335.55,671.1,In-Store,0.0,
2024-06-03,RCPT00004656,ST22,SKU02188,CUST02479,4,2696.63,10786.52,Online,0.0,
2023-05-29,RCPT00004657,ST17,SKU01721,CUST04568,1,505.25,505.25,In-Store,0.0,
2023-05-29,RCPT00004657,ST17,SKU02728,CUST04568,4,247.37,989.48,In-Store,0.0,
2025-02-15,RCPT00004658,ST04,SKU00445,CUST03978,1,87.15,48.54,In-Store,44.3,PROMO041
2025-02-15,RCPT00004658,ST04,SKU03974,CUST03978,1,228.41,127.22,In-Store,44.3,PROMO041
2024-07-05,RCPT00004659,ST29,SKU04862,CUST06570,1,74.31,57.52,Mobile App,22.6,PROMO045
2025-07-10,RCPT00004660,ST17,SKU04973,CUST01626,2,909.63,1819.26,In-Store,0.0,
2025-07-10,RCPT00004660,ST17,SKU01775,CUST01626,2,204.15,408.3,In-Store,0.0,
2025-07-10,RCPT00004660,ST17,SKU02898,CUST01626,1,989.39,989.39,In-Store,0.0,
2025-07-10,RCPT00004660,ST17,SKU04321,CUST01626,1,961.3,961.3,In-Store,0.0,
2023-07-21,RCPT00004661,ST19,SKU03895,CUST01544,1,173.56,130.52,In-Store,24.8,PROMO061
2023-07-21,RCPT00004661,ST19,SKU01768,CUST01544,1,361.67,361.67,In-Store,0.0,
2023-07-21,RCPT00004661,ST19,SKU00081,CUST01544,1,115.69,115.69,In-Store,0.0,
2022-04-28,RCPT00004662,ST04,SKU04502,CUST03695,3,44.87,134.61,In-Store,0.0,
2022-04-28,RCPT00004662,ST04,SKU00160,CUST03695,4,202.06,808.24,In-Store,0.0,
2022-04-28,RCPT00004662,ST04,SKU04321,CUST03695,1,961.3,961.3,In-Store,0.0,
2024-01-21,RCPT00004663,ST15,SKU03505,CUST08782,1,3317.78,3317.78,Online,0.0,
2024-01-21,RCPT00004663,ST15,SKU00190,CUST08782,2,145.42,290.84,Online,0.0,
2022-06-26,RCPT00004664,ST21,SKU02268,CUST03431,2,205.47,410.94,Mobile App,0.0,
2022-06-26,RCPT00004664,ST21,SKU02468,CUST03431,2,174.85,349.7,Mobile App,0.0,
2025-05-29,RCPT00004665,ST17,SKU00953,CUST07580,4,273.99,1095.96,In-Store,0.0,
2024-09-24,RCPT00004666,ST30,SKU01387,CUST05041,1,236.41,172.58,Online,27.0,PROMO094
2024-07-20,RCPT00004667,ST18,SKU01469,CUST06616,5,69.23,267.92,Online,22.6,PROMO045
2024-07-20,RCPT00004667,ST18,SKU00901,CUST06616,5,653.7,2529.82,Online,22.6,PROMO045
2022-10-15,RCPT00004668,ST25,SKU01775,CUST01001,1,204.15,204.15,Mobile App,0.0,
2022-03-15,RCPT00004669,ST20,SKU04381,CUST01417,1,192.07,113.32,In-Store,41.0,PROMO076
2025-06-14,RCPT00004670,ST21,SKU04329,CUST02957,2,2452.07,4904.14,Online,0.0,
2023-03-03,RCPT00004671,ST27,SKU03727,CUST00007,3,1660.93,4982.79,In-Store,0.0,
2023-03-03,RCPT00004671,ST27,SKU00952,CUST00007,1,288.12,288.12,In-Store,0.0,
2025-09-12,RCPT00004672,ST07,SKU01662,CUST08415,1,495.84,453.69,In-Store,8.5,PROMO007
2025-11-27,RCPT00004673,ST23,SKU04154,CUST00718,1,351.77,351.77,In-Store,0.0,
2023-09-18,RCPT00004674,ST26,SKU03030,CUST07435,1,108.63,108.63,In-Store,0.0,
2023-09-18,RCPT00004674,ST26,SKU00928,CUST07435,1,125.37,125.37,In-Store,0.0,
2023-08-15,RCPT00004675,ST26,SKU01021,CUST05987,4,1243.47,4973.88,In-Store,0.0,
2023-08-15,RCPT00004675,ST26,SKU00591,CUST05987,3,721.88,2165.64,In-Store,0.0,
2023-08-15,RCPT00004675,ST26,SKU02930,CUST05987,1,170.16,170.16,In-Store,0.0,
2025-11-13,RCPT00004676,ST23,SKU03665,CUST06376,2,311.73,623.46,In-Store,0.0,
2025-11-13,RCPT00004676,ST23,SKU03685,CUST06376,2,44.86,89.72,In-Store,0.0,
2023-06-13,RCPT00004677,ST07,SKU04321,CUST05839,3,961.3,2883.9,In-Store,0.0,
2025-02-15,RCPT00004678,ST29,SKU00971,CUST01574,2,168.09,187.25,In-Store,44.3,PROMO041
2025-07-31,RCPT00004679,ST06,SKU00754,CUST08159,1,2674.24,2674.24,Online,0.0,
2025-07-31,RCPT00004679,ST06,SKU00930,CUST08159,2,553.98,1107.96,Online,0.0,
2025-07-31,RCPT00004679,ST06,SKU03175,CUST08159,1,160.68,160.68,Online,0.0,
2025-07-12,RCPT00004680,ST21,SKU01295,CUST09985,2,148.61,297.22,In-Store,0.0,
2023-03-06,RCPT00004681,ST06,SKU02906,CUST01833,1,159.53,159.53,In-Store,0.0,
2023-03-06,RCPT00004681,ST06,SKU03546,CUST01833,3,496.17,1488.51,In-Store,0.0,
2023-03-06,RCPT00004681,ST06,SKU01940,CUST01833,1,127.72,127.72,In-Store,0.0,
2025-12-15,RCPT00004682,ST09,SKU04211,CUST08091,1,311.36,311.36,In-Store,0.0,
2025-12-15,RCPT00004682,ST09,SKU04168,CUST08091,4,701.3,2805.2,In-Store,0.0,
2023-04-05,RCPT00004683,ST22,SKU04646,CUST03919,1,82.38,82.38,In-Store,0.0,
2022-08-30,RCPT00004684,ST30,SKU01037,CUST07397,1,178.07,162.04,Mobile App,9.0,PROMO033
2022-08-30,RCPT00004684,ST30,SKU03201,CUST07397,1,107.6,97.92,Mobile App,9.0,PROMO033
2022-08-30,RCPT00004684,ST30,SKU04935,CUST07397,2,623.85,1135.41,Mobile App,9.0,PROMO033
2025-04-07,RCPT00004685,ST30,SKU00264,CUST00926,2,242.74,338.87,Mobile App,30.2,PROMO090
2025-04-07,RCPT00004685,ST30,SKU00942,CUST00926,3,172.9,518.7,Mobile App,0.0,
2024-04-02,RCPT00004686,ST14,SKU04321,CUST09775,2,961.3,1080.5,Online,43.8,PROMO075
2025-10-25,RCPT00004687,ST22,SKU03776,CUST00545,4,335.33,1341.32,Online,0.0,
2025-10-25,RCPT00004687,ST22,SKU04963,CUST00545,3,124.11,372.33,Online,0.0,
2025-10-25,RCPT00004687,ST22,SKU00994,CUST00545,2,602.13,1204.26,Online,0.0,
2025-10-25,RCPT00004687,ST22,SKU00002,CUST00545,4,70.38,281.52,Online,0.0,
2025-10-25,RCPT00004687,ST22,SKU04424,CUST00545,1,1200.53,1200.53,Online,0.0,
2025-10-21,RCPT00004688,ST04,SKU02945,CUST09031,2,866.32,1732.64,Online,0.0,
2025-10-21,RCPT00004688,ST04,SKU03076,CUST09031,3,1091.52,3274.56,Online,0.0,
2025-12-30,RCPT00004689,ST27,SKU01357,CUST09767,1,1062.03,1062.03,In-Store,0.0,
2023-05-16,RCPT00004690,ST11,SKU03986,CUST04471,2,239.18,478.36,In-Store,0.0,
2023-05-16,RCPT00004690,ST11,SKU04321,CUST04471,1,961.3,961.3,In-Store,0.0,
2023-05-16,RCPT00004690,ST11,SKU02583,CUST04471,1,274.06,274.06,In-Store,0.0,
2024-05-23,RCPT00004691,ST29,SKU03241,CUST04210,1,112.19,112.19,In-Store,0.0,
2024-05-23,RCPT00004691,ST29,SKU03978,CUST04210,2,192.57,385.14,In-Store,0.0,
2024-05-23,RCPT00004691,ST29,SKU02046,CUST04210,3,2009.47,6028.41,In-Store,0.0,
2024-05-23,RCPT00004691,ST29,SKU01420,CUST04210,1,213.65,213.65,In-Store,0.0,
2025-12-11,RCPT00004692,ST07,SKU02412,CUST03518,3,722.57,2167.71,In-Store,0.0,
2025-12-11,RCPT00004692,ST07,SKU04321,CUST03518,3,961.3,2883.9,In-Store,0.0,
2025-11-20,RCPT00004693,ST19,SKU04596,CUST06775,1,335.55,335.55,Mobile App,0.0,
2025-11-20,RCPT00004693,ST19,SKU04819,CUST06775,2,222.61,445.22,Mobile App,0.0,
2024-10-08,RCPT00004694,ST04,SKU01720,CUST05006,5,2353.73,8591.11,In-Store,27.0,PROMO094
2025-06-19,RCPT00004695,ST28,SKU02420,CUST04066,3,122.08,366.24,In-Store,0.0,
2025-06-19,RCPT00004695,ST28,SKU00942,CUST04066,1,172.9,172.9,In-Store,0.0,
2025-06-19,RCPT00004695,ST28,SKU04321,CUST04066,3,961.3,2883.9,In-Store,0.0,
2025-10-28,RCPT00004696,ST04,SKU03629,CUST02364,1,190.67,190.67,In-Store,0.0,
2025-05-30,RCPT00004697,ST02,SKU02526,CUST04288,1,698.11,698.11,Mobile App,0.0,
2025-05-30,RCPT00004697,ST02,SKU02191,CUST04288,1,360.08,360.08,Mobile App,0.0,
2025-05-30,RCPT00004697,ST02,SKU01576,CUST04288,1,709.54,709.54,Mobile App,0.0,
2025-05-30,RCPT00004697,ST02,SKU01280,CUST04288,1,593.19,593.19,Mobile App,0.0,
2025-05-30,RCPT00004697,ST02,SKU04571,CUST04288,1,868.52,868.52,Mobile App,0.0,
2022-02-18,RCPT00004698,ST14,SKU04321,CUST06205,1,961.3,961.3,Mobile App,0.0,
2022-02-18,RCPT00004698,ST14,SKU02747,CUST06205,4,561.26,2245.04,Mobile App,0.0,
2022-02-18,RCPT00004698,ST14,SKU03681,CUST06205,2,581.19,1162.38,Mobile App,0.0,
2022-02-18,RCPT00004698,ST14,SKU02354,CUST06205,5,90.78,418.04,Mobile App,7.9,PROMO096
2022-02-18,RCPT00004698,ST14,SKU03470,CUST06205,1,86.06,79.26,Mobile App,7.9,PROMO096
2022-08-06,RCPT00004699,ST12,SKU04845,CUST02076,3,1000.23,3000.69,Online,0.0,
2022-11-04,RCPT00004700,ST05,SKU04321,CUST08341,2,961.3,1922.6,In-Store,0.0,
2022-11-04,RCPT00004700,ST05,SKU00953,CUST08341,2,273.99,547.98,In-Store,0.0,
2022-04-24,RCPT00004701,ST12,SKU04321,CUST06598,3,961.3,2883.9,In-Store,0.0,
2022-04-24,RCPT00004701,ST12,SKU00285,CUST06598,2,505.67,1011.34,In-Store,0.0,
2022-11-08,RCPT00004702,ST19,SKU01303,CUST05273,1,413.39,413.39,In-Store,0.0,
2022-11-08,RCPT00004702,ST19,SKU04321,CUST05273,3,961.3,2883.9,In-Store,0.0,
2023-09-26,RCPT00004703,ST22,SKU03724,CUST05322,1,380.37,380.37,Online,0.0,
2023-09-26,RCPT00004703,ST22,SKU01855,CUST05322,1,1938.76,1938.76,Online,0.0,
2024-11-28,RCPT00004704,ST04,SKU02071,CUST06377,1,179.94,179.94,In-Store,0.0,
2023-04-02,RCPT00004705,ST17,SKU02930,CUST06811,2,170.16,340.32,In-Store,0.0,
2025-12-23,RCPT00004706,ST22,SKU02668,CUST02587,1,1122.49,1122.49,In-Store,0.0,
2025-01-06,RCPT00004707,ST11,SKU04320,CUST01834,1,2952.52,2952.52,In-Store,0.0,
2025-01-06,RCPT00004707,ST11,SKU03279,CUST01834,2,1970.77,3941.54,In-Store,0.0,
2025-01-06,RCPT00004707,ST11,SKU01925,CUST01834,2,1164.18,2328.36,In-Store,0.0,
2025-01-06,RCPT00004707,ST11,SKU01240,CUST01834,1,1130.44,1130.44,In-Store,0.0,
2024-06-14,RCPT00004708,ST22,SKU04596,CUST06485,1,335.55,288.24,In-Store,14.1,PROMO023
2024-06-14,RCPT00004708,ST22,SKU04639,CUST06485,1,254.04,218.22,In-Store,14.1,PROMO023
2024-06-14,RCPT00004708,ST22,SKU02973,CUST06485,1,242.96,208.7,In-Store,14.1,PROMO023
2024-01-03,RCPT00004709,ST04,SKU04705,CUST06060,1,147.03,103.07,In-Store,29.9,PROMO043
2024-06-17,RCPT00004710,ST17,SKU04321,CUST08898,1,961.3,825.76,Online,14.1,PROMO023
2024-06-17,RCPT00004710,ST17,SKU02555,CUST08898,1,473.51,406.75,Online,14.1,PROMO023
2023-09-03,RCPT00004711,ST16,SKU02847,CUST00988,2,259.88,453.75,In-Store,12.7,PROMO010
2022-11-13,RCPT00004712,ST15,SKU04153,CUST07828,3,136.77,410.31,Online,0.0,
2022-11-13,RCPT00004712,ST15,SKU00650,CUST07828,3,282.54,847.62,Online,0.0,
2023-05-13,RCPT00004713,ST22,SKU04756,CUST02870,2,665.32,1330.64,In-Store,0.0,
2023-05-13,RCPT00004713,ST22,SKU04321,CUST02870,2,961.3,1922.6,In-Store,0.0,
2023-02-22,RCPT00004714,ST08,SKU03144,CUST09399,4,383.01,1532.04,In-Store,0.0,
2022-12-09,RCPT00004715,ST07,SKU01344,CUST04431,1,219.4,219.4,Mobile App,0.0,
2022-12-09,RCPT00004715,ST07,SKU02785,CUST04431,1,1136.58,1136.58,Mobile App,0.0,
2022-11-24,RCPT00004716,ST15,SKU00101,CUST00123,1,122.57,122.57,In-Store,0.0,
2022-11-24,RCPT00004716,ST15,SKU02314,CUST00123,5,471.33,1906.53,In-Store,19.1,PROMO086
2024-07-20,RCPT00004717,ST19,SKU04154,CUST04269,3,351.77,816.81,Online,22.6,PROMO045
2025-02-05,RCPT00004718,ST08,SKU03337,CUST01737,3,501.41,1504.23,Online,0.0,
2024-08-07,RCPT00004719,ST04,SKU02983,CUST08455,4,1062.71,4250.84,Online,0.0,
2025-05-30,RCPT00004720,ST01,SKU03980,CUST04833,2,315.01,630.02,In-Store,0.0,
2025-05-30,RCPT00004720,ST01,SKU00416,CUST04833,5,75.12,375.6,In-Store,0.0,
2022-10-06,RCPT00004721,ST06,SKU00369,CUST06055,1,368.93,368.93,In-Store,0.0,
2024-11-19,RCPT00004722,ST09,SKU01093,CUST05065,2,90.9,181.8,In-Store,0.0,
2024-11-19,RCPT00004722,ST09,SKU03476,CUST05065,1,681.44,681.44,In-Store,0.0,
2024-11-19,RCPT00004722,ST09,SKU01460,CUST05065,3,86.67,260.01,In-Store,0.0,
2023-06-06,RCPT00004723,ST20,SKU01076,CUST02563,2,172.63,207.5,Online,39.9,PROMO040
2023-10-05,RCPT00004724,ST23,SKU03611,CUST03167,3,164.98,494.94,In-Store,0.0,
2023-10-05,RCPT00004724,ST23,SKU02247,CUST03167,3,179.3,537.9,In-Store,0.0,
2022-10-03,RCPT00004725,ST15,SKU04154,CUST08435,1,351.77,351.77,In-Store,0.0,
2023-11-12,RCPT00004726,ST13,SKU00902,CUST01545,1,535.55,535.55,In-Store,0.0,
2023-11-12,RCPT00004726,ST13,SKU04596,CUST01545,3,335.55,1006.65,In-Store,0.0,
2024-11-02,RCPT00004727,ST08,SKU02318,CUST00719,3,2419.19,7257.57,Mobile App,0.0,
2023-10-05,RCPT00004728,ST27,SKU03904,CUST06595,1,2752.22,2752.22,Mobile App,0.0,
2023-10-05,RCPT00004728,ST27,SKU00917,CUST06595,1,182.25,182.25,Mobile App,0.0,
2024-01-03,RCPT00004729,ST23,SKU04547,CUST07805,1,343.88,241.06,In-Store,29.9,PROMO043
2024-01-03,RCPT00004729,ST23,SKU01115,CUST07805,1,124.25,87.1,In-Store,29.9,PROMO043
2024-01-03,RCPT00004729,ST23,SKU01059,CUST07805,1,176.99,124.07,In-Store,29.9,PROMO043
2022-10-09,RCPT00004730,ST06,SKU04633,CUST03239,1,620.55,620.55,Online,0.0,
2022-10-09,RCPT00004730,ST06,SKU01153,CUST03239,2,897.4,1794.8,Online,0.0,
2022-07-12,RCPT00004731,ST13,SKU04828,CUST07108,2,145.98,291.96,Online,0.0,
2022-07-12,RCPT00004731,ST13,SKU01255,CUST07108,2,182.77,365.54,Online,0.0,
2022-07-12,RCPT00004731,ST13,SKU00388,CUST07108,4,63.62,254.48,Online,0.0,
2022-08-08,RCPT00004732,ST25,SKU03444,CUST02783,2,386.65,773.3,In-Store,0.0,
2022-05-15,RCPT00004733,ST30,SKU00345,CUST03301,2,289.92,579.84,In-Store,0.0,
2025-05-12,RCPT00004734,ST08,SKU01027,CUST02148,1,82.61,82.61,In-Store,0.0,
2025-05-25,RCPT00004735,ST02,SKU03668,CUST07598,3,2009.1,6027.3,Online,0.0,
2023-08-18,RCPT00004736,ST20,SKU03035,CUST00545,1,1367.96,1367.96,Online,0.0,
2023-08-18,RCPT00004736,ST20,SKU01138,CUST00545,1,181.15,181.15,Online,0.0,
2023-08-18,RCPT00004736,ST20,SKU04875,CUST00545,1,1349.03,1349.03,Online,0.0,
2025-09-20,RCPT00004737,ST14,SKU01035,CUST08138,2,360.87,721.74,In-Store,0.0,
2025-05-11,RCPT00004738,ST29,SKU03126,CUST08102,2,130.29,260.58,Online,0.0,
2025-05-11,RCPT00004738,ST29,SKU02368,CUST08102,1,849.39,849.39,Online,0.0,
2025-05-11,RCPT00004738,ST29,SKU04233,CUST08102,1,271.64,271.64,Online,0.0,
2025-05-11,RCPT00004738,ST29,SKU04321,CUST08102,1,961.3,961.3,Online,0.0,
2025-03-23,RCPT00004739,ST09,SKU04596,CUST00782,1,335.55,335.55,In-Store,0.0,
2025-01-07,RCPT00004740,ST26,SKU03869,CUST05883,3,109.56,328.68,In-Store,0.0,
2023-03-31,RCPT00004741,ST01,SKU04694,CUST07343,4,149.97,599.88,In-Store,0.0,
2023-03-31,RCPT00004741,ST01,SKU03960,CUST07343,1,171.93,171.93,In-Store,0.0,
2022-09-18,RCPT00004742,ST07,SKU04245,CUST02355,4,217.78,871.12,In-Store,0.0,
2024-07-08,RCPT00004743,ST26,SKU03431,CUST09877,3,738.15,1713.98,Online,22.6,PROMO045
2024-07-08,RCPT00004743,ST26,SKU01627,CUST09877,3,112.01,260.09,Online,22.6,PROMO045
2023-07-14,RCPT00004744,ST28,SKU01349,CUST07460,1,342.9,342.9,In-Store,0.0,
2023-11-14,RCPT00004745,ST27,SKU04063,CUST07984,2,471.49,942.98,In-Store,0.0,
2025-09-02,RCPT00004746,ST24,SKU02775,CUST09068,1,163.46,163.46,In-Store,0.0,
2023-06-30,RCPT00004747,ST05,SKU04488,CUST00623,1,267.57,267.57,In-Store,0.0,
2025-07-12,RCPT00004748,ST20,SKU03246,CUST09504,3,2508.18,7524.54,In-Store,0.0,
2025-07-12,RCPT00004748,ST20,SKU02452,CUST09504,3,30.61,91.83,In-Store,0.0,
2022-05-18,RCPT00004749,ST28,SKU03275,CUST09532,3,849.13,2547.39,In-Store,0.0,
2022-05-18,RCPT00004749,ST28,SKU04772,CUST09532,1,1952.93,1952.93,In-Store,0.0,
2025-08-22,RCPT00004750,ST21,SKU01731,CUST08234,2,224.15,448.3,In-Store,0.0,
2023-05-27,RCPT00004751,ST09,SKU04064,CUST01305,2,3845.32,7690.64,In-Store,0.0,
2022-07-10,RCPT00004752,ST05,SKU01751,CUST00521,1,459.81,459.81,In-Store,0.0,
2022-07-10,RCPT00004752,ST05,SKU01791,CUST00521,3,129.55,388.65,In-Store,0.0,
2024-04-04,RCPT00004753,ST06,SKU02858,CUST09208,5,90.7,227.66,In-Store,49.8,PROMO019
2024-01-25,RCPT00004754,ST06,SKU04173,CUST00780,2,235.28,243.75,In-Store,48.2,PROMO069
2024-01-25,RCPT00004754,ST06,SKU02954,CUST00780,1,603.3,312.51,In-Store,48.2,PROMO069
2024-01-25,RCPT00004754,ST06,SKU00820,CUST00780,1,487.11,252.32,In-Store,48.2,PROMO069
2024-01-25,RCPT00004754,ST06,SKU00996,CUST00780,2,117.61,121.84,In-Store,48.2,PROMO069
2024-01-25,RCPT00004754,ST06,SKU03622,CUST00780,1,288.6,149.49,In-Store,48.2,PROMO069
2023-04-18,RCPT00004755,ST05,SKU04596,CUST03071,1,335.55,262.06,Mobile App,21.9,PROMO046
2024-03-30,RCPT00004756,ST18,SKU00169,CUST06038,3,95.37,160.79,In-Store,43.8,PROMO075
2024-03-30,RCPT00004756,ST18,SKU03798,CUST06038,1,531.23,298.55,In-Store,43.8,PROMO075
2022-05-20,RCPT00004757,ST25,SKU00593,CUST05502,1,760.94,760.94,In-Store,0.0,
2022-05-20,RCPT00004757,ST25,SKU00668,CUST05502,2,219.45,438.9,In-Store,0.0,
2022-05-20,RCPT00004757,ST25,SKU01317,CUST05502,1,644.83,644.83,In-Store,0.0,
2022-05-20,RCPT00004757,ST25,SKU04341,CUST05502,1,67.39,67.39,In-Store,0.0,
2022-05-20,RCPT00004757,ST25,SKU02159,CUST05502,3,221.13,663.39,In-Store,0.0,
2024-11-08,RCPT00004758,ST07,SKU00527,CUST06442,2,763.4,1526.8,Online,0.0,
2023-07-30,RCPT00004759,ST02,SKU02543,CUST02026,1,1956.24,983.99,Online,49.7,PROMO030
2023-07-30,RCPT00004759,ST02,SKU01715,CUST02026,4,2315.8,4659.39,Online,49.7,PROMO030
2023-07-30,RCPT00004759,ST02,SKU04596,CUST02026,2,335.55,337.56,Online,49.7,PROMO030
2024-05-30,RCPT00004760,ST23,SKU04565,CUST02033,2,464.62,929.24,Online,0.0,
2025-09-05,RCPT00004761,ST05,SKU00079,CUST01344,1,197.9,197.9,In-Store,0.0,
2023-12-31,RCPT00004762,ST06,SKU04542,CUST01927,3,123.29,259.28,Online,29.9,PROMO043
2022-03-16,RCPT00004763,ST24,SKU02583,CUST09329,1,274.06,274.06,Online,0.0,
2022-03-16,RCPT00004763,ST24,SKU01371,CUST09329,2,1277.61,2555.22,Online,0.0,
2022-09-17,RCPT00004764,ST26,SKU04633,CUST09623,4,620.55,2482.2,In-Store,0.0,
2022-09-17,RCPT00004764,ST26,SKU00154,CUST09623,3,2279.38,6838.14,In-Store,0.0,
2022-09-17,RCPT00004764,ST26,SKU02526,CUST09623,3,698.11,2094.33,In-Store,0.0,
2022-09-17,RCPT00004764,ST26,SKU04167,CUST09623,1,200.13,200.13,In-Store,0.0,
2022-09-17,RCPT00004764,ST26,SKU04321,CUST09623,1,961.3,961.3,In-Store,0.0,
2025-12-19,RCPT00004765,ST30,SKU00020,CUST01681,3,109.5,328.5,In-Store,0.0,
2025-12-19,RCPT00004765,ST30,SKU00698,CUST01681,2,231.37,462.74,In-Store,0.0,
2023-09-30,RCPT00004766,ST29,SKU04032,CUST04140,1,203.7,203.7,Mobile App,0.0,
2023-09-30,RCPT00004766,ST29,SKU02265,CUST04140,1,846.76,846.76,Mobile App,0.0,
2023-09-30,RCPT00004766,ST29,SKU02046,CUST04140,5,2009.47,10047.35,Mobile App,0.0,
2025-03-31,RCPT00004767,ST14,SKU00075,CUST05250,3,3697.58,11092.74,In-Store,0.0,
2025-03-31,RCPT00004767,ST14,SKU02275,CUST05250,1,188.12,188.12,In-Store,0.0,
2025-03-18,RCPT00004768,ST21,SKU04154,CUST00767,3,351.77,1055.31,In-Store,0.0,
2025-03-18,RCPT00004768,ST21,SKU03055,CUST00767,1,130.59,130.59,In-Store,0.0,
2025-03-18,RCPT00004768,ST21,SKU02790,CUST00767,1,70.96,70.96,In-Store,0.0,
2024-12-22,RCPT00004769,ST06,SKU00974,CUST03022,3,47.34,142.02,In-Store,0.0,
2024-12-22,RCPT00004769,ST06,SKU02465,CUST03022,1,107.75,107.75,In-Store,0.0,
2023-05-16,RCPT00004770,ST09,SKU00778,CUST01208,2,296.04,592.08,Online,0.0,
2025-07-05,RCPT00004771,ST14,SKU00471,CUST01833,2,344.74,689.48,In-Store,0.0,
2025-05-22,RCPT00004772,ST17,SKU03099,CUST05673,1,189.1,189.1,Online,0.0,
2025-05-22,RCPT00004772,ST17,SKU01363,CUST05673,1,3184.6,3184.6,Online,0.0,
2024-06-11,RCPT00004773,ST14,SKU01512,CUST08890,1,375.88,375.88,Online,0.0,
2024-06-11,RCPT00004773,ST14,SKU01919,CUST08890,1,88.6,88.6,Online,0.0,
2022-10-16,RCPT00004774,ST20,SKU03935,CUST07708,2,522.89,1045.78,In-Store,0.0,
2022-10-16,RCPT00004774,ST20,SKU00354,CUST07708,3,1108.74,3326.22,In-Store,0.0,
2022-10-16,RCPT00004774,ST20,SKU04321,CUST07708,1,961.3,961.3,In-Store,0.0,
2023-08-02,RCPT00004775,ST14,SKU02336,CUST06478,1,337.07,253.48,In-Store,24.8,PROMO061
2022-06-29,RCPT00004776,ST04,SKU02155,CUST05362,3,1113.48,3340.44,Mobile App,0.0,
2022-06-15,RCPT00004777,ST08,SKU00910,CUST05202,1,313.65,179.41,In-Store,42.8,PROMO022
2022-06-15,RCPT00004777,ST08,SKU03111,CUST05202,2,546.67,625.39,In-Store,42.8,PROMO022
2025-09-27,RCPT00004778,ST17,SKU01293,CUST07180,4,228.78,915.12,Online,0.0,
2025-09-27,RCPT00004778,ST17,SKU01315,CUST07180,1,1695.35,1695.35,Online,0.0,
2022-09-08,RCPT00004779,ST02,SKU01330,CUST07690,3,183.49,550.47,In-Store,0.0,
2024-07-31,RCPT00004780,ST03,SKU04720,CUST02103,2,2230.86,3788.0,Online,15.1,PROMO001
2022-06-24,RCPT00004781,ST23,SKU01477,CUST02662,1,296.17,278.99,In-Store,5.8,PROMO021
2025-02-12,RCPT00004782,ST08,SKU00926,CUST02593,1,285.44,158.99,In-Store,44.3,PROMO041
2025-02-12,RCPT00004782,ST08,SKU04547,CUST02593,4,343.88,766.16,In-Store,44.3,PROMO041
2025-05-29,RCPT00004783,ST21,SKU02608,CUST01568,1,1070.78,1070.78,Online,0.0,
2025-05-29,RCPT00004783,ST21,SKU03019,CUST01568,2,1094.04,2188.08,Online,0.0,
2025-05-29,RCPT00004783,ST21,SKU03535,CUST01568,3,178.62,535.86,Online,0.0,
2025-05-29,RCPT00004783,ST21,SKU01573,CUST01568,5,847.69,4238.45,Online,0.0,
2025-05-29,RCPT00004783,ST21,SKU01045,CUST01568,1,451.29,451.29,Online,0.0,
2023-09-27,RCPT00004784,ST11,SKU03088,CUST09650,1,223.55,223.55,Online,0.0,
2025-10-17,RCPT00004785,ST22,SKU03460,CUST03287,2,3034.93,6069.86,Online,0.0,
2022-04-12,RCPT00004786,ST06,SKU04377,CUST00823,2,152.67,305.34,Online,0.0,
2023-09-26,RCPT00004787,ST28,SKU04060,CUST05379,1,983.88,983.88,In-Store,0.0,
2023-09-26,RCPT00004787,ST28,SKU04965,CUST05379,1,83.76,83.76,In-Store,0.0,
2025-12-06,RCPT00004788,ST07,SKU01452,CUST00158,1,1517.49,1517.49,In-Store,0.0,
2025-12-06,RCPT00004788,ST07,SKU01272,CUST00158,2,386.08,772.16,In-Store,0.0,
2022-11-01,RCPT00004789,ST06,SKU02755,CUST07157,5,805.74,4028.7,Online,0.0,
2022-05-11,RCPT00004790,ST02,SKU03159,CUST04752,1,134.99,134.99,In-Store,0.0,
2022-05-11,RCPT00004790,ST02,SKU02141,CUST04752,2,471.88,943.76,In-Store,0.0,
2022-05-11,RCPT00004790,ST02,SKU01983,CUST04752,2,530.92,1061.84,In-Store,0.0,
2022-05-11,RCPT00004790,ST02,SKU03776,CUST04752,1,335.33,335.33,In-Store,0.0,
2022-05-11,RCPT00004790,ST02,SKU01548,CUST04752,2,146.21,292.42,In-Store,0.0,
2024-08-10,RCPT00004791,ST09,SKU01315,CUST07297,1,1695.35,1364.76,In-Store,19.5,PROMO087
2023-04-04,RCPT00004792,ST12,SKU03870,CUST03246,2,301.78,603.56,Online,0.0,
2023-04-04,RCPT00004792,ST12,SKU01481,CUST03246,2,746.72,1493.44,Online,0.0,
2023-04-04,RCPT00004792,ST12,SKU01890,CUST03246,1,119.43,119.43,Online,0.0,
2024-09-11,RCPT00004793,ST01,SKU03415,CUST00669,4,1197.64,4790.56,In-Store,0.0,
2024-01-05,RCPT00004794,ST23,SKU03638,CUST01517,1,133.01,133.01,In-Store,0.0,
2024-11-26,RCPT00004795,ST30,SKU00363,CUST04106,5,1103.75,5518.75,Online,0.0,
2024-11-26,RCPT00004795,ST30,SKU00902,CUST04106,1,535.55,535.55,Online,0.0,
2024-11-26,RCPT00004795,ST30,SKU01420,CUST04106,2,213.65,427.3,Online,0.0,
2024-11-26,RCPT00004795,ST30,SKU04993,CUST04106,3,1067.68,3203.04,Online,0.0,
2023-05-25,RCPT00004796,ST05,SKU00769,CUST02129,1,241.93,241.93,In-Store,0.0,
2023-05-25,RCPT00004796,ST05,SKU03006,CUST02129,3,1088.75,3266.25,In-Store,0.0,
2023-05-25,RCPT00004796,ST05,SKU03036,CUST02129,2,219.56,439.12,In-Store,0.0,
2024-08-09,RCPT00004797,ST04,SKU04154,CUST02961,2,351.77,703.54,Online,0.0,
2024-08-09,RCPT00004797,ST04,SKU03227,CUST02961,1,383.56,383.56,Online,0.0,
2023-03-18,RCPT00004798,ST09,SKU02692,CUST05759,2,2095.03,3896.76,Mobile App,7.0,PROMO002
2023-03-18,RCPT00004798,ST09,SKU02821,CUST05759,2,965.81,1796.41,Mobile App,7.0,PROMO002
2025-07-07,RCPT00004799,ST18,SKU04796,CUST01299,3,1974.55,5923.65,Mobile App,0.0,
2025-07-07,RCPT00004799,ST18,SKU01856,CUST01299,2,195.51,391.02,Mobile App,0.0,
2022-05-11,RCPT00004800,ST06,SKU03546,CUST09584,1,496.17,496.17,In-Store,0.0,
2022-05-11,RCPT00004800,ST06,SKU02720,CUST09584,1,139.98,139.98,In-Store,0.0,
2022-05-11,RCPT00004800,ST06,SKU00139,CUST09584,2,790.82,1581.64,In-Store,0.0,
2022-09-09,RCPT00004801,ST08,SKU02368,CUST02650,1,849.39,849.39,Online,0.0,
2022-09-09,RCPT00004801,ST08,SKU02523,CUST02650,2,1456.58,2913.16,Online,0.0,
2024-10-27,RCPT00004802,ST18,SKU03232,CUST08040,1,2223.84,2223.84,In-Store,0.0,
2022-10-04,RCPT00004803,ST25,SKU02951,CUST03370,1,384.02,384.02,Online,0.0,
2022-10-04,RCPT00004803,ST25,SKU03035,CUST03370,2,1367.96,2735.92,Online,0.0,
2022-10-04,RCPT00004803,ST25,SKU02848,CUST03370,1,334.01,334.01,Online,0.0,
2024-09-01,RCPT00004804,ST03,SKU00079,CUST08691,5,197.9,989.5,Online,0.0,
2024-09-01,RCPT00004804,ST03,SKU01846,CUST08691,1,189.44,189.44,Online,0.0,
2024-08-12,RCPT00004805,ST25,SKU01446,CUST01187,4,192.93,771.72,In-Store,0.0,
2025-05-05,RCPT00004806,ST29,SKU01430,CUST07477,1,641.12,641.12,Online,0.0,
2025-05-05,RCPT00004806,ST29,SKU01420,CUST07477,1,213.65,213.65,Online,0.0,
2022-08-29,RCPT00004807,ST18,SKU04321,CUST04178,3,961.3,2624.35,In-Store,9.0,PROMO033
2024-09-17,RCPT00004808,ST11,SKU02503,CUST06469,1,280.9,280.9,In-Store,0.0,
2022-08-07,RCPT00004809,ST10,SKU00823,CUST05523,4,183.03,732.12,Mobile App,0.0,
2022-08-07,RCPT00004809,ST10,SKU01576,CUST05523,1,709.54,709.54,Mobile App,0.0,
2022-12-12,RCPT00004810,ST01,SKU02196,CUST00898,1,303.5,303.5,Mobile App,0.0,
2022-12-12,RCPT00004810,ST01,SKU02062,CUST00898,2,1854.01,3708.02,Mobile App,0.0,
2022-09-13,RCPT00004811,ST22,SKU00942,CUST00780,1,172.9,172.9,Mobile App,0.0,
2024-08-06,RCPT00004812,ST22,SKU01164,CUST05221,1,241.81,241.81,Mobile App,0.0,
2024-08-06,RCPT00004812,ST22,SKU02726,CUST05221,3,829.86,2489.58,Mobile App,0.0,
2024-08-06,RCPT00004812,ST22,SKU04599,CUST05221,2,1987.33,3974.66,Mobile App,0.0,
2024-08-06,RCPT00004812,ST22,SKU02484,CUST05221,2,567.26,1134.52,Mobile App,0.0,
2024-05-02,RCPT00004813,ST10,SKU04132,CUST04068,3,2255.25,6765.75,In-Store,0.0,
2025-12-22,RCPT00004814,ST05,SKU00533,CUST02749,4,114.47,457.88,In-Store,0.0,
2024-04-04,RCPT00004815,ST30,SKU03974,CUST09557,1,228.41,114.66,In-Store,49.8,PROMO019
2024-05-15,RCPT00004816,ST13,SKU03027,CUST05995,2,724.38,973.57,Mobile App,32.8,PROMO036
2024-05-15,RCPT00004816,ST13,SKU01829,CUST05995,1,385.77,259.24,Mobile App,32.8,PROMO036
2024-05-15,RCPT00004816,ST13,SKU04375,CUST05995,2,1761.68,2367.7,Mobile App,32.8,PROMO036
2022-05-07,RCPT00004817,ST05,SKU01683,CUST06043,2,513.45,1026.9,Online,0.0,
2022-05-07,RCPT00004817,ST05,SKU03699,CUST06043,1,2185.11,2185.11,Online,0.0,
2025-11-26,RCPT00004818,ST01,SKU01274,CUST07991,1,558.36,558.36,Online,0.0,
2025-11-26,RCPT00004818,ST01,SKU02434,CUST07991,1,733.61,733.61,Online,0.0,
2022-10-22,RCPT00004819,ST02,SKU03865,CUST00706,3,266.91,800.73,In-Store,0.0,
2022-10-22,RCPT00004819,ST02,SKU00610,CUST00706,4,1954.6,7818.4,In-Store,0.0,
2022-11-13,RCPT00004820,ST01,SKU04126,CUST09043,2,1646.95,3293.9,Online,0.0,
2022-11-13,RCPT00004820,ST01,SKU04467,CUST09043,1,263.78,263.78,Online,0.0,
2022-11-13,RCPT00004820,ST01,SKU04321,CUST09043,1,961.3,961.3,Online,0.0,
2022-11-13,RCPT00004820,ST01,SKU04321,CUST09043,1,961.3,961.3,Online,0.0,
2022-11-13,RCPT00004820,ST01,SKU03727,CUST09043,1,1660.93,1660.93,Online,0.0,
2023-08-10,RCPT00004821,ST29,SKU04596,CUST09666,2,335.55,671.1,Mobile App,0.0,
2023-08-10,RCPT00004821,ST29,SKU01045,CUST09666,1,451.29,451.29,Mobile App,0.0,
2023-05-08,RCPT00004822,ST02,SKU03727,CUST00821,2,1660.93,3321.86,In-Store,0.0,
2023-05-08,RCPT00004822,ST02,SKU01840,CUST00821,3,117.69,353.07,In-Store,0.0,
2023-05-08,RCPT00004822,ST02,SKU03573,CUST00821,1,1738.69,1738.69,In-Store,0.0,
2023-05-08,RCPT00004822,ST02,SKU00616,CUST00821,1,2580.43,2580.43,In-Store,0.0,
2023-05-08,RCPT00004822,ST02,SKU00061,CUST00821,1,249.85,249.85,In-Store,0.0,
2022-05-15,RCPT00004823,ST12,SKU04155,CUST08953,2,2612.22,5224.44,In-Store,0.0,
2022-05-15,RCPT00004823,ST12,SKU00876,CUST08953,1,92.51,92.51,In-Store,0.0,
2025-02-12,RCPT00004824,ST23,SKU01836,CUST04332,1,1656.58,922.72,In-Store,44.3,PROMO041
2025-02-12,RCPT00004824,ST23,SKU00823,CUST04332,5,183.03,509.74,In-Store,44.3,PROMO041
2024-08-11,RCPT00004825,ST10,SKU04601,CUST01395,2,346.35,692.7,Mobile App,0.0,
2024-08-11,RCPT00004825,ST10,SKU04156,CUST01395,1,3610.04,3610.04,Mobile App,0.0,
2022-02-24,RCPT00004826,ST10,SKU04275,CUST01056,1,240.04,240.04,In-Store,0.0,
2024-12-21,RCPT00004827,ST28,SKU04596,CUST08722,1,335.55,335.55,In-Store,0.0,
2024-12-21,RCPT00004827,ST28,SKU02317,CUST08722,1,287.3,287.3,In-Store,0.0,
2023-10-29,RCPT00004828,ST26,SKU03820,CUST03166,1,961.05,961.05,Mobile App,0.0,
2025-09-02,RCPT00004829,ST13,SKU04476,CUST08662,1,134.95,134.95,In-Store,0.0,
2025-09-02,RCPT00004829,ST13,SKU02526,CUST08662,1,698.11,698.11,In-Store,0.0,
2025-09-02,RCPT00004829,ST13,SKU04035,CUST08662,4,140.98,563.92,In-Store,0.0,
2023-01-08,RCPT00004830,ST26,SKU01774,CUST03630,1,129.33,129.33,In-Store,0.0,
2022-04-10,RCPT00004831,ST16,SKU03003,CUST02315,1,141.34,141.34,Mobile App,0.0,
2022-04-10,RCPT00004831,ST16,SKU00020,CUST02315,1,109.5,109.5,Mobile App,0.0,
2025-10-29,RCPT00004832,ST21,SKU02478,CUST06954,1,74.15,74.15,In-Store,0.0,
2023-12-13,RCPT00004833,ST15,SKU04154,CUST03707,2,351.77,703.54,In-Store,0.0,
2024-07-05,RCPT00004834,ST29,SKU00190,CUST05582,1,145.42,112.56,In-Store,22.6,PROMO045
2024-07-05,RCPT00004834,ST29,SKU00855,CUST05582,3,141.42,328.38,In-Store,22.6,PROMO045
2023-09-09,RCPT00004835,ST14,SKU01683,CUST07805,2,513.45,896.48,In-Store,12.7,PROMO010
2023-01-09,RCPT00004836,ST22,SKU01819,CUST03755,5,1045.44,5227.2,In-Store,0.0,
2025-01-25,RCPT00004837,ST23,SKU03736,CUST04944,1,234.21,164.18,In-Store,29.9,PROMO092
2024-11-08,RCPT00004838,ST21,SKU04958,CUST04049,1,180.7,180.7,Online,0.0,
2025-11-24,RCPT00004839,ST26,SKU04321,CUST03950,2,961.3,1922.6,Mobile App,0.0,
2023-12-06,RCPT00004840,ST21,SKU03599,CUST05183,5,160.95,804.75,Online,0.0,
2024-02-05,RCPT00004841,ST09,SKU02960,CUST00373,2,61.77,123.54,Mobile App,0.0,
2024-10-24,RCPT00004842,ST04,SKU00687,CUST09500,5,1165.09,5825.45,In-Store,0.0,
2025-05-20,RCPT00004843,ST28,SKU01987,CUST01573,1,1078.02,1078.02,Online,0.0,
2025-05-20,RCPT00004843,ST28,SKU03110,CUST01573,2,304.91,609.82,Online,0.0,
2025-05-06,RCPT00004844,ST05,SKU03917,CUST01551,1,1503.21,1503.21,In-Store,0.0,
2022-09-01,RCPT00004845,ST19,SKU01613,CUST03429,1,176.32,160.45,Online,9.0,PROMO033
2022-09-01,RCPT00004845,ST19,SKU04344,CUST03429,2,201.81,367.29,Online,9.0,PROMO033
2022-09-01,RCPT00004845,ST19,SKU01030,CUST03429,3,224.5,612.88,Online,9.0,PROMO033
2022-09-01,RCPT00004845,ST19,SKU03734,CUST03429,2,441.41,803.37,Online,9.0,PROMO033
2023-11-29,RCPT00004846,ST19,SKU00040,CUST07215,1,206.7,206.7,Online,0.0,
2024-08-12,RCPT00004847,ST16,SKU04802,CUST02752,4,237.57,950.28,In-Store,0.0,
2024-02-28,RCPT00004848,ST21,SKU00079,CUST09718,3,197.9,593.7,In-Store,0.0,
2024-02-28,RCPT00004848,ST21,SKU02953,CUST09718,2,206.97,413.94,In-Store,0.0,
2022-09-21,RCPT00004849,ST25,SKU03228,CUST08255,1,398.21,398.21,In-Store,0.0,
2025-07-26,RCPT00004850,ST06,SKU00463,CUST05103,4,1727.58,6910.32,Online,0.0,
2024-06-13,RCPT00004851,ST27,SKU03088,CUST01498,3,223.55,576.09,Online,14.1,PROMO023
2024-06-13,RCPT00004851,ST27,SKU04284,CUST01498,2,89.66,154.04,Online,14.1,PROMO023
2022-02-20,RCPT00004852,ST20,SKU01590,CUST03637,1,92.68,92.68,Online,0.0,
2022-02-20,RCPT00004852,ST20,SKU04986,CUST03637,3,63.68,191.04,Online,0.0,
2025-11-05,RCPT00004853,ST09,SKU03063,CUST07144,2,363.59,727.18,In-Store,0.0,
2025-11-05,RCPT00004853,ST09,SKU03088,CUST07144,5,223.55,1117.75,In-Store,0.0,
2023-02-11,RCPT00004854,ST24,SKU04321,CUST07458,3,961.3,2883.9,Online,0.0,
2025-02-10,RCPT00004855,ST02,SKU04321,CUST07914,2,961.3,1070.89,Online,44.3,PROMO041
2025-02-10,RCPT00004855,ST02,SKU04283,CUST07914,1,1868.67,1040.85,Online,44.3,PROMO041
2025-02-10,RCPT00004855,ST02,SKU00311,CUST07914,1,2295.88,1278.81,Online,44.3,PROMO041
2025-02-10,RCPT00004855,ST02,SKU01717,CUST07914,1,289.99,161.52,Online,44.3,PROMO041
2023-11-17,RCPT00004856,ST04,SKU04154,CUST08895,1,351.77,351.77,In-Store,0.0,
2025-05-25,RCPT00004857,ST11,SKU02526,CUST00649,4,698.11,2792.44,In-Store,0.0,
2025-05-25,RCPT00004857,ST11,SKU02353,CUST00649,1,747.09,747.09,In-Store,0.0,
2025-05-25,RCPT00004857,ST11,SKU01574,CUST00649,2,1362.67,2725.34,In-Store,0.0,
2023-03-29,RCPT00004858,ST06,SKU04804,CUST05911,1,229.19,229.19,Online,0.0,
2023-03-29,RCPT00004858,ST06,SKU02950,CUST05911,2,251.09,502.18,Online,0.0,
2024-07-25,RCPT00004859,ST09,SKU03392,CUST06327,2,1170.37,2340.74,In-Store,0.0,
2022-09-21,RCPT00004860,ST08,SKU01802,CUST04160,2,813.93,1627.86,In-Store,0.0,
2022-09-21,RCPT00004860,ST08,SKU04329,CUST04160,3,2452.07,7356.21,In-Store,0.0,
2023-06-16,RCPT00004861,ST29,SKU03516,CUST04058,2,143.34,286.68,In-Store,0.0,
2023-01-15,RCPT00004862,ST26,SKU03456,CUST01939,1,234.0,234.0,In-Store,0.0,
2022-02-24,RCPT00004863,ST06,SKU03907,CUST02594,3,876.73,2630.19,Mobile App,0.0,
2023-09-07,RCPT00004864,ST19,SKU04276,CUST00879,3,1212.48,3175.49,Online,12.7,PROMO010
2023-09-07,RCPT00004864,ST19,SKU00285,CUST00879,4,505.67,1765.8,Online,12.7,PROMO010
2025-09-07,RCPT00004865,ST17,SKU01642,CUST05499,2,2898.52,5797.04,Online,0.0,
2025-09-07,RCPT00004865,ST17,SKU02052,CUST05499,1,277.43,277.43,Online,0.0,
2023-08-02,RCPT00004866,ST07,SKU04088,CUST05098,4,146.66,295.08,In-Store,49.7,PROMO030
2025-06-24,RCPT00004867,ST05,SKU03077,CUST00607,2,377.75,755.5,In-Store,0.0,
2025-06-24,RCPT00004867,ST05,SKU02961,CUST00607,3,1130.98,3392.94,In-Store,0.0,
2024-11-14,RCPT00004868,ST09,SKU03526,CUST05144,1,154.53,154.53,In-Store,0.0,
2025-02-25,RCPT00004869,ST26,SKU00940,CUST07319,5,148.78,743.9,In-Store,0.0,
2023-07-13,RCPT00004870,ST09,SKU02141,CUST04158,1,471.88,471.88,In-Store,0.0,
2023-07-13,RCPT00004870,ST09,SKU00573,CUST04158,3,247.12,741.36,In-Store,0.0,
2023-07-13,RCPT00004870,ST09,SKU04321,CUST04158,1,961.3,961.3,In-Store,0.0,
2023-07-13,RCPT00004870,ST09,SKU04253,CUST04158,1,130.21,112.76,In-Store,13.4,PROMO055
2024-11-29,RCPT00004871,ST08,SKU04775,CUST06701,1,121.08,121.08,Online,0.0,
2024-10-03,RCPT00004872,ST08,SKU01317,CUST04059,2,644.83,941.45,In-Store,27.0,PROMO094
2024-10-03,RCPT00004872,ST08,SKU00990,CUST04059,5,485.43,1771.82,In-Store,27.0,PROMO094
2023-10-15,RCPT00004873,ST20,SKU05000,CUST02935,4,437.06,1748.24,In-Store,0.0,
2023-03-01,RCPT00004874,ST20,SKU04661,CUST02227,1,81.09,41.27,Mobile App,49.1,PROMO008
2023-03-01,RCPT00004874,ST20,SKU01045,CUST02227,1,451.29,451.29,Mobile App,0.0,
2025-01-30,RCPT00004875,ST12,SKU04326,CUST01476,1,165.63,94.08,In-Store,43.2,PROMO098
2025-01-30,RCPT00004875,ST12,SKU00079,CUST01476,3,197.9,593.7,In-Store,0.0,
2023-06-22,RCPT00004876,ST21,SKU04321,CUST09919,1,961.3,961.3,In-Store,0.0,
2023-06-22,RCPT00004876,ST21,SKU01823,CUST09919,4,1248.39,4993.56,In-Store,0.0,
2025-12-12,RCPT00004877,ST11,SKU02079,CUST02211,1,153.65,153.65,In-Store,0.0,
2025-12-12,RCPT00004877,ST11,SKU04162,CUST02211,2,364.89,729.78,In-Store,0.0,
2023-12-03,RCPT00004878,ST14,SKU03174,CUST08618,1,1052.39,1052.39,Online,0.0,
2023-12-03,RCPT00004878,ST14,SKU03088,CUST08618,1,223.55,223.55,Online,0.0,
2025-01-27,RCPT00004879,ST05,SKU04704,CUST09081,3,56.92,170.76,In-Store,0.0,
2025-01-27,RCPT00004879,ST05,SKU00459,CUST09081,1,147.1,147.1,In-Store,0.0,
2023-10-05,RCPT00004880,ST10,SKU02538,CUST03919,2,216.58,433.16,In-Store,0.0,
2023-10-05,RCPT00004880,ST10,SKU04260,CUST03919,1,206.7,206.7,In-Store,0.0,
2025-07-22,RCPT00004881,ST28,SKU02840,CUST05415,2,267.04,534.08,Online,0.0,
2025-02-04,RCPT00004882,ST04,SKU04811,CUST06887,1,281.13,281.13,Mobile App,0.0,
2025-02-04,RCPT00004882,ST04,SKU01858,CUST06887,1,74.37,74.37,Mobile App,0.0,
2025-02-04,RCPT00004882,ST04,SKU00508,CUST06887,3,567.86,1703.58,Mobile App,0.0,
2023-09-01,RCPT00004883,ST05,SKU04321,CUST05057,1,961.3,839.21,Mobile App,12.7,PROMO010
2023-10-27,RCPT00004884,ST15,SKU01775,CUST00258,2,204.15,408.3,In-Store,0.0,
2023-10-27,RCPT00004884,ST15,SKU01707,CUST00258,1,352.2,352.2,In-Store,0.0,
2024-12-02,RCPT00004885,ST26,SKU01296,CUST02888,1,84.47,84.47,Mobile App,0.0,
2024-12-02,RCPT00004885,ST26,SKU03922,CUST02888,2,2095.66,4191.32,Mobile App,0.0,
2024-12-02,RCPT00004885,ST26,SKU00440,CUST02888,1,398.41,398.41,Mobile App,0.0,
2023-09-22,RCPT00004886,ST14,SKU03201,CUST00153,1,107.6,107.6,Online,0.0,
2025-12-25,RCPT00004887,ST26,SKU04321,CUST09798,1,961.3,961.3,In-Store,0.0,
2025-12-25,RCPT00004887,ST26,SKU04759,CUST09798,1,1217.72,1217.72,In-Store,0.0,
2024-11-27,RCPT00004888,ST12,SKU04596,CUST07601,5,335.55,1677.75,In-Store,0.0,
2024-05-16,RCPT00004889,ST05,SKU02240,CUST01399,2,1865.7,3044.82,In-Store,18.4,PROMO089
2024-05-16,RCPT00004889,ST05,SKU00893,CUST01399,2,690.66,928.25,In-Store,32.8,PROMO036
2024-05-16,RCPT00004889,ST05,SKU02954,CUST01399,1,603.3,405.42,In-Store,32.8,PROMO036
2024-05-16,RCPT00004889,ST05,SKU01277,CUST01399,1,1564.08,1051.06,In-Store,32.8,PROMO036
2023-11-24,RCPT00004890,ST08,SKU02004,CUST01398,3,925.67,2777.01,In-Store,0.0,
2023-11-24,RCPT00004890,ST08,SKU03115,CUST01398,2,804.38,1608.76,In-Store,0.0,
2024-11-02,RCPT00004891,ST20,SKU02988,CUST06931,2,252.98,505.96,In-Store,0.0,
2024-11-02,RCPT00004891,ST20,SKU03339,CUST06931,3,89.68,269.04,In-Store,0.0,
2024-11-02,RCPT00004891,ST20,SKU00432,CUST06931,1,1977.65,1977.65,In-Store,0.0,
2024-02-05,RCPT00004892,ST18,SKU02912,CUST00775,1,156.0,156.0,Mobile App,0.0,
2022-08-01,RCPT00004893,ST13,SKU02155,CUST06178,1,1113.48,1113.48,Online,0.0,
2022-08-01,RCPT00004893,ST13,SKU01695,CUST06178,1,1323.43,1323.43,Online,0.0,
2025-10-08,RCPT00004894,ST09,SKU04346,CUST04437,1,970.29,887.82,Online,8.5,PROMO007
2022-11-17,RCPT00004895,ST05,SKU04321,CUST08041,3,961.3,2883.9,Mobile App,0.0,
2022-11-17,RCPT00004895,ST05,SKU02430,CUST08041,1,690.87,690.87,Mobile App,0.0,
2022-11-17,RCPT00004895,ST05,SKU01420,CUST08041,3,213.65,640.95,Mobile App,0.0,
2025-12-25,RCPT00004896,ST20,SKU04282,CUST04922,3,160.02,480.06,Online,0.0,
2025-12-25,RCPT00004896,ST20,SKU03924,CUST04922,2,272.17,544.34,Online,0.0,
2025-12-25,RCPT00004896,ST20,SKU00190,CUST04922,1,145.42,145.42,Online,0.0,
2025-12-06,RCPT00004897,ST04,SKU02870,CUST04129,1,794.71,794.71,Mobile App,0.0,
2025-12-06,RCPT00004897,ST04,SKU00216,CUST04129,1,678.4,678.4,Mobile App,0.0,
2024-10-18,RCPT00004898,ST29,SKU04596,CUST05386,1,335.55,335.55,Online,0.0,
2024-10-18,RCPT00004898,ST29,SKU00591,CUST05386,1,721.88,721.88,Online,0.0,
2024-10-18,RCPT00004898,ST29,SKU01015,CUST05386,4,427.87,1711.48,Online,0.0,
2022-02-02,RCPT00004899,ST03,SKU00002,CUST07470,1,70.38,70.38,In-Store,0.0,
2023-09-22,RCPT00004900,ST17,SKU01072,CUST04283,1,827.35,827.35,Mobile App,0.0,
2022-12-26,RCPT00004901,ST07,SKU02503,CUST08506,2,280.9,561.8,In-Store,0.0,
2022-12-26,RCPT00004901,ST07,SKU02417,CUST08506,2,1108.44,2216.88,In-Store,0.0,
2022-12-26,RCPT00004901,ST07,SKU04166,CUST08506,3,263.67,791.01,In-Store,0.0,
2025-11-13,RCPT00004902,ST27,SKU02920,CUST08216,2,68.47,136.94,In-Store,0.0,
2025-11-13,RCPT00004902,ST27,SKU04398,CUST08216,1,538.69,538.69,In-Store,0.0,
2023-03-11,RCPT00004903,ST26,SKU03999,CUST02923,4,494.75,1428.84,In-Store,27.8,PROMO078
2023-03-11,RCPT00004903,ST26,SKU02523,CUST02923,1,1456.58,1051.65,In-Store,27.8,PROMO078
2022-12-04,RCPT00004904,ST30,SKU01501,CUST08341,1,99.7,99.7,Online,0.0,
2022-12-04,RCPT00004904,ST30,SKU04652,CUST08341,1,1268.21,1025.98,Online,19.1,PROMO086
2025-06-20,RCPT00004905,ST22,SKU04097,CUST07663,4,405.48,1621.92,In-Store,0.0,
2025-06-20,RCPT00004905,ST22,SKU04154,CUST07663,2,351.77,703.54,In-Store,0.0,
2024-11-16,RCPT00004906,ST14,SKU01030,CUST01578,2,224.5,449.0,Online,0.0,
2024-11-16,RCPT00004906,ST14,SKU04007,CUST01578,1,1079.7,1079.7,Online,0.0,
2024-11-16,RCPT00004906,ST14,SKU03195,CUST01578,4,610.08,2440.32,Online,0.0,
2022-10-19,RCPT00004907,ST01,SKU04321,CUST08463,1,961.3,961.3,Online,0.0,
2022-10-19,RCPT00004907,ST01,SKU01050,CUST08463,1,1245.06,1245.06,Online,0.0,
2022-10-19,RCPT00004907,ST01,SKU03815,CUST08463,1,160.57,160.57,Online,0.0,
2024-12-10,RCPT00004908,ST30,SKU04365,CUST05703,1,1774.69,1774.69,In-Store,0.0,
2023-07-08,RCPT00004909,ST11,SKU00687,CUST03173,3,1165.09,3495.27,Online,0.0,
2023-07-08,RCPT00004909,ST11,SKU00285,CUST03173,1,505.67,505.67,Online,0.0,
2023-07-08,RCPT00004909,ST11,SKU02937,CUST03173,1,175.74,175.74,Online,0.0,
2023-07-29,RCPT00004910,ST27,SKU01420,CUST06044,1,213.65,107.47,Online,49.7,PROMO030
2023-07-29,RCPT00004910,ST27,SKU01439,CUST06044,1,987.75,496.84,Online,49.7,PROMO030
2023-07-29,RCPT00004910,ST27,SKU04344,CUST06044,4,201.81,406.04,Online,49.7,PROMO030
2023-07-29,RCPT00004910,ST27,SKU03171,CUST06044,3,144.79,218.49,Online,49.7,PROMO030
2023-07-29,RCPT00004910,ST27,SKU01829,CUST06044,3,385.77,582.13,Online,49.7,PROMO030
2025-02-24,RCPT00004911,ST30,SKU04321,CUST04775,1,961.3,535.44,In-Store,44.3,PROMO041
2025-02-24,RCPT00004911,ST30,SKU01884,CUST04775,2,1125.1,1253.36,In-Store,44.3,PROMO041
2025-08-13,RCPT00004912,ST16,SKU02482,CUST08944,3,1297.95,2383.04,Online,38.8,PROMO056
2025-08-13,RCPT00004912,ST16,SKU04063,CUST08944,1,471.49,243.76,Online,48.3,PROMO032
2025-08-13,RCPT00004912,ST16,SKU00422,CUST08944,1,276.63,143.02,Online,48.3,PROMO032
2023-06-15,RCPT00004913,ST30,SKU02026,CUST02770,1,1823.87,1541.17,Online,15.5,PROMO054
2023-10-05,RCPT00004914,ST30,SKU04159,CUST02859,1,2188.36,2188.36,Mobile App,0.0,
2023-11-14,RCPT00004915,ST21,SKU02737,CUST07827,2,315.14,630.28,Online,0.0,
2023-09-20,RCPT00004916,ST19,SKU03087,CUST05567,2,330.63,661.26,Online,0.0,
2023-09-20,RCPT00004916,ST19,SKU03599,CUST05567,1,160.95,160.95,Online,0.0,
2025-08-07,RCPT00004917,ST21,SKU02065,CUST01916,3,70.19,210.57,In-Store,0.0,
2023-07-26,RCPT00004918,ST18,SKU04257,CUST09151,1,285.09,143.4,Mobile App,49.7,PROMO030
2025-03-23,RCPT00004919,ST21,SKU00005,CUST03501,1,138.5,138.5,Online,0.0,
2023-03-22,RCPT00004920,ST21,SKU01990,CUST06406,2,161.94,323.88,Online,0.0,
2025-04-12,RCPT00004921,ST16,SKU04618,CUST09551,1,433.58,433.58,Online,0.0,
2025-04-12,RCPT00004921,ST16,SKU04321,CUST09551,1,961.3,961.3,Online,0.0,
2025-04-12,RCPT00004921,ST16,SKU00380,CUST09551,1,293.11,293.11,Online,0.0,
2022-12-13,RCPT00004922,ST10,SKU01988,CUST05267,1,331.12,331.12,Online,0.0,
2024-03-07,RCPT00004923,ST22,SKU01280,CUST05665,1,593.19,333.37,In-Store,43.8,PROMO075
2024-03-07,RCPT00004923,ST22,SKU03088,CUST05665,4,223.55,502.54,In-Store,43.8,PROMO075
2024-06-21,RCPT00004924,ST06,SKU03727,CUST03006,2,1660.93,2571.12,Online,22.6,PROMO045
2024-06-21,RCPT00004924,ST06,SKU04884,CUST03006,1,234.65,181.62,Online,22.6,PROMO045
2025-09-23,RCPT00004925,ST24,SKU01714,CUST03648,1,336.72,336.72,In-Store,0.0,
2025-09-23,RCPT00004925,ST24,SKU01667,CUST03648,2,161.47,322.94,In-Store,0.0,
2024-02-14,RCPT00004926,ST24,SKU00707,CUST04382,3,56.56,169.68,In-Store,0.0,
2024-01-19,RCPT00004927,ST22,SKU04258,CUST08499,3,47.15,141.45,In-Store,0.0,
2024-11-20,RCPT00004928,ST29,SKU00615,CUST02162,5,620.84,3104.2,Online,0.0,
2024-11-20,RCPT00004928,ST29,SKU03717,CUST02162,2,240.36,480.72,Online,0.0,
2022-01-03,RCPT00004929,ST19,SKU03633,CUST01169,1,118.27,118.27,In-Store,0.0,
2022-01-03,RCPT00004929,ST19,SKU00770,CUST01169,4,994.68,3978.72,In-Store,0.0,
2022-01-03,RCPT00004929,ST19,SKU02044,CUST01169,1,169.73,169.73,In-Store,0.0,
2022-01-03,RCPT00004929,ST19,SKU03119,CUST01169,1,37.56,37.56,In-Store,0.0,
2022-01-03,RCPT00004929,ST19,SKU03119,CUST01169,1,37.56,37.56,In-Store,0.0,
2025-06-28,RCPT00004930,ST21,SKU00369,CUST00427,1,368.93,368.93,Mobile App,0.0,
2024-12-21,RCPT00004931,ST18,SKU03068,CUST02597,3,187.88,563.64,In-Store,0.0,
2022-05-12,RCPT00004932,ST11,SKU02843,CUST01952,2,87.14,174.28,In-Store,0.0,
2023-10-10,RCPT00004933,ST03,SKU00938,CUST02690,3,47.74,143.22,In-Store,0.0,
2022-02-18,RCPT00004934,ST30,SKU04329,CUST09916,1,2452.07,2452.07,In-Store,0.0,
2023-11-24,RCPT00004935,ST30,SKU04321,CUST05406,5,961.3,4806.5,Online,0.0,
2023-11-24,RCPT00004935,ST30,SKU04446,CUST05406,3,142.26,426.78,Online,0.0,
2023-11-24,RCPT00004935,ST30,SKU01056,CUST05406,1,2441.35,2072.71,Online,15.1,PROMO064
2023-11-24,RCPT00004935,ST30,SKU03896,CUST05406,1,380.04,380.04,Online,0.0,
2025-07-05,RCPT00004936,ST28,SKU01120,CUST05848,3,213.08,503.72,In-Store,21.2,PROMO060
2022-12-23,RCPT00004937,ST17,SKU04636,CUST00835,1,633.26,633.26,In-Store,0.0,
2022-12-23,RCPT00004937,ST17,SKU04601,CUST00835,2,346.35,692.7,In-Store,0.0,
2022-12-23,RCPT00004937,ST17,SKU04079,CUST00835,5,226.24,1131.2,In-Store,0.0,
2023-04-21,RCPT00004938,ST20,SKU00628,CUST05803,1,135.8,135.8,In-Store,0.0,
2022-07-10,RCPT00004939,ST30,SKU02879,CUST05509,5,131.72,658.6,Online,0.0,
2022-12-01,RCPT00004940,ST15,SKU00647,CUST05216,2,232.47,464.94,In-Store,0.0,
2023-01-20,RCPT00004941,ST22,SKU00920,CUST08719,1,114.73,114.73,Mobile App,0.0,
2024-05-08,RCPT00004942,ST25,SKU02422,CUST04050,2,377.53,755.06,Online,0.0,
2023-02-08,RCPT00004943,ST10,SKU02187,CUST07417,2,242.07,484.14,Online,0.0,
2023-03-12,RCPT00004944,ST06,SKU02833,CUST09136,2,3924.53,7299.63,In-Store,7.0,PROMO002
2025-12-19,RCPT00004945,ST30,SKU00465,CUST06099,3,1563.0,4689.0,In-Store,0.0,
2025-12-19,RCPT00004945,ST30,SKU01048,CUST06099,1,96.18,96.18,In-Store,0.0,
2025-12-19,RCPT00004945,ST30,SKU03088,CUST06099,1,223.55,223.55,In-Store,0.0,
2025-12-19,RCPT00004945,ST30,SKU03911,CUST06099,3,89.02,267.06,In-Store,0.0,
2024-12-04,RCPT00004946,ST02,SKU04751,CUST09332,1,210.56,210.56,In-Store,0.0,
2025-03-08,RCPT00004947,ST16,SKU01489,CUST03986,3,110.32,330.96,In-Store,0.0,
2025-03-08,RCPT00004947,ST16,SKU00270,CUST03986,1,521.54,521.54,In-Store,0.0,
2025-03-16,RCPT00004948,ST18,SKU04508,CUST03912,3,375.55,1126.65,In-Store,0.0,
2025-03-16,RCPT00004948,ST18,SKU01301,CUST03912,1,478.27,478.27,In-Store,0.0,
2025-03-16,RCPT00004948,ST18,SKU04321,CUST03912,1,961.3,816.14,In-Store,15.1,PROMO067
2025-03-16,RCPT00004948,ST18,SKU02141,CUST03912,1,471.88,471.88,In-Store,0.0,
2025-08-18,RCPT00004949,ST15,SKU04321,CUST07274,1,961.3,961.3,In-Store,0.0,
2025-08-18,RCPT00004949,ST15,SKU03708,CUST07274,3,102.64,307.92,In-Store,0.0,
2025-11-16,RCPT00004950,ST14,SKU03918,CUST05771,4,192.73,770.92,In-Store,0.0,
2025-04-16,RCPT00004951,ST23,SKU01136,CUST00376,2,306.5,613.0,In-Store,0.0,
2025-04-16,RCPT00004951,ST23,SKU00647,CUST00376,2,232.47,464.94,In-Store,0.0,
2025-01-26,RCPT00004952,ST28,SKU01666,CUST09670,2,94.34,188.68,In-Store,0.0,
2022-04-28,RCPT00004953,ST01,SKU02605,CUST00143,1,67.28,67.28,Online,0.0,
2023-07-03,RCPT00004954,ST15,SKU03602,CUST00686,1,1565.25,1565.25,In-Store,0.0,
2023-07-03,RCPT00004954,ST15,SKU00124,CUST00686,3,345.68,1037.04,In-Store,0.0,
2023-07-03,RCPT00004954,ST15,SKU01535,CUST00686,1,296.6,296.6,In-Store,0.0,
2022-12-19,RCPT00004955,ST06,SKU02537,CUST02518,3,161.43,381.62,Mobile App,21.2,PROMO091
2022-12-19,RCPT00004955,ST06,SKU03658,CUST02518,1,202.55,202.55,Mobile App,0.0,
2022-12-19,RCPT00004955,ST06,SKU04453,CUST02518,2,265.58,531.16,Mobile App,0.0,
2023-01-21,RCPT00004956,ST05,SKU04332,CUST06322,3,141.92,425.76,Mobile App,0.0,
2023-01-21,RCPT00004956,ST05,SKU04749,CUST06322,1,1569.69,1569.69,Mobile App,0.0,
2023-01-21,RCPT00004956,ST05,SKU02579,CUST06322,1,573.5,573.5,Mobile App,0.0,
2024-04-24,RCPT00004957,ST23,SKU00146,CUST04253,1,703.46,703.46,In-Store,0.0,
2024-04-24,RCPT00004957,ST23,SKU04321,CUST04253,2,961.3,1922.6,In-Store,0.0,
2024-04-24,RCPT00004957,ST23,SKU03115,CUST04253,3,804.38,2413.14,In-Store,0.0,
2024-04-24,RCPT00004957,ST23,SKU01217,CUST04253,1,184.17,184.17,In-Store,0.0,
2024-08-27,RCPT00004958,ST11,SKU02034,CUST09792,1,751.83,751.83,Online,0.0,
2024-08-27,RCPT00004958,ST11,SKU00259,CUST09792,2,249.48,498.96,Online,0.0,
2022-05-17,RCPT00004959,ST16,SKU03374,CUST06364,1,70.93,70.93,In-Store,0.0,
2022-05-17,RCPT00004959,ST16,SKU04154,CUST06364,1,351.77,351.77,In-Store,0.0,
2022-05-17,RCPT00004959,ST16,SKU01823,CUST06364,1,1248.39,1248.39,In-Store,0.0,
2025-03-02,RCPT00004960,ST03,SKU04154,CUST03552,2,351.77,703.54,In-Store,0.0,
2025-03-02,RCPT00004960,ST03,SKU02731,CUST03552,3,130.96,392.88,In-Store,0.0,
2025-03-02,RCPT00004960,ST03,SKU03628,CUST03552,1,914.74,914.74,In-Store,0.0,
2024-02-13,RCPT00004961,ST25,SKU00938,CUST08540,1,47.74,47.74,Mobile App,0.0,
2024-02-13,RCPT00004961,ST25,SKU00728,CUST08540,3,3555.73,10667.19,Mobile App,0.0,
2023-05-12,RCPT00004962,ST17,SKU00945,CUST02417,1,131.35,131.35,In-Store,0.0,
2023-05-12,RCPT00004962,ST17,SKU02655,CUST02417,5,66.91,334.55,In-Store,0.0,
2022-05-23,RCPT00004963,ST09,SKU01420,CUST08746,1,213.65,213.65,In-Store,0.0,
2023-03-27,RCPT00004964,ST21,SKU01443,CUST05727,2,174.67,349.34,In-Store,0.0,
2023-12-27,RCPT00004965,ST08,SKU00131,CUST00536,1,119.24,83.59,In-Store,29.9,PROMO043
2023-12-27,RCPT00004965,ST08,SKU02973,CUST00536,2,242.96,340.63,In-Store,29.9,PROMO043
2024-05-31,RCPT00004966,ST30,SKU01410,CUST04398,1,1331.17,733.47,Mobile App,44.9,PROMO065
2023-11-24,RCPT00004967,ST08,SKU00286,CUST02659,2,64.45,128.9,In-Store,0.0,
2023-11-24,RCPT00004967,ST08,SKU04166,CUST02659,2,263.67,527.34,In-Store,0.0,
2022-11-26,RCPT00004968,ST07,SKU04604,CUST05378,1,318.32,318.32,Online,0.0,
2022-11-26,RCPT00004968,ST07,SKU04321,CUST05378,1,961.3,961.3,Online,0.0,
2022-11-26,RCPT00004968,ST07,SKU02954,CUST05378,1,603.3,603.3,Online,0.0,
2024-04-20,RCPT00004969,ST04,SKU02034,CUST06863,1,751.83,751.83,Online,0.0,
2024-04-20,RCPT00004969,ST04,SKU00337,CUST06863,2,376.07,752.14,Online,0.0,
2023-08-26,RCPT00004970,ST17,SKU00154,CUST05536,1,2279.38,1989.9,Online,12.7,PROMO010
2025-12-14,RCPT00004971,ST28,SKU01120,CUST08169,1,213.08,213.08,In-Store,0.0,
2025-12-14,RCPT00004971,ST28,SKU03047,CUST08169,1,196.79,196.79,In-Store,0.0,
2025-12-14,RCPT00004971,ST28,SKU02421,CUST08169,3,2671.52,8014.56,In-Store,0.0,
2022-01-07,RCPT00004972,ST19,SKU01018,CUST01918,2,242.43,484.86,In-Store,0.0,
2022-11-14,RCPT00004973,ST17,SKU03667,CUST09887,2,291.82,583.64,Online,0.0,
2022-03-16,RCPT00004974,ST21,SKU01845,CUST07051,1,626.06,626.06,In-Store,0.0,
2022-03-16,RCPT00004974,ST21,SKU04368,CUST07051,1,303.19,178.88,In-Store,41.0,PROMO076
2022-03-16,RCPT00004974,ST21,SKU02648,CUST07051,1,883.45,883.45,In-Store,0.0,
2024-11-06,RCPT00004975,ST05,SKU04321,CUST05776,2,961.3,1922.6,Online,0.0,
2024-04-30,RCPT00004976,ST16,SKU02790,CUST08325,1,70.96,70.96,In-Store,0.0,
2025-01-28,RCPT00004977,ST08,SKU01025,CUST07798,3,119.84,359.52,Online,0.0,
2023-03-13,RCPT00004978,ST09,SKU01164,CUST07542,3,241.81,523.76,Mobile App,27.8,PROMO078
2025-04-29,RCPT00004979,ST18,SKU04321,CUST07627,2,961.3,1922.6,Online,0.0,
2025-04-29,RCPT00004979,ST18,SKU03564,CUST07627,1,105.88,105.88,Online,0.0,
2025-04-29,RCPT00004979,ST18,SKU02412,CUST07627,4,722.57,2890.28,Online,0.0,
2025-04-29,RCPT00004979,ST18,SKU00190,CUST07627,3,145.42,436.26,Online,0.0,
2024-08-24,RCPT00004980,ST22,SKU00954,CUST02022,2,209.16,418.32,In-Store,0.0,
2024-08-24,RCPT00004980,ST22,SKU03215,CUST02022,5,169.43,847.15,In-Store,0.0,
2024-08-24,RCPT00004980,ST22,SKU04365,CUST02022,2,1774.69,3549.38,In-Store,0.0,
2022-09-06,RCPT00004981,ST15,SKU04855,CUST01083,2,1757.08,3197.89,In-Store,9.0,PROMO033
2022-09-06,RCPT00004981,ST15,SKU03727,CUST01083,1,1660.93,1511.45,In-Store,9.0,PROMO033
2022-04-02,RCPT00004982,ST21,SKU04321,CUST03430,1,961.3,961.3,In-Store,0.0,
2022-04-02,RCPT00004982,ST21,SKU04321,CUST03430,1,961.3,961.3,In-Store,0.0,
2025-12-09,RCPT00004983,ST26,SKU04203,CUST03093,3,709.74,2129.22,In-Store,0.0,
2025-12-09,RCPT00004983,ST26,SKU02946,CUST03093,3,2029.87,6089.61,In-Store,0.0,
2025-12-23,RCPT00004984,ST10,SKU03776,CUST04593,2,335.33,670.66,Online,0.0,
2025-12-23,RCPT00004984,ST10,SKU03386,CUST04593,1,290.62,290.62,Online,0.0,
2025-12-23,RCPT00004984,ST10,SKU04321,CUST04593,1,961.3,961.3,Online,0.0,
2025-12-23,RCPT00004984,ST10,SKU01856,CUST04593,1,195.51,195.51,Online,0.0,
2022-08-13,RCPT00004985,ST01,SKU00114,CUST02456,1,169.83,169.83,In-Store,0.0,
2022-07-11,RCPT00004986,ST07,SKU02683,CUST05535,1,371.82,371.82,In-Store,0.0,
2022-07-11,RCPT00004986,ST07,SKU00132,CUST05535,1,459.06,459.06,In-Store,0.0,
2022-07-11,RCPT00004986,ST07,SKU02830,CUST05535,1,150.61,150.61,In-Store,0.0,
2023-10-24,RCPT00004987,ST12,SKU01010,CUST06472,3,439.53,1318.59,Mobile App,0.0,
2022-12-23,RCPT00004988,ST13,SKU01329,CUST08563,2,61.78,97.37,Mobile App,21.2,PROMO091
2025-04-11,RCPT00004989,ST15,SKU02924,CUST08623,1,1530.37,1530.37,Online,0.0,
2025-05-13,RCPT00004990,ST22,SKU02016,CUST08975,1,194.97,194.97,Mobile App,0.0,
2025-05-13,RCPT00004990,ST22,SKU01293,CUST08975,1,228.78,205.44,Mobile App,10.2,PROMO003
2024-07-10,RCPT00004991,ST30,SKU03546,CUST05635,5,496.17,1920.18,Online,22.6,PROMO045
2024-07-10,RCPT00004991,ST30,SKU01555,CUST05635,1,110.36,85.42,Online,22.6,PROMO045
2025-05-11,RCPT00004992,ST24,SKU00927,CUST03825,1,1598.84,1598.84,In-Store,0.0,
2022-01-22,RCPT00004993,ST15,SKU00313,CUST01364,1,878.76,878.76,Mobile App,0.0,
2022-01-22,RCPT00004993,ST15,SKU02079,CUST01364,2,153.65,307.3,Mobile App,0.0,
2024-08-21,RCPT00004994,ST30,SKU03464,CUST09781,1,244.37,244.37,In-Store,0.0,
2023-10-29,RCPT00004995,ST07,SKU04596,CUST05263,1,335.55,335.55,Online,0.0,
2023-10-29,RCPT00004995,ST07,SKU04166,CUST05263,1,263.67,263.67,Online,0.0,
2024-11-01,RCPT00004996,ST03,SKU00264,CUST08103,2,242.74,485.48,In-Store,0.0,
2024-11-01,RCPT00004996,ST03,SKU04245,CUST08103,5,217.78,1088.9,In-Store,0.0,
2024-11-01,RCPT00004996,ST03,SKU03510,CUST08103,1,143.24,143.24,In-Store,0.0,
2024-10-08,RCPT00004997,ST14,SKU02536,CUST05749,3,406.19,889.56,Mobile App,27.0,PROMO094
2025-12-30,RCPT00004998,ST06,SKU02740,CUST05529,2,104.22,208.44,Online,0.0,
2025-12-30,RCPT00004998,ST06,SKU03324,CUST05529,1,1776.24,1776.24,Online,0.0,
2025-12-30,RCPT00004998,ST06,SKU03633,CUST05529,5,118.27,591.35,Online,0.0,
2022-12-31,RCPT00004999,ST04,SKU00221,CUST00692,1,578.16,578.16,Online,0.0,
2025-01-30,RCPT00005000,ST27,SKU04750,CUST07546,4,914.6,3658.4,In-Store,0.0,
2025-01-30,RCPT00005000,ST27,SKU04321,CUST07546,1,961.3,961.3,In-Store,0.0,
2025-06-07,RCPT00005001,ST22,SKU03091,CUST03524,5,90.07,450.35,Mobile App,0.0,
2025-06-07,RCPT00005001,ST22,SKU02088,CUST03524,3,69.31,207.93,Mobile App,0.0,
2023-05-13,RCPT00005002,ST10,SKU03906,CUST08859,3,125.53,376.59,In-Store,0.0,
2023-06-26,RCPT00005003,ST04,SKU03727,CUST01408,3,1660.93,4982.79,Online,0.0,
2024-10-18,RCPT00005004,ST05,SKU04197,CUST03132,3,358.95,1076.85,Online,0.0,
2024-10-18,RCPT00005004,ST05,SKU01295,CUST03132,2,148.61,297.22,Online,0.0,
2024-10-18,RCPT00005004,ST05,SKU01370,CUST03132,1,195.01,195.01,Online,0.0,
2024-10-18,RCPT00005004,ST05,SKU01045,CUST03132,4,451.29,1805.16,Online,0.0,
2024-10-18,RCPT00005004,ST05,SKU04596,CUST03132,3,335.55,1006.65,Online,0.0,
2023-05-31,RCPT00005005,ST08,SKU04411,CUST05592,2,412.29,824.58,Online,0.0,
2024-05-27,RCPT00005006,ST05,SKU00285,CUST00218,4,505.67,2022.68,Mobile App,0.0,
2024-01-22,RCPT00005007,ST23,SKU02482,CUST06134,1,1297.95,672.34,In-Store,48.2,PROMO069
2023-02-21,RCPT00005008,ST22,SKU04321,CUST00618,1,961.3,961.3,In-Store,0.0,
2023-02-21,RCPT00005008,ST22,SKU01251,CUST00618,3,2613.85,7841.55,In-Store,0.0,
2025-08-08,RCPT00005009,ST17,SKU04531,CUST05394,2,105.09,210.18,In-Store,0.0,
2025-10-25,RCPT00005010,ST22,SKU04404,CUST05587,1,240.58,240.58,In-Store,0.0,
2024-09-03,RCPT00005011,ST08,SKU02342,CUST08481,2,143.15,286.3,In-Store,0.0,
2024-09-03,RCPT00005011,ST08,SKU01738,CUST08481,3,676.75,2030.25,In-Store,0.0,
2024-06-18,RCPT00005012,ST18,SKU00190,CUST07825,4,145.42,499.66,Mobile App,14.1,PROMO023
2022-01-29,RCPT00005013,ST07,SKU01248,CUST08034,1,381.79,381.79,In-Store,0.0,
2022-01-29,RCPT00005013,ST07,SKU02680,CUST08034,3,268.34,805.02,In-Store,0.0,
2022-11-19,RCPT00005014,ST07,SKU01127,CUST02191,3,817.54,2452.62,In-Store,0.0,
2022-11-19,RCPT00005014,ST07,SKU03276,CUST02191,1,273.21,273.21,In-Store,0.0,
2023-09-07,RCPT00005015,ST22,SKU03238,CUST06246,5,1110.29,4846.42,In-Store,12.7,PROMO010
2023-09-07,RCPT00005015,ST22,SKU02141,CUST06246,1,471.88,411.95,In-Store,12.7,PROMO010
2025-02-06,RCPT00005016,ST09,SKU03586,CUST06770,2,140.05,280.1,In-Store,0.0,
2025-02-06,RCPT00005016,ST09,SKU01549,CUST06770,3,235.17,705.51,In-Store,0.0,
2025-11-06,RCPT00005017,ST17,SKU01623,CUST04067,2,443.72,887.44,In-Store,0.0,
2022-10-19,RCPT00005018,ST30,SKU04586,CUST06345,3,481.38,1444.14,In-Store,0.0,
2022-08-21,RCPT00005019,ST28,SKU02717,CUST02808,1,188.3,188.3,Online,0.0,
2022-12-10,RCPT00005020,ST06,SKU04857,CUST07143,1,451.19,451.19,Mobile App,0.0,
2022-12-10,RCPT00005020,ST06,SKU04273,CUST07143,1,1786.15,1786.15,Mobile App,0.0,
2022-12-10,RCPT00005020,ST06,SKU03955,CUST07143,3,499.04,1497.12,Mobile App,0.0,
2024-02-05,RCPT00005021,ST30,SKU00996,CUST03185,1,117.61,117.61,In-Store,0.0,
2024-02-05,RCPT00005021,ST30,SKU01638,CUST03185,1,94.61,94.61,In-Store,0.0,
2024-02-05,RCPT00005021,ST30,SKU02951,CUST03185,1,384.02,384.02,In-Store,0.0,
2024-02-05,RCPT00005021,ST30,SKU04474,CUST03185,2,168.07,336.14,In-Store,0.0,
2022-03-05,RCPT00005022,ST24,SKU04547,CUST05868,2,343.88,405.78,Online,41.0,PROMO076
2022-03-05,RCPT00005022,ST24,SKU03256,CUST05868,1,454.99,454.99,Online,0.0,
2022-12-29,RCPT00005023,ST06,SKU03727,CUST02201,2,1660.93,3036.18,Mobile App,8.6,PROMO095
2023-12-10,RCPT00005024,ST27,SKU03922,CUST04990,2,2095.66,4191.32,Online,0.0,
2023-12-10,RCPT00005024,ST27,SKU04432,CUST04990,1,340.8,340.8,Online,0.0,
2023-12-10,RCPT00005024,ST27,SKU02813,CUST04990,3,250.52,751.56,Online,0.0,
2024-03-23,RCPT00005025,ST29,SKU04321,CUST03091,5,961.3,2701.25,Mobile App,43.8,PROMO075
2024-03-23,RCPT00005025,ST29,SKU03977,CUST03091,2,227.8,256.05,Mobile App,43.8,PROMO075
2024-11-05,RCPT00005026,ST22,SKU00002,CUST07755,1,70.38,70.38,Mobile App,0.0,
2025-07-23,RCPT00005027,ST27,SKU01011,CUST03221,3,546.32,1638.96,In-Store,0.0,
2025-07-23,RCPT00005027,ST27,SKU03790,CUST03221,1,745.39,745.39,In-Store,0.0,
2025-07-23,RCPT00005027,ST27,SKU04978,CUST03221,3,230.93,692.79,In-Store,0.0,
2025-07-23,RCPT00005027,ST27,SKU02526,CUST03221,3,698.11,2094.33,In-Store,0.0,
2025-07-23,RCPT00005027,ST27,SKU03933,CUST03221,1,2467.37,2467.37,In-Store,0.0,
2024-06-05,RCPT00005028,ST25,SKU01476,CUST07954,5,259.28,1296.4,Mobile App,0.0,
2023-11-29,RCPT00005029,ST13,SKU01499,CUST06930,1,317.24,317.24,Mobile App,0.0,
2023-11-29,RCPT00005029,ST13,SKU00037,CUST06930,2,109.86,219.72,Mobile App,0.0,
2023-11-29,RCPT00005029,ST13,SKU04321,CUST06930,1,961.3,961.3,Mobile App,0.0,
2024-10-08,RCPT00005030,ST30,SKU04702,CUST08931,1,2187.66,1596.99,Mobile App,27.0,PROMO094
2024-03-29,RCPT00005031,ST20,SKU04350,CUST04265,1,394.93,221.95,Online,43.8,PROMO075
2024-03-29,RCPT00005031,ST20,SKU00953,CUST04265,2,273.99,307.96,Online,43.8,PROMO075
2025-06-09,RCPT00005032,ST09,SKU00519,CUST02921,2,71.95,143.9,Online,0.0,
2023-03-05,RCPT00005033,ST22,SKU02141,CUST04447,2,471.88,943.76,Mobile App,0.0,
2023-07-16,RCPT00005034,ST15,SKU01045,CUST04902,4,451.29,1805.16,Mobile App,0.0,
2023-07-16,RCPT00005034,ST15,SKU00361,CUST04902,3,150.12,450.36,Mobile App,0.0,
2023-07-16,RCPT00005034,ST15,SKU03132,CUST04902,2,1920.29,3840.58,Mobile App,0.0,
2023-07-16,RCPT00005034,ST15,SKU01910,CUST04902,1,303.88,228.52,Mobile App,24.8,PROMO061
2025-01-14,RCPT00005035,ST10,SKU04646,CUST08407,2,82.38,164.76,Online,0.0,
2025-01-20,RCPT00005036,ST02,SKU00077,CUST07448,1,1562.82,1312.77,In-Store,16.0,PROMO035
2025-01-20,RCPT00005036,ST02,SKU04321,CUST07448,1,961.3,961.3,In-Store,0.0,
2025-08-24,RCPT00005037,ST27,SKU03254,CUST00052,3,196.07,588.21,Online,0.0,
2024-01-02,RCPT00005038,ST04,SKU02737,CUST08964,5,315.14,1104.57,In-Store,29.9,PROMO043
2024-01-02,RCPT00005038,ST04,SKU04508,CUST08964,1,375.55,263.26,In-Store,29.9,PROMO043
2025-09-29,RCPT00005039,ST09,SKU04404,CUST00402,3,240.58,721.74,In-Store,0.0,
2025-09-29,RCPT00005039,ST09,SKU01005,CUST00402,3,211.75,635.25,In-Store,0.0,
2022-09-15,RCPT00005040,ST02,SKU01164,CUST03432,2,241.81,483.62,Online,0.0,
2023-05-17,RCPT00005041,ST19,SKU01180,CUST02783,3,450.33,1350.99,Online,0.0,
2023-05-17,RCPT00005041,ST19,SKU00289,CUST02783,3,539.37,1618.11,Online,0.0,
2024-02-06,RCPT00005042,ST30,SKU03535,CUST04873,2,178.62,357.24,In-Store,0.0,
2024-02-06,RCPT00005042,ST30,SKU03208,CUST04873,1,1141.07,1141.07,In-Store,0.0,
2025-10-14,RCPT00005043,ST29,SKU04848,CUST07198,1,472.99,472.99,Mobile App,0.0,
2025-10-14,RCPT00005043,ST29,SKU01442,CUST07198,1,370.49,370.49,Mobile App,0.0,
2025-10-14,RCPT00005043,ST29,SKU03965,CUST07198,1,81.54,81.54,Mobile App,0.0,
2024-10-21,RCPT00005044,ST24,SKU00359,CUST07025,2,210.99,421.98,Online,0.0,
2025-04-09,RCPT00005045,ST30,SKU00285,CUST09426,1,505.67,505.67,In-Store,0.0,
2025-04-09,RCPT00005045,ST30,SKU00388,CUST09426,1,63.62,44.41,In-Store,30.2,PROMO090
2025-07-21,RCPT00005046,ST07,SKU00920,CUST01056,3,114.73,344.19,In-Store,0.0,
2025-07-21,RCPT00005046,ST07,SKU03930,CUST01056,3,1786.19,5358.57,In-Store,0.0,
2025-07-21,RCPT00005046,ST07,SKU01461,CUST01056,2,717.03,1434.06,In-Store,0.0,
2025-07-21,RCPT00005046,ST07,SKU02071,CUST01056,2,179.94,359.88,In-Store,0.0,
2023-03-01,RCPT00005047,ST11,SKU02485,CUST05258,1,227.4,227.4,In-Store,0.0,
2023-03-01,RCPT00005047,ST11,SKU00994,CUST05258,2,602.13,1204.26,In-Store,0.0,
2023-08-28,RCPT00005048,ST28,SKU00381,CUST06074,4,879.76,3072.12,Mobile App,12.7,PROMO010
2025-06-12,RCPT00005049,ST29,SKU03292,CUST02252,1,164.03,164.03,Online,0.0,
2025-06-12,RCPT00005049,ST29,SKU00310,CUST02252,1,77.52,77.52,Online,0.0,
2025-08-16,RCPT00005050,ST20,SKU01775,CUST04397,1,204.15,204.15,In-Store,0.0,
2023-05-13,RCPT00005051,ST27,SKU01332,CUST05629,1,66.62,66.62,In-Store,0.0,
2024-12-25,RCPT00005052,ST28,SKU01420,CUST08596,1,213.65,213.65,Online,0.0,
2024-01-08,RCPT00005053,ST18,SKU02079,CUST03480,1,153.65,153.65,Online,0.0,
2022-04-24,RCPT00005054,ST01,SKU04130,CUST01452,2,710.24,1420.48,Online,0.0,
2022-06-12,RCPT00005055,ST18,SKU03348,CUST04452,2,285.9,327.07,In-Store,42.8,PROMO022
2022-10-09,RCPT00005056,ST09,SKU01363,CUST08719,1,3184.6,3184.6,Online,0.0,
2022-10-09,RCPT00005056,ST09,SKU04989,CUST08719,2,80.54,161.08,Online,0.0,
2022-10-09,RCPT00005056,ST09,SKU04571,CUST08719,1,868.52,868.52,Online,0.0,
2023-12-16,RCPT00005057,ST10,SKU02478,CUST07145,1,74.15,74.15,In-Store,0.0,
2023-12-16,RCPT00005057,ST10,SKU02230,CUST07145,2,978.76,1957.52,In-Store,0.0,
2024-11-06,RCPT00005058,ST30,SKU03292,CUST01415,1,164.03,164.03,Online,0.0,
2024-04-17,RCPT00005059,ST22,SKU02544,CUST03874,2,231.91,232.84,In-Store,49.8,PROMO019
2024-04-17,RCPT00005059,ST22,SKU00942,CUST03874,1,172.9,86.8,In-Store,49.8,PROMO019
2024-04-17,RCPT00005059,ST22,SKU01662,CUST03874,5,495.84,1244.56,In-Store,49.8,PROMO019
2024-04-17,RCPT00005059,ST22,SKU01037,CUST03874,5,178.07,446.96,In-Store,49.8,PROMO019
2022-12-07,RCPT00005060,ST05,SKU02081,CUST00269,1,610.19,493.64,Online,19.1,PROMO086
2022-12-07,RCPT00005060,ST05,SKU04280,CUST00269,2,318.92,637.84,Online,0.0,
2023-12-30,RCPT00005061,ST14,SKU04198,CUST09322,1,122.84,86.11,In-Store,29.9,PROMO043
2023-06-13,RCPT00005062,ST16,SKU02826,CUST04634,4,438.33,1753.32,In-Store,0.0,
2025-10-07,RCPT00005063,ST04,SKU01775,CUST02666,4,204.15,816.6,In-Store,0.0,
2025-10-07,RCPT00005063,ST04,SKU04245,CUST02666,2,217.78,435.56,In-Store,0.0,
2025-07-03,RCPT00005064,ST09,SKU01079,CUST04464,3,125.88,377.64,In-Store,0.0,
2025-10-29,RCPT00005065,ST18,SKU03110,CUST03801,2,304.91,609.82,In-Store,0.0,
2025-10-29,RCPT00005065,ST18,SKU04846,CUST03801,1,118.61,118.61,In-Store,0.0,
2025-10-29,RCPT00005065,ST18,SKU03271,CUST03801,3,587.02,1761.06,In-Store,0.0,
2025-04-29,RCPT00005066,ST09,SKU02022,CUST05106,4,1330.54,5322.16,In-Store,0.0,
2025-02-11,RCPT00005067,ST06,SKU03901,CUST00777,2,110.45,123.04,In-Store,44.3,PROMO041
2024-11-11,RCPT00005068,ST18,SKU00782,CUST04183,2,1731.92,3463.84,Mobile App,0.0,
2022-12-19,RCPT00005069,ST30,SKU00086,CUST08282,1,2786.01,2546.41,Mobile App,8.6,PROMO095
2023-05-27,RCPT00005070,ST21,SKU01967,CUST05430,1,206.98,206.98,In-Store,0.0,
2022-10-02,RCPT00005071,ST20,SKU01200,CUST01749,3,973.91,2921.73,Mobile App,0.0,
2022-10-02,RCPT00005071,ST20,SKU02857,CUST01749,1,527.76,527.76,Mobile App,0.0,
2024-08-05,RCPT00005072,ST01,SKU01393,CUST07178,4,126.23,406.46,In-Store,19.5,PROMO087
2024-08-05,RCPT00005072,ST01,SKU04045,CUST07178,2,615.16,1230.32,In-Store,0.0,
2025-07-14,RCPT00005073,ST20,SKU04377,CUST05990,3,152.67,458.01,In-Store,0.0,
2025-07-14,RCPT00005073,ST20,SKU03907,CUST05990,1,876.73,876.73,In-Store,0.0,
2025-06-09,RCPT00005074,ST06,SKU00678,CUST05093,1,627.15,627.15,Online,0.0,
2025-06-09,RCPT00005074,ST06,SKU00286,CUST05093,2,64.45,128.9,Online,0.0,
2025-04-03,RCPT00005075,ST18,SKU01489,CUST05544,2,110.32,220.64,Online,0.0,
2022-01-20,RCPT00005076,ST21,SKU01751,CUST07932,3,459.81,1379.43,In-Store,0.0,
2024-10-20,RCPT00005077,ST08,SKU04346,CUST07528,2,970.29,1940.58,In-Store,0.0,
2024-10-20,RCPT00005077,ST08,SKU02298,CUST07528,1,759.4,759.4,In-Store,0.0,
2024-10-20,RCPT00005077,ST08,SKU02804,CUST07528,1,361.44,361.44,In-Store,0.0,
2022-01-26,RCPT00005078,ST01,SKU03049,CUST08930,2,267.4,534.8,Online,0.0,
2024-05-28,RCPT00005079,ST08,SKU02050,CUST00940,2,90.73,181.46,Online,0.0,
2025-11-17,RCPT00005080,ST03,SKU02870,CUST04617,1,794.71,794.71,In-Store,0.0,
2022-01-06,RCPT00005081,ST10,SKU02511,CUST03954,1,171.29,171.29,Online,0.0,
2022-01-06,RCPT00005081,ST10,SKU03432,CUST03954,3,2629.94,7889.82,Online,0.0,
2022-01-06,RCPT00005081,ST10,SKU00982,CUST03954,3,1475.54,4426.62,Online,0.0,
2022-01-06,RCPT00005081,ST10,SKU03519,CUST03954,2,140.28,280.56,Online,0.0,
2022-01-06,RCPT00005081,ST10,SKU04895,CUST03954,2,1875.04,3750.08,Online,0.0,
2025-04-30,RCPT00005082,ST29,SKU04731,CUST03003,1,98.95,98.95,Online,0.0,
2025-04-23,RCPT00005083,ST22,SKU00079,CUST04461,1,197.9,197.9,In-Store,0.0,
2025-06-16,RCPT00005084,ST30,SKU03386,CUST03414,3,290.62,871.86,Mobile App,0.0,
2025-06-16,RCPT00005084,ST30,SKU02747,CUST03414,1,561.26,561.26,Mobile App,0.0,
2025-06-16,RCPT00005084,ST30,SKU01926,CUST03414,2,641.51,1283.02,Mobile App,0.0,
2025-04-15,RCPT00005085,ST17,SKU04602,CUST00971,4,100.41,401.64,In-Store,0.0,
2025-07-16,RCPT00005086,ST29,SKU02819,CUST00038,1,1160.88,1160.88,In-Store,0.0,
2025-07-16,RCPT00005086,ST29,SKU02981,CUST00038,1,361.07,361.07,In-Store,0.0,
2025-07-16,RCPT00005086,ST29,SKU01379,CUST00038,1,193.26,193.26,In-Store,0.0,
2023-09-28,RCPT00005087,ST20,SKU03329,CUST01357,4,357.82,1431.28,Online,0.0,
2025-08-04,RCPT00005088,ST21,SKU03276,CUST09283,1,273.21,273.21,Mobile App,0.0,
2025-08-04,RCPT00005088,ST21,SKU04511,CUST09283,2,1370.63,2741.26,Mobile App,0.0,
2025-03-29,RCPT00005089,ST21,SKU03233,CUST09685,1,334.11,334.11,In-Store,0.0,
2022-05-15,RCPT00005090,ST21,SKU03907,CUST08120,1,876.73,876.73,Online,0.0,
2022-05-15,RCPT00005090,ST21,SKU01730,CUST08120,3,100.9,302.7,Online,0.0,
2022-05-15,RCPT00005090,ST21,SKU02068,CUST08120,2,249.89,499.78,Online,0.0,
2022-05-15,RCPT00005090,ST21,SKU03992,CUST08120,1,1113.75,1113.75,Online,0.0,
2025-08-06,RCPT00005091,ST19,SKU04479,CUST09506,2,1328.83,2657.66,Online,0.0,
2025-08-06,RCPT00005091,ST19,SKU02765,CUST09506,2,480.9,497.25,Online,48.3,PROMO032
2022-12-21,RCPT00005092,ST15,SKU04192,CUST06170,2,155.38,310.76,Online,0.0,
2022-12-21,RCPT00005092,ST15,SKU02300,CUST06170,1,95.66,75.38,Online,21.2,PROMO091
2025-02-01,RCPT00005093,ST25,SKU01578,CUST02944,2,540.35,1080.7,In-Store,0.0,
2022-03-24,RCPT00005094,ST03,SKU01371,CUST07523,4,1277.61,5110.44,Mobile App,0.0,
2022-05-05,RCPT00005095,ST29,SKU03133,CUST00186,1,262.89,262.89,Online,0.0,
2022-05-05,RCPT00005095,ST29,SKU00994,CUST00186,2,602.13,1204.26,Online,0.0,
2022-05-05,RCPT00005095,ST29,SKU04738,CUST00186,1,768.39,768.39,Online,0.0,
2022-05-05,RCPT00005095,ST29,SKU04321,CUST00186,3,961.3,2883.9,Online,0.0,
2022-05-05,RCPT00005095,ST29,SKU03820,CUST00186,1,961.05,961.05,Online,0.0,
2022-12-22,RCPT00005096,ST12,SKU02977,CUST06341,1,2254.18,2254.18,In-Store,0.0,
2022-12-22,RCPT00005096,ST12,SKU01197,CUST06341,1,2209.52,2209.52,In-Store,0.0,
2022-12-22,RCPT00005096,ST12,SKU00942,CUST06341,2,172.9,345.8,In-Store,0.0,
2022-12-22,RCPT00005096,ST12,SKU00400,CUST06341,1,1799.17,1644.44,In-Store,8.6,PROMO095
2022-12-22,RCPT00005096,ST12,SKU04321,CUST06341,1,961.3,961.3,In-Store,0.0,
2022-06-28,RCPT00005097,ST24,SKU01357,CUST02411,4,1062.03,4248.12,Online,0.0,
2023-01-02,RCPT00005098,ST19,SKU04162,CUST04926,1,364.89,364.89,Online,0.0,
2023-01-02,RCPT00005098,ST19,SKU04756,CUST04926,1,665.32,665.32,Online,0.0,
2023-11-06,RCPT00005099,ST04,SKU00049,CUST06304,1,584.25,584.25,In-Store,0.0,
2023-11-06,RCPT00005099,ST04,SKU00445,CUST06304,1,87.15,87.15,In-Store,0.0,
2022-09-09,RCPT00005100,ST28,SKU01778,CUST09242,2,125.27,250.54,Mobile App,0.0,
2024-03-11,RCPT00005101,ST06,SKU01420,CUST05578,1,213.65,120.07,In-Store,43.8,PROMO075
2022-09-06,RCPT00005102,ST03,SKU01993,CUST00975,3,142.17,388.12,In-Store,9.0,PROMO033
2022-09-06,RCPT00005102,ST03,SKU04432,CUST00975,2,340.8,620.26,In-Store,9.0,PROMO033
2022-09-06,RCPT00005102,ST03,SKU04789,CUST00975,1,67.08,61.04,In-Store,9.0,PROMO033
2025-09-09,RCPT00005103,ST10,SKU04290,CUST08431,4,199.57,798.28,Mobile App,0.0,
2025-09-09,RCPT00005103,ST10,SKU04569,CUST08431,1,558.84,558.84,Mobile App,0.0,
2024-11-05,RCPT00005104,ST22,SKU04321,CUST00152,1,961.3,961.3,In-Store,0.0,
2024-04-04,RCPT00005105,ST28,SKU00994,CUST05902,1,602.13,302.27,Online,49.8,PROMO019
2022-05-15,RCPT00005106,ST16,SKU00264,CUST03646,1,242.74,242.74,Online,0.0,
2022-03-28,RCPT00005107,ST23,SKU01902,CUST07685,1,65.43,65.43,Online,0.0,
2022-03-28,RCPT00005107,ST23,SKU03878,CUST07685,1,123.56,123.56,Online,0.0,
2023-02-02,RCPT00005108,ST28,SKU00945,CUST03098,4,131.35,525.4,In-Store,0.0,
2023-02-02,RCPT00005108,ST28,SKU04321,CUST03098,3,961.3,2883.9,In-Store,0.0,
2025-08-22,RCPT00005109,ST04,SKU00095,CUST09331,3,696.82,2090.46,In-Store,0.0,
2025-08-22,RCPT00005109,ST04,SKU00539,CUST09331,3,199.63,598.89,In-Store,0.0,
2023-06-23,RCPT00005110,ST11,SKU04358,CUST05543,1,430.16,430.16,In-Store,0.0,
2025-12-15,RCPT00005111,ST05,SKU04996,CUST04091,1,1057.53,1057.53,Online,0.0,
2024-08-11,RCPT00005112,ST21,SKU04317,CUST04748,2,1598.65,3197.3,In-Store,0.0,
2024-08-11,RCPT00005112,ST21,SKU01664,CUST04748,3,436.52,1309.56,In-Store,0.0,
2024-08-11,RCPT00005112,ST21,SKU01297,CUST04748,1,280.29,280.29,In-Store,0.0,
2024-09-15,RCPT00005113,ST29,SKU04646,CUST04814,1,82.38,82.38,Mobile App,0.0,
2024-12-31,RCPT00005114,ST17,SKU04321,CUST06907,5,961.3,4806.5,In-Store,0.0,
2024-12-31,RCPT00005114,ST17,SKU00002,CUST06907,1,70.38,70.38,In-Store,0.0,
2024-12-31,RCPT00005114,ST17,SKU00539,CUST06907,1,199.63,199.63,In-Store,0.0,
2024-12-31,RCPT00005114,ST17,SKU04960,CUST06907,3,156.63,469.89,In-Store,0.0,
2025-09-22,RCPT00005115,ST04,SKU00882,CUST05374,3,72.68,218.04,Mobile App,0.0,
2025-09-22,RCPT00005115,ST04,SKU02954,CUST05374,4,603.3,2413.2,Mobile App,0.0,
2025-09-22,RCPT00005115,ST04,SKU01756,CUST05374,1,147.79,147.79,Mobile App,0.0,
2022-12-19,RCPT00005116,ST07,SKU01274,CUST09659,1,558.36,510.34,Mobile App,8.6,PROMO095
2022-12-19,RCPT00005116,ST07,SKU00031,CUST09659,3,151.46,454.38,Mobile App,0.0,
2024-03-10,RCPT00005117,ST04,SKU03392,CUST02116,1,1170.37,657.75,Mobile App,43.8,PROMO075
2023-06-13,RCPT00005118,ST14,SKU02449,CUST03010,1,137.83,137.83,Online,0.0,
2023-09-20,RCPT00005119,ST21,SKU02087,CUST08325,2,62.98,125.96,Online,0.0,
2025-11-28,RCPT00005120,ST08,SKU03591,CUST02112,5,128.36,641.8,In-Store,0.0,
2025-11-28,RCPT00005120,ST08,SKU03693,CUST02112,3,1381.82,4145.46,In-Store,0.0,
2025-07-28,RCPT00005121,ST30,SKU02544,CUST09181,2,231.91,463.82,Online,0.0,
2025-07-28,RCPT00005121,ST30,SKU03303,CUST09181,5,240.49,1202.45,Online,0.0,
2025-07-28,RCPT00005121,ST30,SKU04196,CUST09181,1,452.19,452.19,Online,0.0,
2025-10-12,RCPT00005122,ST06,SKU03676,CUST06904,1,1392.72,1392.72,Mobile App,0.0,
2025-10-12,RCPT00005122,ST06,SKU02512,CUST06904,1,1609.19,1609.19,Mobile App,0.0,
2022-04-26,RCPT00005123,ST22,SKU00932,CUST08086,3,197.19,591.57,Online,0.0,
2022-04-26,RCPT00005123,ST22,SKU03122,CUST08086,1,263.85,263.85,Online,0.0,
2022-03-04,RCPT00005124,ST13,SKU03356,CUST02372,2,1150.81,2301.62,In-Store,0.0,
2022-03-04,RCPT00005124,ST13,SKU03954,CUST02372,3,378.57,670.07,In-Store,41.0,PROMO076
2023-06-26,RCPT00005125,ST29,SKU04032,CUST01538,2,203.7,407.4,Online,0.0,
2024-10-04,RCPT00005126,ST30,SKU02730,CUST02167,1,247.3,180.53,In-Store,27.0,PROMO094
2024-10-04,RCPT00005126,ST30,SKU03259,CUST02167,5,602.04,2197.45,In-Store,27.0,PROMO094
2025-03-29,RCPT00005127,ST14,SKU01431,CUST05404,2,305.88,611.76,Online,0.0,
2024-06-22,RCPT00005128,ST23,SKU01350,CUST01471,5,1403.21,5430.42,In-Store,22.6,PROMO045
2024-06-22,RCPT00005128,ST23,SKU04467,CUST01471,1,263.78,204.17,In-Store,22.6,PROMO045
2022-06-04,RCPT00005129,ST04,SKU00225,CUST08696,1,1233.58,705.61,Online,42.8,PROMO022
2022-06-04,RCPT00005129,ST04,SKU04596,CUST08696,1,335.55,191.93,Online,42.8,PROMO022
2023-01-25,RCPT00005130,ST05,SKU00865,CUST09596,2,357.37,714.74,In-Store,0.0,
2022-02-08,RCPT00005131,ST22,SKU02178,CUST08526,1,188.27,188.27,Mobile App,0.0,
2022-02-08,RCPT00005131,ST22,SKU00845,CUST08526,1,670.83,670.83,Mobile App,0.0,
2023-11-20,RCPT00005132,ST30,SKU04710,CUST03828,1,1632.84,1632.84,In-Store,0.0,
2024-10-09,RCPT00005133,ST24,SKU03400,CUST03999,1,256.16,256.16,In-Store,0.0,
2024-10-09,RCPT00005133,ST24,SKU04089,CUST03999,3,1597.51,4792.53,In-Store,0.0,
2022-01-06,RCPT00005134,ST24,SKU03461,CUST03710,3,861.75,2585.25,In-Store,0.0,
2022-01-06,RCPT00005134,ST24,SKU02930,CUST03710,2,170.16,340.32,In-Store,0.0,
2023-10-13,RCPT00005135,ST09,SKU01661,CUST03442,4,63.89,255.56,Online,0.0,
2023-10-13,RCPT00005135,ST09,SKU02078,CUST03442,1,161.99,161.99,Online,0.0,
2023-12-31,RCPT00005136,ST19,SKU02508,CUST06385,1,145.13,101.74,Mobile App,29.9,PROMO043
2023-12-31,RCPT00005136,ST19,SKU03528,CUST06385,1,1680.2,1177.82,Mobile App,29.9,PROMO043
2024-11-22,RCPT00005137,ST02,SKU02858,CUST04140,2,90.7,181.4,In-Store,0.0,
2024-11-22,RCPT00005137,ST02,SKU01537,CUST04140,1,499.72,499.72,In-Store,0.0,
2024-11-22,RCPT00005137,ST02,SKU02482,CUST04140,1,1297.95,1297.95,In-Store,0.0,
2025-06-13,RCPT00005138,ST27,SKU00180,CUST01241,5,770.72,3853.6,In-Store,0.0,
2025-06-13,RCPT00005138,ST27,SKU02585,CUST01241,2,322.59,645.18,In-Store,0.0,
2025-06-13,RCPT00005138,ST27,SKU03739,CUST01241,4,140.88,563.52,In-Store,0.0,
2025-06-13,RCPT00005138,ST27,SKU04214,CUST01241,1,34.09,34.09,In-Store,0.0,
2025-04-17,RCPT00005139,ST17,SKU02660,CUST02131,1,81.91,81.91,Online,0.0,
2025-04-17,RCPT00005139,ST17,SKU04596,CUST02131,1,335.55,335.55,Online,0.0,
2024-10-06,RCPT00005140,ST22,SKU03633,CUST04833,1,118.27,86.34,In-Store,27.0,PROMO094
2022-02-12,RCPT00005141,ST25,SKU00920,CUST08887,1,114.73,114.73,In-Store,0.0,
2022-09-26,RCPT00005142,ST30,SKU02191,CUST05233,1,360.08,360.08,In-Store,0.0,
2022-09-26,RCPT00005142,ST30,SKU04456,CUST05233,1,179.5,179.5,In-Store,0.0,
2023-08-21,RCPT00005143,ST02,SKU04872,CUST05058,3,154.36,404.27,Online,12.7,PROMO010
2023-08-21,RCPT00005143,ST02,SKU00605,CUST05058,1,420.44,367.04,Online,12.7,PROMO010
2025-05-07,RCPT00005144,ST20,SKU04321,CUST07036,1,961.3,961.3,In-Store,0.0,
2025-12-07,RCPT00005145,ST28,SKU02632,CUST01242,3,178.45,535.35,In-Store,0.0,
2022-06-03,RCPT00005146,ST11,SKU01453,CUST05698,1,1258.86,720.07,Online,42.8,PROMO022
2022-06-03,RCPT00005146,ST11,SKU01439,CUST05698,4,987.75,2259.97,Online,42.8,PROMO022
2022-06-03,RCPT00005146,ST11,SKU02163,CUST05698,1,791.7,452.85,Online,42.8,PROMO022
2022-01-25,RCPT00005147,ST05,SKU03702,CUST02616,1,473.65,473.65,Online,0.0,
2022-01-25,RCPT00005147,ST05,SKU01999,CUST02616,2,1844.71,3689.42,Online,0.0,
2025-11-29,RCPT00005148,ST19,SKU03589,CUST03081,1,1456.54,1456.54,In-Store,0.0,
2023-06-25,RCPT00005149,ST21,SKU02646,CUST02197,2,561.89,1123.78,In-Store,0.0,
2023-06-25,RCPT00005149,ST21,SKU00134,CUST02197,1,199.86,199.86,In-Store,0.0,
2023-03-03,RCPT00005150,ST01,SKU03213,CUST00263,3,226.59,679.77,In-Store,0.0,
2023-08-30,RCPT00005151,ST06,SKU02258,CUST04232,2,2619.48,4573.61,Online,12.7,PROMO010
2023-08-30,RCPT00005151,ST06,SKU04646,CUST04232,3,82.38,215.75,Online,12.7,PROMO010
2025-09-07,RCPT00005152,ST15,SKU02141,CUST03173,1,471.88,471.88,Online,0.0,
2024-04-25,RCPT00005153,ST20,SKU03840,CUST08574,1,255.12,255.12,Online,0.0,
2024-04-25,RCPT00005153,ST20,SKU00002,CUST08574,1,70.38,70.38,Online,0.0,
2024-04-25,RCPT00005153,ST20,SKU03264,CUST08574,4,225.45,848.59,Online,5.9,PROMO016
2024-04-25,RCPT00005153,ST20,SKU00994,CUST08574,3,602.13,1806.39,Online,0.0,
2024-04-25,RCPT00005153,ST20,SKU04154,CUST08574,1,351.77,351.77,Online,0.0,
2022-10-31,RCPT00005154,ST27,SKU01987,CUST07187,2,1078.02,2156.04,In-Store,0.0,
2022-10-31,RCPT00005154,ST27,SKU03367,CUST07187,1,124.08,124.08,In-Store,0.0,
2025-12-22,RCPT00005155,ST29,SKU03523,CUST03481,1,348.18,348.18,In-Store,0.0,
2025-12-22,RCPT00005155,ST29,SKU02375,CUST03481,2,85.06,170.12,In-Store,0.0,
2025-05-26,RCPT00005156,ST20,SKU01866,CUST06222,2,264.81,529.62,Online,0.0,
2025-05-26,RCPT00005156,ST20,SKU03647,CUST06222,1,1456.54,1456.54,Online,0.0,
2025-05-26,RCPT00005156,ST20,SKU04702,CUST06222,1,2187.66,2187.66,Online,0.0,
2023-04-29,RCPT00005157,ST06,SKU04074,CUST03613,1,340.42,340.42,In-Store,0.0,
2023-09-15,RCPT00005158,ST17,SKU02050,CUST03646,2,90.73,158.41,Online,12.7,PROMO010
2023-09-15,RCPT00005158,ST17,SKU04903,CUST03646,2,237.98,415.51,Online,12.7,PROMO010
2022-12-15,RCPT00005159,ST30,SKU00347,CUST05800,1,154.46,154.46,In-Store,0.0,
2022-12-15,RCPT00005159,ST30,SKU04508,CUST05800,3,375.55,1126.65,In-Store,0.0,
2022-12-15,RCPT00005159,ST30,SKU02283,CUST05800,1,87.82,87.82,In-Store,0.0,
2022-12-15,RCPT00005159,ST30,SKU01315,CUST05800,4,1695.35,6781.4,In-Store,0.0,
2022-12-15,RCPT00005159,ST30,SKU02654,CUST05800,1,215.5,215.5,In-Store,0.0,
2022-07-27,RCPT00005160,ST27,SKU03128,CUST06839,1,58.56,58.56,In-Store,0.0,
2022-07-27,RCPT00005160,ST27,SKU00917,CUST06839,1,182.25,182.25,In-Store,0.0,
2022-07-27,RCPT00005160,ST27,SKU02095,CUST06839,1,463.44,463.44,In-Store,0.0,
2022-07-27,RCPT00005160,ST27,SKU04677,CUST06839,1,167.85,167.85,In-Store,0.0,
2022-10-26,RCPT00005161,ST29,SKU03855,CUST01569,1,683.9,683.9,In-Store,0.0,
2023-05-18,RCPT00005162,ST17,SKU02795,CUST00246,1,2010.34,2010.34,In-Store,0.0,
2023-05-18,RCPT00005162,ST17,SKU02654,CUST00246,3,215.5,646.5,In-Store,0.0,
2023-12-19,RCPT00005163,ST28,SKU02331,CUST02705,4,631.92,2527.68,In-Store,0.0,
2025-04-27,RCPT00005164,ST22,SKU04298,CUST01449,2,120.34,240.68,Online,0.0,
2025-04-27,RCPT00005164,ST22,SKU00264,CUST01449,1,242.74,242.74,Online,0.0,
2022-01-18,RCPT00005165,ST05,SKU02354,CUST01007,1,90.78,90.78,In-Store,0.0,
2022-04-18,RCPT00005166,ST06,SKU00430,CUST09183,3,146.59,439.77,In-Store,0.0,
2022-04-18,RCPT00005166,ST06,SKU03425,CUST09183,3,202.48,607.44,In-Store,0.0,
2022-04-18,RCPT00005166,ST06,SKU00383,CUST09183,5,124.69,623.45,In-Store,0.0,
2025-12-19,RCPT00005167,ST04,SKU00666,CUST08048,3,1825.63,5476.89,Mobile App,0.0,
2022-08-12,RCPT00005168,ST30,SKU04321,CUST02687,3,961.3,2883.9,Online,0.0,
2023-05-18,RCPT00005169,ST27,SKU00112,CUST01328,3,218.89,656.67,Online,0.0,
2024-09-04,RCPT00005170,ST23,SKU04596,CUST06208,1,335.55,335.55,Mobile App,0.0,
2024-09-04,RCPT00005170,ST23,SKU01993,CUST06208,1,142.17,142.17,Mobile App,0.0,
2025-01-12,RCPT00005171,ST03,SKU03655,CUST06668,2,335.52,671.04,In-Store,0.0,
2022-03-26,RCPT00005172,ST07,SKU00986,CUST02976,2,101.6,119.89,In-Store,41.0,PROMO076
2022-03-26,RCPT00005172,ST07,SKU01247,CUST02976,1,828.82,828.82,In-Store,0.0,
2022-03-26,RCPT00005172,ST07,SKU03734,CUST02976,2,441.41,882.82,In-Store,0.0,
2022-08-28,RCPT00005173,ST17,SKU03063,CUST00817,1,363.59,330.87,In-Store,9.0,PROMO033
2022-08-21,RCPT00005174,ST07,SKU02454,CUST00976,3,1057.56,3172.68,In-Store,0.0,
2022-08-21,RCPT00005174,ST07,SKU03031,CUST00976,1,175.91,175.91,In-Store,0.0,
2022-02-19,RCPT00005175,ST09,SKU04037,CUST08964,1,85.42,85.42,In-Store,0.0,
2023-12-22,RCPT00005176,ST10,SKU04155,CUST04075,4,2612.22,10448.88,In-Store,0.0,
2023-12-22,RCPT00005176,ST10,SKU04321,CUST04075,1,961.3,961.3,In-Store,0.0,
2025-09-17,RCPT00005177,ST05,SKU01557,CUST04737,1,93.65,93.65,Mobile App,0.0,
2025-09-17,RCPT00005177,ST05,SKU00942,CUST04737,2,172.9,345.8,Mobile App,0.0,
2022-01-19,RCPT00005178,ST14,SKU02237,CUST05990,1,96.48,96.48,In-Store,0.0,
2022-01-19,RCPT00005178,ST14,SKU04700,CUST05990,5,1503.53,7517.65,In-Store,0.0,
2022-01-19,RCPT00005178,ST14,SKU04061,CUST05990,1,65.6,65.6,In-Store,0.0,
2022-01-19,RCPT00005178,ST14,SKU01274,CUST05990,1,558.36,558.36,In-Store,0.0,
2022-01-19,RCPT00005178,ST14,SKU01334,CUST05990,3,115.01,345.03,In-Store,0.0,
2023-02-09,RCPT00005179,ST22,SKU04596,CUST02204,1,335.55,335.55,Online,0.0,
2023-02-09,RCPT00005179,ST22,SKU04538,CUST02204,1,215.34,215.34,Online,0.0,
2023-02-09,RCPT00005179,ST22,SKU03999,CUST02204,1,494.75,494.75,Online,0.0,
2024-04-03,RCPT00005180,ST28,SKU04321,CUST04975,5,961.3,2412.86,Online,49.8,PROMO019
2022-09-05,RCPT00005181,ST14,SKU04140,CUST06265,1,331.4,301.57,Mobile App,9.0,PROMO033
2022-09-05,RCPT00005181,ST14,SKU04596,CUST06265,1,335.55,305.35,Mobile App,9.0,PROMO033
2025-02-07,RCPT00005182,ST12,SKU04664,CUST07243,1,729.2,406.16,Online,44.3,PROMO041
2025-02-07,RCPT00005182,ST12,SKU02184,CUST07243,1,2231.8,1243.11,Online,44.3,PROMO041
2024-11-13,RCPT00005183,ST03,SKU03108,CUST08504,1,124.21,111.91,Online,9.9,PROMO009
2022-11-26,RCPT00005184,ST14,SKU02827,CUST09817,3,129.22,387.66,Online,0.0,
2024-05-10,RCPT00005185,ST24,SKU02945,CUST03298,4,866.32,2827.67,Online,18.4,PROMO089
2024-05-10,RCPT00005185,ST24,SKU00002,CUST03298,1,70.38,47.3,Online,32.8,PROMO036
2024-05-10,RCPT00005185,ST24,SKU02712,CUST03298,1,168.07,112.94,Online,32.8,PROMO036
2024-05-10,RCPT00005185,ST24,SKU03232,CUST03298,1,2223.84,1494.42,Online,32.8,PROMO036
2023-05-20,RCPT00005186,ST28,SKU03812,CUST01981,5,1167.25,5836.25,Mobile App,0.0,
2023-05-20,RCPT00005186,ST28,SKU00190,CUST01981,3,145.42,436.26,Mobile App,0.0,
2023-05-20,RCPT00005186,ST28,SKU01292,CUST01981,3,601.93,1805.79,Mobile App,0.0,
2023-05-20,RCPT00005186,ST28,SKU00116,CUST01981,2,317.12,634.24,Mobile App,0.0,
2025-05-30,RCPT00005187,ST07,SKU02187,CUST01154,2,242.07,484.14,In-Store,0.0,
2022-03-14,RCPT00005188,ST18,SKU00526,CUST00751,1,2874.88,2874.88,In-Store,0.0,
2023-07-14,RCPT00005189,ST13,SKU01335,CUST02394,1,236.44,236.44,Mobile App,0.0,
2023-07-14,RCPT00005189,ST13,SKU03727,CUST02394,1,1660.93,1660.93,Mobile App,0.0,
2023-07-14,RCPT00005189,ST13,SKU03890,CUST02394,5,659.39,3296.95,Mobile App,0.0,
2023-11-16,RCPT00005190,ST06,SKU03727,CUST04995,2,1660.93,3321.86,In-Store,0.0,
2022-04-30,RCPT00005191,ST14,SKU03199,CUST09905,3,78.08,234.24,In-Store,0.0,
2023-11-21,RCPT00005192,ST16,SKU00008,CUST06846,1,492.11,492.11,In-Store,0.0,
2023-11-21,RCPT00005192,ST16,SKU03762,CUST06846,5,220.73,1103.65,In-Store,0.0,
2025-12-31,RCPT00005193,ST22,SKU01045,CUST00201,1,451.29,451.29,In-Store,0.0,
2024-11-05,RCPT00005194,ST22,SKU02176,CUST01958,1,989.87,799.81,In-Store,19.2,PROMO080
2024-04-06,RCPT00005195,ST13,SKU01051,CUST08483,1,1119.25,561.86,In-Store,49.8,PROMO019
2024-04-06,RCPT00005195,ST13,SKU02058,CUST08483,3,521.75,785.76,In-Store,49.8,PROMO019
2025-02-08,RCPT00005196,ST21,SKU01255,CUST02588,3,182.77,305.41,In-Store,44.3,PROMO041
2025-02-08,RCPT00005196,ST21,SKU03139,CUST02588,3,39.88,66.64,In-Store,44.3,PROMO041
2023-08-27,RCPT00005197,ST03,SKU04294,CUST01344,1,499.57,436.12,In-Store,12.7,PROMO010
2024-06-30,RCPT00005198,ST26,SKU02581,CUST00227,1,200.53,155.21,In-Store,22.6,PROMO045
2024-06-30,RCPT00005198,ST26,SKU03104,CUST00227,3,480.01,1114.58,In-Store,22.6,PROMO045
2023-06-03,RCPT00005199,ST09,SKU04321,CUST05714,2,961.3,1155.48,Online,39.9,PROMO040
2023-06-03,RCPT00005199,ST09,SKU01313,CUST05714,1,438.16,263.33,Online,39.9,PROMO040
2023-06-03,RCPT00005199,ST09,SKU01420,CUST05714,3,213.65,385.21,Online,39.9,PROMO040
2024-10-01,RCPT00005200,ST13,SKU01295,CUST04276,1,148.61,108.49,In-Store,27.0,PROMO094
2023-10-25,RCPT00005201,ST18,SKU04321,CUST05866,1,961.3,961.3,Online,0.0,
2024-01-10,RCPT00005202,ST20,SKU01115,CUST09180,2,124.25,248.5,Online,0.0,
2024-01-10,RCPT00005202,ST20,SKU01902,CUST09180,1,65.43,65.43,Online,0.0,
2024-06-29,RCPT00005203,ST13,SKU04275,CUST03660,1,240.04,185.79,In-Store,22.6,PROMO045
2024-06-29,RCPT00005203,ST13,SKU01526,CUST03660,2,199.18,308.33,In-Store,22.6,PROMO045
2024-06-29,RCPT00005203,ST13,SKU03090,CUST03660,2,140.89,218.1,In-Store,22.6,PROMO045
2022-04-19,RCPT00005204,ST07,SKU02740,CUST01011,1,104.22,104.22,Online,0.0,
2022-04-19,RCPT00005204,ST07,SKU04372,CUST01011,2,1628.24,3256.48,Online,0.0,
2025-07-23,RCPT00005205,ST21,SKU04718,CUST09510,4,148.59,594.36,Online,0.0,
2025-07-23,RCPT00005205,ST21,SKU00286,CUST09510,1,64.45,64.45,Online,0.0,
2025-07-23,RCPT00005205,ST21,SKU04596,CUST09510,1,335.55,335.55,Online,0.0,
2024-11-15,RCPT00005206,ST21,SKU00645,CUST06977,5,292.66,1463.3,Online,0.0,
2024-11-15,RCPT00005206,ST21,SKU01248,CUST06977,2,381.79,763.58,Online,0.0,
